{"type": "FeatureCollection", "features": [{"type": "Feature", "properties": {"name": "City"}, "geometry": {"type": "MultiPolygon", "coordinates": [[[[8.5404076, 47.3660194], [8.5402459, 47.3662355], [8.5402419, 47.3662402], [8.5402506, 47.3662449], [8.5402548, 47.3662474], [8.5402588, 47.36625], [8.5402628, 47.3662527], [8.5402665, 47.3662555], [8.5402702, 47.3662584], [8.5402736, 47.3662614], [8.5402769, 47.3662645], [8.5402801, 47.3662676], [8.5402831, 47.3662708], [8.5402859, 47.3662741], [8.5402886, 47.3662774], [8.5402911, 47.3662808], [8.5402934, 47.3662843], [8.5402955, 47.3662878], [8.5402975, 47.3662913], [8.5402992, 47.3662949], [8.5403008, 47.3662986], [8.5403022, 47.3663023], [8.5403034, 47.366306], [8.5403052, 47.3663135], [8.5403058, 47.3663172], [8.5403063, 47.366321], [8.5403065, 47.3663248], [8.5403066, 47.3663286], [8.5403064, 47.3663324], [8.540306, 47.3663362], [8.5403055, 47.36634], [8.5403048, 47.3663438], [8.5403038, 47.3663475], [8.5403027, 47.3663512], [8.5403014, 47.3663549], [8.5402999, 47.3663586], [8.5402982, 47.3663622], [8.5402963, 47.3663658], [8.5402942, 47.3663693], [8.540292, 47.3663728], [8.5402896, 47.3663762], [8.540287, 47.3663796], [8.5402842, 47.3663829], [8.5401885, 47.3667486], [8.5401913, 47.3667495], [8.5401927, 47.3667499], [8.5401941, 47.3667504], [8.5401955, 47.3667509], [8.5401968, 47.3667515], [8.5401981, 47.3667521], [8.5401993, 47.3667527], [8.5402006, 47.3667533], [8.5402018, 47.366754], [8.5402029, 47.3667547], [8.540204, 47.3667554], [8.5402051, 47.3667562], [8.5402062, 47.366757], [8.5402072, 47.3667578], [8.5402081, 47.3667586], [8.540209, 47.3667595], [8.5402099, 47.3667604], [8.5402107, 47.3667613], [8.5402115, 47.3667622], [8.5402122, 47.3667631], [8.5402129, 47.3667641], [8.5402135, 47.366765], [8.5402141, 47.366766], [8.5402146, 47.366767], [8.5402151, 47.366768], [8.5402155, 47.366769], [8.5402158, 47.3667701], [8.5402162, 47.3667711], [8.5402164, 47.3667721], [8.5402166, 47.3667732], [8.5402167, 47.3667742], [8.5402168, 47.3667753], [8.5402169, 47.3667763], [8.5402168, 47.3667774], [8.5402168, 47.3667785], [8.5402166, 47.3667795], [8.5402165, 47.3667806], [8.5402162, 47.3667816], [8.5402159, 47.3667826], [8.5400847, 47.3671124], [8.5400216, 47.3672649], [8.5399586, 47.3674332], [8.539818, 47.3678089], [8.5397722, 47.3679309], [8.5396481, 47.3682627], [8.5394486, 47.3687964], [8.5393131, 47.3691592], [8.5392696, 47.36926], [8.5391974, 47.3695368], [8.5390334, 47.3699719], [8.5387851, 47.3706332], [8.5386994, 47.3707728], [8.5386057, 47.3710226], [8.5385891, 47.3711587], [8.5385595, 47.371238], [8.5385239, 47.3713327], [8.5384754, 47.3714627], [8.5383859, 47.3717019], [8.5381909, 47.3722266], [8.5381418, 47.3724032], [8.5381258, 47.3728021], [8.5381159, 47.3730489], [8.5381105, 47.3731837], [8.5381056, 47.3733113], [8.5380991, 47.3734701], [8.5380926, 47.3736324], [8.5380878, 47.3737514], [8.5381929, 47.3740058], [8.5382527, 47.3741224], [8.5384654, 47.3745369], [8.5385401, 47.3746826], [8.5386869, 47.3749663], [8.5387508, 47.3750899], [8.5388242, 47.3752325], [8.5389088, 47.3753981], [8.5390796, 47.3757356], [8.5391323, 47.3758339], [8.5392116, 47.3759882], [8.5392776, 47.3761168], [8.539289, 47.3761155], [8.5394217, 47.3763978], [8.5394736, 47.3764997], [8.5395258, 47.3766015], [8.539683, 47.3769071], [8.5399789, 47.3768267], [8.540241, 47.3767555], [8.5404171, 47.3767077], [8.5404613, 47.3766957], [8.5406545, 47.3766598], [8.5406944, 47.3767275], [8.5407807, 47.3768736], [8.5410948, 47.3768572], [8.541405, 47.3768411], [8.5414439, 47.376716], [8.5414848, 47.3765843], [8.5415477, 47.3763822], [8.5416051, 47.3761973], [8.5420585, 47.376252], [8.5419644, 47.3765576], [8.5419693, 47.3767786], [8.5423401, 47.3767753], [8.5423269, 47.3768439], [8.5423064, 47.3769263], [8.5423029, 47.3769392], [8.5422641, 47.3770808], [8.5422545, 47.3771165], [8.5422298, 47.3772081], [8.5422287, 47.3772124], [8.5421023, 47.377242], [8.5421064, 47.3774117], [8.5421069, 47.3775113], [8.5421042, 47.3775611], [8.5420929, 47.3776604], [8.5420844, 47.3777098], [8.5420617, 47.3778083], [8.5420473, 47.3778571], [8.5420127, 47.377954], [8.5419925, 47.3780019], [8.5419547, 47.378078], [8.5419355, 47.3781159], [8.5418968, 47.3781916], [8.5418772, 47.3782294], [8.5418588, 47.3782641], [8.5418139, 47.3783486], [8.5418151, 47.3783723], [8.541655, 47.3787587], [8.5415837, 47.3789501], [8.541579, 47.3789494], [8.5414938, 47.3791765], [8.5414918, 47.3791807], [8.5414906, 47.3791828], [8.5414893, 47.3791848], [8.5414879, 47.3791867], [8.5414863, 47.3791887], [8.541483, 47.3791924], [8.5414812, 47.3791942], [8.5414792, 47.3791959], [8.5414772, 47.3791976], [8.541475, 47.3791992], [8.5414824, 47.3792051], [8.5414692, 47.3792375], [8.5414624, 47.3792537], [8.5414447, 47.3792943], [8.5414355, 47.3793146], [8.5414164, 47.3793549], [8.5414068, 47.379375], [8.5413844, 47.3794211], [8.541373, 47.3794442], [8.5416618, 47.3796482], [8.5404853, 47.381276], [8.5399952, 47.3819542], [8.5395054, 47.3824699], [8.5392481, 47.3827408], [8.5388478, 47.3829698], [8.5384685, 47.3826641], [8.5385604, 47.3824976], [8.5386024, 47.3824214], [8.5386238, 47.3824266], [8.5387715, 47.3820824], [8.5387498, 47.3820783], [8.538769, 47.3820317], [8.5387889, 47.3820354], [8.538835, 47.3819277], [8.5388714, 47.3818181], [8.5389323, 47.381597], [8.5389779, 47.381374], [8.5390043, 47.3811498], [8.5390145, 47.3809251], [8.5390113, 47.3807907], [8.5390092, 47.3807008], [8.5389845, 47.3804757], [8.538939, 47.380253], [8.5388755, 47.3800324], [8.5388013, 47.3798134], [8.5387919, 47.3797932], [8.5387205, 47.3796398], [8.5386683, 47.3796565], [8.5384547, 47.3792907], [8.5384124, 47.3792181], [8.5383208, 47.3790608], [8.5378479, 47.3782535], [8.5377525, 47.3781], [8.5376509, 47.3779485], [8.5376198, 47.377905], [8.5375439, 47.3777985], [8.5375499, 47.3777969], [8.5375472, 47.3777921], [8.5375487, 47.3777919], [8.5375231, 47.3777591], [8.537509, 47.3777432], [8.537479, 47.3777123], [8.5374629, 47.3776974], [8.537099, 47.3773729], [8.5369688, 47.3772582], [8.5366782, 47.3770003], [8.5358993, 47.3764606], [8.5358818, 47.3764482], [8.5358911, 47.376442], [8.5357799, 47.3763553], [8.535742, 47.3763793], [8.535599, 47.3762753], [8.53539, 47.3761238], [8.5354483, 47.3760947], [8.5354409, 47.3760901], [8.5348384, 47.3757144], [8.5347142, 47.3756344], [8.5345645, 47.3755089], [8.5344257, 47.3753776], [8.5341296, 47.3750811], [8.5340916, 47.3750387], [8.5340656, 47.3750502], [8.5340266, 47.3750082], [8.5340533, 47.3749972], [8.5340284, 47.3749706], [8.5334829, 47.3744126], [8.5334235, 47.3744363], [8.5330846, 47.3740532], [8.5329933, 47.3739442], [8.5329772, 47.3739258], [8.5329552, 47.373936], [8.5328834, 47.3738299], [8.5328146, 47.3737229], [8.5325603, 47.3733182], [8.5325583, 47.3733188], [8.5325283, 47.3732709], [8.5325011, 47.3732297], [8.5324181, 47.3731011], [8.5324368, 47.3730963], [8.532332, 47.3729379], [8.5322797, 47.3728588], [8.532077, 47.372552], [8.5320097, 47.3724442], [8.5318046, 47.3721317], [8.5317265, 47.3720128], [8.5315998, 47.3718198], [8.5313249, 47.3714002], [8.5311762, 47.3711581], [8.5311562, 47.3711634], [8.5310282, 47.3709563], [8.5310486, 47.3709506], [8.5310047, 47.3708808], [8.5310816, 47.3708482], [8.5309827, 47.3707177], [8.5308781, 47.3705896], [8.530768, 47.3704636], [8.5306533, 47.3703398], [8.5305382, 47.370223], [8.5304085, 47.3700993], [8.5302782, 47.3699822], [8.5301439, 47.3698684], [8.5300045, 47.3697563], [8.5298602, 47.3696473], [8.5297115, 47.3695414], [8.5295588, 47.3694381], [8.5292054, 47.3692066], [8.5299884, 47.3685668], [8.5302871, 47.368322], [8.5303644, 47.3682588], [8.5304095, 47.3682924], [8.5304779, 47.3683355], [8.5305509, 47.3683745], [8.5306292, 47.3684072], [8.5306923, 47.3684301], [8.5308953, 47.368503], [8.5310881, 47.3685759], [8.5311815, 47.3686113], [8.5313833, 47.3686877], [8.5316745, 47.3687979], [8.5320299, 47.3689323], [8.5320605, 47.3689438], [8.5322512, 47.3690159], [8.5324643, 47.3690964], [8.532639, 47.36912], [8.5330883, 47.3692887], [8.5335699, 47.3694699], [8.5335718, 47.3694674], [8.5336418, 47.3694937], [8.5336851, 47.3694506], [8.5336879, 47.369452], [8.5337752, 47.3693652], [8.5339918, 47.3693976], [8.5340291, 47.3694032], [8.5343132, 47.3694456], [8.5347002, 47.369511], [8.534775, 47.3695237], [8.5350941, 47.3690252], [8.5350992, 47.3690176], [8.5351047, 47.3690101], [8.5351107, 47.3690028], [8.535117, 47.3689956], [8.5351237, 47.3689886], [8.5351308, 47.3689818], [8.5351383, 47.3689751], [8.5351461, 47.3689687], [8.5351543, 47.3689624], [8.5351628, 47.3689564], [8.5351717, 47.3689506], [8.5351808, 47.368945], [8.5352, 47.3689345], [8.53521, 47.3689296], [8.5352203, 47.368925], [8.5352308, 47.3689206], [8.5352415, 47.3689166], [8.5352525, 47.3689127], [8.5352637, 47.3689092], [8.535275, 47.368906], [8.5352866, 47.368903], [8.5352982, 47.3689003], [8.5353101, 47.368898], [8.535322, 47.3688959], [8.535334, 47.3688941], [8.5353584, 47.3688915], [8.5359911, 47.3688397], [8.5366253, 47.3687879], [8.536761, 47.3687728], [8.5368895, 47.3687461], [8.5370141, 47.3687116], [8.537131, 47.3686668], [8.5372308, 47.3686447], [8.5373233, 47.3685783], [8.5373458, 47.3685603], [8.5373672, 47.3685346], [8.5375754, 47.3683033], [8.5375457, 47.3682914], [8.5383401, 47.3674253], [8.5387224, 47.3669964], [8.538727, 47.3669914], [8.5389219, 47.3667776], [8.5391156, 47.3665651], [8.5392164, 47.3664575], [8.5393111, 47.3663505], [8.5395052, 47.3661361], [8.5395368, 47.3660949], [8.5395632, 47.3660542], [8.5396031, 47.3659885], [8.539616, 47.3659938], [8.5396439, 47.3659655], [8.5396484, 47.3659673], [8.5396745, 47.3659527], [8.5398347, 47.3657753], [8.5398569, 47.3657495], [8.5399864, 47.3658076], [8.5400707, 47.3658499], [8.5400878, 47.3658586], [8.5401259, 47.3658779], [8.5404076, 47.3660194]]]]}}, {"type": "Feature", "properties": {"name": "Hochschulen"}, "geometry": {"type": "MultiPolygon", "coordinates": [[[[8.5423755, 47.3764807], [8.5423657, 47.3766022], [8.5423583, 47.3766629], [8.5423481, 47.3767303], [8.5423423, 47.376764], [8.5423401, 47.3767753], [8.5423269, 47.3768439], [8.5423064, 47.3769263], [8.5423029, 47.3769392], [8.5422641, 47.3770808], [8.5422545, 47.3771165], [8.5422298, 47.3772081], [8.5422287, 47.3772124], [8.5421023, 47.377242], [8.5421064, 47.3774117], [8.5421069, 47.3775113], [8.5421042, 47.3775611], [8.5420929, 47.3776604], [8.5420844, 47.3777098], [8.5420617, 47.3778083], [8.5420473, 47.3778571], [8.5420127, 47.377954], [8.5419925, 47.3780019], [8.5419547, 47.378078], [8.5419355, 47.3781159], [8.5418968, 47.3781916], [8.5418772, 47.3782294], [8.5418588, 47.3782641], [8.5418139, 47.3783486], [8.5418151, 47.3783723], [8.541655, 47.3787587], [8.5415837, 47.3789501], [8.541579, 47.3789494], [8.5414938, 47.3791765], [8.5414918, 47.3791807], [8.5414906, 47.3791828], [8.5414893, 47.3791848], [8.5414879, 47.3791867], [8.5414863, 47.3791887], [8.541483, 47.3791924], [8.5414812, 47.3791942], [8.5414792, 47.3791959], [8.5414772, 47.3791976], [8.541475, 47.3791992], [8.5414824, 47.3792051], [8.5414692, 47.3792375], [8.5414624, 47.3792537], [8.5414447, 47.3792943], [8.5414355, 47.3793146], [8.5414164, 47.3793549], [8.5414068, 47.379375], [8.5413844, 47.3794211], [8.541373, 47.3794442], [8.5416618, 47.3796482], [8.5419408, 47.3797159], [8.5419463, 47.3797173], [8.5421282, 47.3797611], [8.542165, 47.37977], [8.542415, 47.3798305], [8.5426788, 47.3798592], [8.5429602, 47.3799277], [8.5430112, 47.3798267], [8.5430457, 47.379749], [8.5431844, 47.3794231], [8.5433229, 47.3790974], [8.543364, 47.3789909], [8.5433976, 47.3788834], [8.5434284, 47.378749], [8.5436424, 47.3788857], [8.5438665, 47.378902], [8.5439598, 47.3789022], [8.5440344, 47.3789055], [8.5441545, 47.3789104], [8.5441693, 47.3789133], [8.5441815, 47.3789197], [8.5444178, 47.3790157], [8.5444848, 47.3790429], [8.5447434, 47.3791493], [8.5449966, 47.3792456], [8.5450144, 47.3792219], [8.5450234, 47.3792136], [8.5452968, 47.3790277], [8.5453175, 47.3790341], [8.5453757, 47.3789436], [8.5454069, 47.378895], [8.5454318, 47.3788575], [8.5454909, 47.3787679], [8.545512, 47.3787362], [8.5455872, 47.3786204], [8.5456574, 47.3785122], [8.5456842, 47.378471], [8.5457623, 47.3783507], [8.5459028, 47.3781344], [8.5459107, 47.3781222], [8.5459189, 47.3781095], [8.5461102, 47.377813], [8.5465358, 47.3771542], [8.5465401, 47.3771483], [8.5465447, 47.3771425], [8.5465497, 47.3771368], [8.546555, 47.3771312], [8.5465606, 47.3771258], [8.5465665, 47.3771205], [8.5465791, 47.3771104], [8.5465859, 47.3771056], [8.5465929, 47.377101], [8.5466002, 47.3770965], [8.5466077, 47.3770923], [8.5466155, 47.3770882], [8.5466235, 47.3770844], [8.54664, 47.3770773], [8.5466492, 47.3770708], [8.5466748, 47.3770627], [8.5466882, 47.3770622], [8.5471556, 47.3771604], [8.5471597, 47.3771624], [8.5471637, 47.3771646], [8.5471713, 47.3771693], [8.5471748, 47.3771718], [8.5471782, 47.3771744], [8.5471845, 47.3771799], [8.5471744, 47.377202], [8.5473557, 47.3772401], [8.5480913, 47.3773944], [8.5481424, 47.3773673], [8.5484916, 47.3774407], [8.5486525, 47.3770898], [8.5487462, 47.3768668], [8.5487453, 47.3768647], [8.5487444, 47.3768627], [8.5487437, 47.3768606], [8.548743, 47.3768585], [8.5487425, 47.3768564], [8.5487421, 47.3768542], [8.5487417, 47.3768521], [8.5487415, 47.37685], [8.5487414, 47.3768478], [8.5487415, 47.3768457], [8.5487416, 47.3768435], [8.5487418, 47.3768414], [8.5487422, 47.3768392], [8.5487426, 47.3768371], [8.5487432, 47.376835], [8.5487439, 47.3768329], [8.5487456, 47.3768288], [8.548974, 47.376329], [8.5491285, 47.3759914], [8.5492603, 47.3757562], [8.5492845, 47.3757629], [8.5492982, 47.3757352], [8.5492759, 47.3757287], [8.5493102, 47.3756668], [8.5493118, 47.3756641], [8.5493136, 47.3756615], [8.5493155, 47.3756589], [8.5493198, 47.3756538], [8.5493222, 47.3756514], [8.5493248, 47.375649], [8.5493275, 47.3756467], [8.5493333, 47.3756423], [8.5494436, 47.3755623], [8.5494354, 47.3755569], [8.5494302, 47.3755534], [8.5494252, 47.3755498], [8.5494204, 47.375546], [8.5494158, 47.3755421], [8.5494114, 47.3755382], [8.5494072, 47.3755341], [8.5494033, 47.3755299], [8.5493995, 47.3755256], [8.5493961, 47.3755212], [8.5493928, 47.3755168], [8.5493898, 47.3755122], [8.5493846, 47.3755029], [8.5493823, 47.3754982], [8.5493804, 47.3754934], [8.5493786, 47.3754886], [8.5493772, 47.3754838], [8.549376, 47.3754789], [8.5493751, 47.375474], [8.5493744, 47.375469], [8.549374, 47.3754641], [8.5493739, 47.3754591], [8.549374, 47.3754542], [8.5493744, 47.3754492], [8.5493761, 47.3754394], [8.5493789, 47.3754272], [8.5493849, 47.3754028], [8.5493931, 47.3753725], [8.5494118, 47.3753122], [8.5494265, 47.3752702], [8.5494605, 47.3751871], [8.5495271, 47.3750387], [8.5498845, 47.3742573], [8.5499364, 47.3741409], [8.5499624, 47.3740821], [8.5500118, 47.3739639], [8.5500352, 47.3739046], [8.5500793, 47.3737856], [8.5501757, 47.3735155], [8.5502156, 47.3734113], [8.5502934, 47.3732192], [8.5504863, 47.3727915], [8.5506447, 47.3725187], [8.5507256, 47.3723409], [8.5507324, 47.3723253], [8.5507444, 47.3722938], [8.5507524, 47.3722687], [8.550759, 47.3722435], [8.5507684, 47.3721925], [8.5507709, 47.3721673], [8.5507722, 47.3721421], [8.5507722, 47.3721168], [8.5507709, 47.3720916], [8.5507643, 47.3720413], [8.5507522, 47.3720055], [8.5507389, 47.3719767], [8.5507215, 47.3719475], [8.5506998, 47.3719196], [8.5506169, 47.3718326], [8.5504246, 47.371633], [8.5502786, 47.3714784], [8.5502336, 47.3714351], [8.5502285, 47.3714303], [8.550071, 47.3712633], [8.5499211, 47.3711044], [8.5499978, 47.3710711], [8.5497352, 47.3707942], [8.5495826, 47.3706335], [8.5493468, 47.3704144], [8.5493423, 47.3704102], [8.5493208, 47.370405], [8.5493128, 47.370403], [8.5492293, 47.3703145], [8.5492261, 47.3703112], [8.5490308, 47.3701044], [8.5489788, 47.3700486], [8.5489317, 47.3700008], [8.5491293, 47.369843], [8.5491856, 47.369799], [8.5494432, 47.369591], [8.5494443, 47.3695902], [8.5496525, 47.3694215], [8.549728, 47.3693609], [8.5500659, 47.3690878], [8.550054, 47.3690813], [8.5501197, 47.3690282], [8.5501675, 47.3689896], [8.5501789, 47.3689959], [8.550199, 47.3689795], [8.5501878, 47.3689732], [8.5502184, 47.3689485], [8.5502294, 47.3689546], [8.5502446, 47.3689424], [8.5503636, 47.3688457], [8.550394, 47.3688211], [8.5504777, 47.3687536], [8.5508003, 47.3684915], [8.5503851, 47.368189], [8.5500446, 47.3679399], [8.5497782, 47.367746], [8.5499326, 47.3676163], [8.5500785, 47.3674938], [8.5502631, 47.3673387], [8.5504552, 47.3671774], [8.5504254, 47.3671597], [8.5503835, 47.3671327], [8.5501464, 47.3669805], [8.5498807, 47.3668096], [8.549723, 47.3667096], [8.5495211, 47.3665795], [8.5494357, 47.3665936], [8.5492241, 47.3666925], [8.5491567, 47.3666248], [8.5490827, 47.3665505], [8.5489181, 47.3663811], [8.5489043, 47.3663675], [8.5489022, 47.3663682], [8.5488315, 47.3662962], [8.5488324, 47.3662928], [8.5488535, 47.3662118], [8.5488541, 47.3660366], [8.5488386, 47.3660215], [8.5486166, 47.3658052], [8.5486156, 47.3658057], [8.5486093, 47.3657995], [8.5484331, 47.3656273], [8.5484217, 47.365617], [8.5484046, 47.3656019], [8.5482688, 47.3654695], [8.5482361, 47.3654375], [8.5481785, 47.3653808], [8.548036, 47.3652425], [8.547802, 47.365013], [8.5476064, 47.3648232], [8.5474132, 47.3646357], [8.5474124, 47.364635], [8.5474112, 47.3646355], [8.5473544, 47.3645802], [8.546948, 47.3644236], [8.5468557, 47.3643985], [8.5466252, 47.3643359], [8.5463423, 47.364259], [8.5461763, 47.3642146], [8.5461103, 47.3642159], [8.5458463, 47.3642211], [8.545808, 47.3642106], [8.5454026, 47.3641], [8.5421275, 47.3632061], [8.5403204, 47.3651577], [8.5399398, 47.3655688], [8.5398332, 47.3657], [8.5398315, 47.3657023], [8.5398307, 47.3657035], [8.53983, 47.3657048], [8.5398294, 47.365706], [8.5398288, 47.3657073], [8.5398283, 47.3657085], [8.5398278, 47.3657098], [8.5398275, 47.3657111], [8.5398272, 47.3657124], [8.5398269, 47.3657137], [8.5398268, 47.3657151], [8.5398267, 47.3657164], [8.5398267, 47.3657177], [8.5398267, 47.365719], [8.5398268, 47.3657203], [8.539827, 47.3657216], [8.5398273, 47.3657229], [8.5398276, 47.3657242], [8.539828, 47.3657255], [8.5398291, 47.365728], [8.5398298, 47.3657293], [8.5398305, 47.3657305], [8.5398313, 47.3657317], [8.5398321, 47.3657329], [8.539833, 47.365734], [8.539834, 47.3657352], [8.539835, 47.3657363], [8.5398361, 47.3657373], [8.5398372, 47.3657384], [8.5398384, 47.3657394], [8.5398397, 47.3657404], [8.539841, 47.3657414], [8.5398423, 47.3657423], [8.5398438, 47.3657432], [8.5398452, 47.3657441], [8.5398467, 47.3657449], [8.5398482, 47.3657457], [8.5398498, 47.3657464], [8.5398569, 47.3657495], [8.5399864, 47.3658076], [8.5400707, 47.3658499], [8.5400878, 47.3658586], [8.5401259, 47.3658779], [8.5404076, 47.3660194], [8.5404353, 47.3659439], [8.5406091, 47.3659728], [8.5408745, 47.3660255], [8.540874, 47.3660272], [8.5409881, 47.366047], [8.5409996, 47.3660391], [8.5410056, 47.3660353], [8.5410119, 47.3660317], [8.5410183, 47.3660283], [8.5410249, 47.366025], [8.5410317, 47.3660219], [8.5410387, 47.3660189], [8.5410458, 47.3660161], [8.541053, 47.3660135], [8.5410604, 47.3660111], [8.5410679, 47.3660088], [8.5410755, 47.3660068], [8.5410832, 47.3660049], [8.541091, 47.3660032], [8.5410989, 47.3660017], [8.5411069, 47.3660004], [8.5411149, 47.3659993], [8.541123, 47.3659984], [8.5411311, 47.3659977], [8.5411393, 47.3659971], [8.5411474, 47.3659968], [8.5411556, 47.3659967], [8.5411638, 47.3659968], [8.541172, 47.3659971], [8.5411802, 47.3659976], [8.5411883, 47.3659982], [8.5411964, 47.3659991], [8.5412045, 47.3660002], [8.5412124, 47.3660015], [8.5412282, 47.3660046], [8.5412359, 47.3660064], [8.5412435, 47.3660084], [8.5412511, 47.3660107], [8.5412584, 47.366013], [8.5412657, 47.3660156], [8.5412728, 47.3660184], [8.5412798, 47.3660213], [8.5412866, 47.3660244], [8.5412933, 47.3660276], [8.5412998, 47.3660311], [8.541306, 47.3660346], [8.5413121, 47.3660383], [8.541318, 47.3660422], [8.5413237, 47.3660462], [8.5413292, 47.3660504], [8.5413344, 47.3660546], [8.5413395, 47.366059], [8.5413443, 47.3660636], [8.5413488, 47.3660682], [8.5413531, 47.3660729], [8.5413571, 47.3660778], [8.5413609, 47.3660827], [8.5413644, 47.3660877], [8.5413677, 47.3660928], [8.5413707, 47.366098], [8.5413734, 47.3661033], [8.5413758, 47.3661086], [8.541378, 47.366114], [8.5414941, 47.3661335], [8.5414949, 47.3661319], [8.5418094, 47.3661889], [8.5417641, 47.3662704], [8.5421161, 47.3663294], [8.5421173, 47.3663262], [8.5422319, 47.3663471], [8.5422082, 47.3664063], [8.542205, 47.366415], [8.5422038, 47.3664194], [8.5422028, 47.3664239], [8.5422021, 47.3664284], [8.5422016, 47.3664328], [8.5422013, 47.3664373], [8.5422012, 47.3664418], [8.5422018, 47.3664509], [8.5422025, 47.3664554], [8.5422034, 47.3664599], [8.5422045, 47.3664643], [8.5422059, 47.3664688], [8.5422075, 47.3664731], [8.5422093, 47.3664775], [8.5422156, 47.3664915], [8.5422194, 47.3664984], [8.5422235, 47.3665052], [8.542228, 47.3665119], [8.5422328, 47.3665185], [8.542238, 47.3665249], [8.5422436, 47.3665313], [8.5422495, 47.3665374], [8.5422557, 47.3665434], [8.5422692, 47.366555], [8.5422764, 47.3665605], [8.5422839, 47.3665659], [8.5422917, 47.366571], [8.5422998, 47.366576], [8.5423081, 47.3665807], [8.5423167, 47.3665853], [8.5423255, 47.3665896], [8.5423346, 47.3665936], [8.5423664, 47.366578], [8.5424157, 47.3666125], [8.5436051, 47.3668133], [8.5439777, 47.3668762], [8.5439647, 47.3669112], [8.5439639, 47.3669111], [8.5439635, 47.3669111], [8.5439631, 47.366911], [8.5439627, 47.366911], [8.5439623, 47.366911], [8.5439619, 47.366911], [8.5439615, 47.366911], [8.5439611, 47.366911], [8.5439606, 47.366911], [8.5439602, 47.366911], [8.5439598, 47.3669111], [8.5439594, 47.3669111], [8.543959, 47.3669112], [8.5439586, 47.3669112], [8.5439583, 47.3669113], [8.5439579, 47.3669114], [8.5439575, 47.3669115], [8.5439571, 47.3669116], [8.5439567, 47.3669117], [8.5439564, 47.3669118], [8.5439557, 47.3669121], [8.5439553, 47.3669123], [8.543955, 47.3669124], [8.5439546, 47.3669126], [8.5439543, 47.3669128], [8.543954, 47.3669129], [8.5439537, 47.3669131], [8.5439534, 47.3669133], [8.5439531, 47.3669135], [8.5439529, 47.3669137], [8.5439526, 47.3669139], [8.5439524, 47.3669142], [8.5439521, 47.3669144], [8.5439519, 47.3669146], [8.5439517, 47.3669149], [8.5439515, 47.3669151], [8.5439513, 47.3669153], [8.5439511, 47.3669156], [8.543951, 47.3669159], [8.5439508, 47.3669161], [8.5438763, 47.3671168], [8.5438762, 47.3671174], [8.5438762, 47.3671177], [8.5438762, 47.367118], [8.5438762, 47.3671183], [8.5438762, 47.3671186], [8.5438762, 47.3671189], [8.5438763, 47.3671192], [8.5438763, 47.3671195], [8.5438764, 47.3671198], [8.5438765, 47.3671201], [8.5438766, 47.3671204], [8.5438767, 47.3671207], [8.5438769, 47.367121], [8.543877, 47.3671213], [8.5438772, 47.3671215], [8.5438774, 47.3671218], [8.5438776, 47.3671221], [8.5438778, 47.3671223], [8.543878, 47.3671226], [8.5438785, 47.3671231], [8.5438787, 47.3671233], [8.543879, 47.3671236], [8.5438793, 47.3671238], [8.5438796, 47.367124], [8.5438799, 47.3671242], [8.5438802, 47.3671244], [8.5438806, 47.3671246], [8.5438809, 47.3671248], [8.5438813, 47.367125], [8.5438816, 47.3671252], [8.543882, 47.3671253], [8.5438824, 47.3671255], [8.5438828, 47.3671256], [8.5438832, 47.3671258], [8.5438836, 47.3671259], [8.543884, 47.367126], [8.5438844, 47.3671261], [8.5438848, 47.3671262], [8.5438717, 47.3671615], [8.5439228, 47.3671948], [8.5439539, 47.367178], [8.5439699, 47.3671857], [8.5439776, 47.3671898], [8.543985, 47.3671941], [8.5439922, 47.3671986], [8.5439992, 47.3672033], [8.5440059, 47.3672081], [8.5440123, 47.3672131], [8.5440185, 47.3672182], [8.5440244, 47.3672235], [8.54403, 47.367229], [8.5440353, 47.3672346], [8.5440403, 47.3672403], [8.544045, 47.3672461], [8.5440493, 47.3672521], [8.5440534, 47.3672581], [8.5440571, 47.3672643], [8.5440604, 47.3672705], [8.5445171, 47.3673611], [8.5448834, 47.3674788], [8.5448796, 47.3674841], [8.5448835, 47.3674838], [8.5448854, 47.3674838], [8.5448874, 47.3674838], [8.5448893, 47.3674838], [8.5448913, 47.3674839], [8.5448932, 47.3674841], [8.5448951, 47.3674843], [8.544897, 47.3674845], [8.5448989, 47.3674848], [8.5449008, 47.3674851], [8.5449027, 47.3674855], [8.5449045, 47.3674859], [8.5449063, 47.3674863], [8.5449081, 47.3674868], [8.5449099, 47.3674874], [8.5449117, 47.367488], [8.5449134, 47.3674886], [8.544915, 47.3674893], [8.5449167, 47.36749], [8.5449183, 47.3674907], [8.5449199, 47.3674915], [8.5449214, 47.3674923], [8.5449228, 47.3674932], [8.5449243, 47.3674941], [8.5449257, 47.367495], [8.544927, 47.367496], [8.5449283, 47.367497], [8.5449295, 47.367498], [8.5449307, 47.3674991], [8.5449318, 47.3675001], [8.5449329, 47.3675012], [8.5449339, 47.3675024], [8.5449348, 47.3675035], [8.5449357, 47.3675047], [8.5449365, 47.3675059], [8.5449373, 47.3675071], [8.544938, 47.3675084], [8.5449386, 47.3675096], [8.5449392, 47.3675109], [8.5449397, 47.3675121], [8.5452906, 47.3676415], [8.545407, 47.3676925], [8.5455141, 47.3677334], [8.5456039, 47.3677793], [8.5458928, 47.3679062], [8.5460163, 47.3679602], [8.5461706, 47.3680339], [8.5467026, 47.3682679], [8.5468846, 47.3683531], [8.5470566, 47.3684357], [8.5471607, 47.3685047], [8.5472252, 47.3685578], [8.5472895, 47.3686108], [8.5473921, 47.3687074], [8.5475826, 47.3689079], [8.5476856, 47.3690165], [8.5477876, 47.3691245], [8.547832, 47.3691713], [8.5478383, 47.3692723], [8.5477983, 47.3693229], [8.5477003, 47.3694468], [8.5476925, 47.3694441], [8.5476901, 47.3694456], [8.5476879, 47.3694473], [8.5476862, 47.3694493], [8.5476849, 47.3694513], [8.547684, 47.3694535], [8.5476836, 47.3694557], [8.5476911, 47.3694584], [8.5475816, 47.3695959], [8.5473966, 47.36983], [8.5472984, 47.3699543], [8.5471196, 47.3701719], [8.5469043, 47.370506], [8.5469009, 47.3705101], [8.5468955, 47.3705144], [8.5468889, 47.3705178], [8.5468815, 47.3705203], [8.5468734, 47.3705216], [8.5468651, 47.3705217], [8.5468569, 47.3705207], [8.5468492, 47.3705185], [8.5468423, 47.3705153], [8.5468365, 47.3705111], [8.5468322, 47.3705062], [8.5468295, 47.3705008], [8.5468285, 47.3704952], [8.5468293, 47.3704895], [8.546745, 47.3704666], [8.5466461, 47.3706523], [8.5466179, 47.3706613], [8.5464266, 47.3707209], [8.54639, 47.3707812], [8.5464332, 47.3708249], [8.5465035, 47.3708863], [8.5465317, 47.3709124], [8.5465834, 47.3709658], [8.5465694, 47.3709713], [8.5466133, 47.3710402], [8.5466333, 47.3710904], [8.5468148, 47.371089], [8.5469661, 47.371264], [8.5470013, 47.3713024], [8.5472885, 47.3715934], [8.5472736, 47.3719571], [8.5472451, 47.3721487], [8.5471333, 47.3724691], [8.5470191, 47.372791], [8.5471317, 47.3728105], [8.547082, 47.3729584], [8.5470225, 47.3730764], [8.5469634, 47.3731864], [8.5467946, 47.3734104], [8.5463787, 47.373901], [8.5463347, 47.3739542], [8.5463179, 47.3739744], [8.5461878, 47.3741265], [8.5461076, 47.374236], [8.5458341, 47.3745553], [8.5457251, 47.3746987], [8.5456506, 47.3748151], [8.5455751, 47.3749322], [8.5455669, 47.3749293], [8.545499, 47.375051], [8.5454372, 47.375149], [8.5452416, 47.3754595], [8.5451779, 47.3755615], [8.5451121, 47.3756592], [8.5450735, 47.375715], [8.5449638, 47.3758862], [8.5449296, 47.3759396], [8.5448599, 47.3760474], [8.5448263, 47.3761077], [8.5446771, 47.3763472], [8.5444328, 47.3766412], [8.5440717, 47.37664], [8.5440617, 47.3764066], [8.5440574, 47.3764067], [8.5440577, 47.3763965], [8.5440576, 47.3763837], [8.5439844, 47.376379], [8.543375, 47.3763956], [8.5423755, 47.3764807]]]]}}, {"type": "Feature", "properties": {"name": "Lindenhof"}, "geometry": {"type": "MultiPolygon", "coordinates": [[[[8.5404076, 47.3660194], [8.5404353, 47.3659439], [8.5406091, 47.3659728], [8.5408745, 47.3660255], [8.540874, 47.3660272], [8.5409881, 47.366047], [8.5409996, 47.3660391], [8.5410056, 47.3660353], [8.5410119, 47.3660317], [8.5410183, 47.3660283], [8.5410249, 47.366025], [8.5410317, 47.3660219], [8.5410387, 47.3660189], [8.5410458, 47.3660161], [8.541053, 47.3660135], [8.5410604, 47.3660111], [8.5410679, 47.3660088], [8.5410755, 47.3660068], [8.5410832, 47.3660049], [8.541091, 47.3660032], [8.5410989, 47.3660017], [8.5411069, 47.3660004], [8.5411149, 47.3659993], [8.541123, 47.3659984], [8.5411311, 47.3659977], [8.5411393, 47.3659971], [8.5411474, 47.3659968], [8.5411556, 47.3659967], [8.5411638, 47.3659968], [8.541172, 47.3659971], [8.5411802, 47.3659976], [8.5411883, 47.3659982], [8.5411964, 47.3659991], [8.5412045, 47.3660002], [8.5412124, 47.3660015], [8.5412282, 47.3660046], [8.5412359, 47.3660064], [8.5412435, 47.3660084], [8.5412511, 47.3660107], [8.5412584, 47.366013], [8.5412657, 47.3660156], [8.5412728, 47.3660184], [8.5412798, 47.3660213], [8.5412866, 47.3660244], [8.5412933, 47.3660276], [8.5412998, 47.3660311], [8.541306, 47.3660346], [8.5413121, 47.3660383], [8.541318, 47.3660422], [8.5413237, 47.3660462], [8.5413292, 47.3660504], [8.5413344, 47.3660546], [8.5413395, 47.366059], [8.5413443, 47.3660636], [8.5413488, 47.3660682], [8.5413531, 47.3660729], [8.5413571, 47.3660778], [8.5413609, 47.3660827], [8.5413644, 47.3660877], [8.5413677, 47.3660928], [8.5413707, 47.366098], [8.5413734, 47.3661033], [8.5413758, 47.3661086], [8.541378, 47.366114], [8.5414941, 47.3661335], [8.5414949, 47.3661319], [8.5418094, 47.3661889], [8.5417641, 47.3662704], [8.5421161, 47.3663294], [8.5421173, 47.3663262], [8.5422319, 47.3663471], [8.5422082, 47.3664063], [8.542205, 47.366415], [8.5422038, 47.3664194], [8.5422028, 47.3664239], [8.5422021, 47.3664284], [8.5422016, 47.3664328], [8.5422013, 47.3664373], [8.5422012, 47.3664418], [8.5422018, 47.3664509], [8.5422025, 47.3664554], [8.5422034, 47.3664599], [8.5422045, 47.3664643], [8.5422059, 47.3664688], [8.5422075, 47.3664731], [8.5422093, 47.3664775], [8.5422156, 47.3664915], [8.5422194, 47.3664984], [8.5422235, 47.3665052], [8.542228, 47.3665119], [8.5422328, 47.3665185], [8.542238, 47.3665249], [8.5422436, 47.3665313], [8.5422495, 47.3665374], [8.5422557, 47.3665434], [8.5422692, 47.366555], [8.5422764, 47.3665605], [8.5422839, 47.3665659], [8.5422917, 47.366571], [8.5422998, 47.366576], [8.5423081, 47.3665807], [8.5423167, 47.3665853], [8.5423255, 47.3665896], [8.5423346, 47.3665936], [8.5423664, 47.366578], [8.5424157, 47.3666125], [8.5424058, 47.3666444], [8.5424065, 47.3666444], [8.5424069, 47.3666444], [8.5424073, 47.3666445], [8.5424076, 47.3666445], [8.542408, 47.3666446], [8.5424083, 47.3666447], [8.5424087, 47.3666448], [8.5424091, 47.3666449], [8.5424094, 47.366645], [8.5424097, 47.3666451], [8.5424101, 47.3666452], [8.5424104, 47.3666453], [8.5424107, 47.3666454], [8.542411, 47.3666456], [8.5424114, 47.3666457], [8.5424117, 47.3666459], [8.5424119, 47.366646], [8.5424122, 47.3666462], [8.5424125, 47.3666464], [8.5424128, 47.3666466], [8.542413, 47.3666468], [8.5424133, 47.3666469], [8.5424135, 47.3666472], [8.5424139, 47.3666476], [8.5424141, 47.3666478], [8.5424143, 47.366648], [8.5424145, 47.3666482], [8.5424147, 47.3666485], [8.5424148, 47.3666487], [8.5424149, 47.3666489], [8.5424151, 47.3666492], [8.5424152, 47.3666494], [8.5424153, 47.3666497], [8.5424154, 47.3666499], [8.5424155, 47.3666502], [8.5424155, 47.3666504], [8.5424156, 47.3666507], [8.5424156, 47.3666509], [8.5424156, 47.3666512], [8.5424156, 47.3666514], [8.5424156, 47.3666517], [8.5424156, 47.366652], [8.5424156, 47.3666522], [8.5424155, 47.3666525], [8.5424154, 47.3666527], [8.5424154, 47.366653], [8.5424153, 47.3666532], [8.5424113, 47.3666637], [8.5423387, 47.3668533], [8.5423385, 47.3668537], [8.5423384, 47.366854], [8.5423383, 47.3668542], [8.5423382, 47.3668544], [8.542338, 47.3668546], [8.5423379, 47.3668549], [8.5423377, 47.3668551], [8.5423375, 47.3668553], [8.5423373, 47.3668555], [8.5423371, 47.3668557], [8.5423369, 47.3668559], [8.5423367, 47.3668561], [8.5423365, 47.3668563], [8.5423363, 47.3668565], [8.542336, 47.3668566], [8.5423358, 47.3668568], [8.5423355, 47.366857], [8.5423352, 47.3668571], [8.542335, 47.3668573], [8.5423347, 47.3668574], [8.5423344, 47.3668576], [8.5423341, 47.3668577], [8.5423338, 47.3668578], [8.5423331, 47.3668581], [8.5423328, 47.3668582], [8.5423324, 47.3668583], [8.5423321, 47.3668584], [8.5423317, 47.3668584], [8.5423314, 47.3668585], [8.542331, 47.3668586], [8.5423307, 47.3668586], [8.5423303, 47.3668587], [8.5423299, 47.3668587], [8.5423296, 47.3668587], [8.5423292, 47.3668587], [8.5423288, 47.3668587], [8.5423285, 47.3668587], [8.5423281, 47.3668587], [8.5423277, 47.3668587], [8.5423274, 47.3668587], [8.542327, 47.3668586], [8.5423266, 47.3668586], [8.5423263, 47.3668585], [8.5423259, 47.3668585], [8.5423256, 47.3668584], [8.5423252, 47.3668583], [8.5423124, 47.366889], [8.5422557, 47.3669028], [8.5422398, 47.3668799], [8.5422192, 47.3668815], [8.5422047, 47.3668829], [8.542193, 47.3668849], [8.5421814, 47.3668871], [8.5421699, 47.3668896], [8.5421586, 47.3668925], [8.5421474, 47.3668955], [8.5421364, 47.3668989], [8.5421256, 47.3669025], [8.542115, 47.3669064], [8.5421046, 47.3669106], [8.5420945, 47.366915], [8.5420845, 47.3669197], [8.5420749, 47.3669246], [8.5420655, 47.3669298], [8.5420564, 47.3669351], [8.5420391, 47.3669465], [8.542031, 47.3669525], [8.5420231, 47.3669588], [8.5420156, 47.3669652], [8.5420085, 47.3669717], [8.5420017, 47.3669785], [8.5419953, 47.3669854], [8.5419892, 47.3669925], [8.5419836, 47.3669997], [8.5419783, 47.3670071], [8.5419734, 47.3670146], [8.541969, 47.3670222], [8.5419649, 47.3670299], [8.5419613, 47.3670377], [8.5419581, 47.3670456], [8.5418636, 47.3673001], [8.5418561, 47.3673251], [8.5418536, 47.3673378], [8.5418511, 47.3673633], [8.5418511, 47.3673761], [8.5418515, 47.3673846], [8.5418816, 47.3673839], [8.5418892, 47.3675023], [8.5418615, 47.3675028], [8.5418714, 47.3676311], [8.5418806, 47.3678025], [8.5418818, 47.3678025], [8.5418823, 47.3678026], [8.5418829, 47.3678027], [8.5418834, 47.3678028], [8.541884, 47.3678029], [8.5418845, 47.367803], [8.541885, 47.3678031], [8.5418855, 47.3678032], [8.5418861, 47.3678034], [8.5418866, 47.3678036], [8.5418871, 47.3678037], [8.5418875, 47.3678039], [8.541888, 47.3678041], [8.5418885, 47.3678043], [8.5418889, 47.3678046], [8.5418894, 47.3678048], [8.5418898, 47.367805], [8.5418902, 47.3678053], [8.5418906, 47.3678056], [8.541891, 47.3678058], [8.5418917, 47.3678064], [8.5418921, 47.3678067], [8.5418924, 47.367807], [8.5418927, 47.3678073], [8.541893, 47.3678076], [8.5418933, 47.3678079], [8.5418935, 47.3678083], [8.5418938, 47.3678086], [8.541894, 47.367809], [8.5418942, 47.3678093], [8.5418944, 47.3678097], [8.5418945, 47.36781], [8.5418947, 47.3678104], [8.5418948, 47.3678107], [8.5418949, 47.3678111], [8.541895, 47.3678115], [8.5418951, 47.3678119], [8.5418952, 47.3678122], [8.5418952, 47.3678126], [8.5418952, 47.367813], [8.5418989, 47.3678445], [8.5418941, 47.3678508], [8.5418838, 47.3678509], [8.5419216, 47.3684096], [8.5419589, 47.3689704], [8.5419591, 47.3689724], [8.5419593, 47.3689734], [8.5419596, 47.3689745], [8.5419599, 47.3689755], [8.5419603, 47.3689765], [8.5419607, 47.3689775], [8.5419612, 47.3689785], [8.5419617, 47.3689794], [8.5419623, 47.3689804], [8.541963, 47.3689813], [8.5419636, 47.3689823], [8.5419644, 47.3689832], [8.5419652, 47.3689841], [8.541966, 47.3689849], [8.5419669, 47.3689858], [8.5419678, 47.3689866], [8.5419687, 47.3689874], [8.5419697, 47.3689882], [8.5419719, 47.3689897], [8.541973, 47.3689904], [8.5419742, 47.3689911], [8.5419754, 47.3689917], [8.5419766, 47.3689923], [8.5419778, 47.3689929], [8.5419791, 47.3689935], [8.5419804, 47.368994], [8.5419818, 47.3689945], [8.5419832, 47.3689949], [8.5419846, 47.3689953], [8.541986, 47.3689957], [8.5419874, 47.3689961], [8.5419889, 47.3689964], [8.5419903, 47.3689967], [8.5419918, 47.3689969], [8.5419933, 47.3689971], [8.5419948, 47.3689973], [8.5420013, 47.3690871], [8.5420157, 47.3692881], [8.5420128, 47.3692887], [8.5420114, 47.3692891], [8.5420101, 47.3692895], [8.5420087, 47.3692899], [8.5420074, 47.3692904], [8.5420061, 47.3692908], [8.5420048, 47.3692914], [8.5420036, 47.3692919], [8.5420024, 47.3692925], [8.5420012, 47.3692931], [8.5420001, 47.3692937], [8.5419989, 47.3692944], [8.5419979, 47.3692951], [8.5419968, 47.3692958], [8.5419958, 47.3692966], [8.5419948, 47.3692973], [8.5419939, 47.3692981], [8.541993, 47.3692989], [8.5419914, 47.3693006], [8.5419906, 47.3693015], [8.5419899, 47.3693024], [8.5419893, 47.3693033], [8.5419886, 47.3693042], [8.5419881, 47.3693051], [8.5419876, 47.3693061], [8.5419871, 47.369307], [8.5419867, 47.369308], [8.5419863, 47.369309], [8.541986, 47.36931], [8.5419857, 47.369311], [8.5419855, 47.369312], [8.5419854, 47.369313], [8.5419853, 47.369314], [8.5419852, 47.369315], [8.5419852, 47.369316], [8.5419853, 47.369317], [8.5419893, 47.3693637], [8.5420635, 47.3697982], [8.5420721, 47.3697975], [8.5420761, 47.3698226], [8.5420791, 47.3698479], [8.5420791, 47.3698485], [8.5420792, 47.3698487], [8.5420793, 47.369849], [8.5420794, 47.3698493], [8.5420795, 47.3698495], [8.5420796, 47.3698498], [8.5420798, 47.36985], [8.5420799, 47.3698503], [8.5420801, 47.3698505], [8.5420803, 47.3698508], [8.5420805, 47.369851], [8.5420807, 47.3698513], [8.5420809, 47.3698515], [8.5420811, 47.3698517], [8.5420813, 47.3698519], [8.5420816, 47.3698521], [8.5420818, 47.3698523], [8.5420821, 47.3698525], [8.5420827, 47.369853], [8.5420831, 47.3698532], [8.5420834, 47.3698534], [8.5420838, 47.3698535], [8.5420841, 47.3698537], [8.5420845, 47.3698539], [8.5420849, 47.369854], [8.5420853, 47.3698542], [8.5420653, 47.3699455], [8.5419111, 47.3699295], [8.5419103, 47.3699294], [8.5419099, 47.3699293], [8.5419095, 47.3699293], [8.541909, 47.3699293], [8.5419086, 47.3699293], [8.5419082, 47.3699294], [8.5419078, 47.3699294], [8.5419074, 47.3699294], [8.5419069, 47.3699295], [8.5419065, 47.3699295], [8.5419061, 47.3699296], [8.5419057, 47.3699297], [8.5419053, 47.3699298], [8.5419049, 47.3699299], [8.5419045, 47.36993], [8.5419041, 47.3699301], [8.5419038, 47.3699302], [8.5419034, 47.3699303], [8.541903, 47.3699305], [8.5419027, 47.3699306], [8.5419023, 47.3699308], [8.541902, 47.369931], [8.5419014, 47.3699313], [8.5419011, 47.3699315], [8.5419008, 47.3699317], [8.5419005, 47.3699319], [8.5419002, 47.3699321], [8.5419, 47.3699323], [8.5418997, 47.3699325], [8.5418995, 47.3699328], [8.5418992, 47.369933], [8.541899, 47.3699332], [8.5418988, 47.3699335], [8.5418986, 47.3699337], [8.5418985, 47.369934], [8.5418983, 47.3699342], [8.5418981, 47.3699345], [8.541898, 47.3699348], [8.5418979, 47.369935], [8.5418978, 47.3699353], [8.5418977, 47.3699356], [8.5418976, 47.3699358], [8.5418975, 47.3699361], [8.5418975, 47.3699364], [8.5419239, 47.3703625], [8.541918, 47.3705004], [8.5418959, 47.3710179], [8.5418917, 47.3713053], [8.5418881, 47.3714696], [8.5418908, 47.3715091], [8.5418923, 47.3715369], [8.5418824, 47.3715966], [8.5418821, 47.3715984], [8.5418808, 47.3716064], [8.5418598, 47.3716044], [8.5418301, 47.3717367], [8.5418226, 47.3717712], [8.541853, 47.3717748], [8.5418437, 47.3718294], [8.5418393, 47.3721462], [8.5418167, 47.3721528], [8.5418201, 47.3721793], [8.5417939, 47.3721804], [8.5417983, 47.3722349], [8.5418059, 47.3723013], [8.5418208, 47.3724047], [8.5418227, 47.3724513], [8.5418383, 47.3725913], [8.5418075, 47.3725911], [8.5418065, 47.3726192], [8.5418202, 47.3726195], [8.5417977, 47.3728074], [8.5418248, 47.3728076], [8.5418264, 47.3730102], [8.5418244, 47.373146], [8.5418326, 47.3731839], [8.5418465, 47.3732559], [8.541861, 47.3733337], [8.5418684, 47.373376], [8.5419013, 47.3734598], [8.5419272, 47.3735284], [8.5419461, 47.3735874], [8.5419556, 47.3736263], [8.5419732, 47.3737158], [8.5419757, 47.3738271], [8.5418919, 47.3738926], [8.5418772, 47.3739456], [8.5418241, 47.3740626], [8.5418619, 47.3740702], [8.5418433, 47.3741206], [8.5418271, 47.3741318], [8.5418196, 47.374145], [8.5417996, 47.3742296], [8.5417978, 47.3742655], [8.541842, 47.3742628], [8.5418893, 47.3746314], [8.5419363, 47.3749122], [8.5419828, 47.3751928], [8.5420151, 47.3753859], [8.5420214, 47.3753855], [8.5421434, 47.3754476], [8.542157, 47.3754651], [8.5421337, 47.3754734], [8.5422384, 47.3756077], [8.5422773, 47.375681], [8.5423281, 47.3759067], [8.5423294, 47.3759122], [8.5423436, 47.3759799], [8.5423497, 47.3760139], [8.54236, 47.3760818], [8.5423641, 47.3761158], [8.5423746, 47.3762373], [8.5423773, 47.3762982], [8.5423777, 47.3764199], [8.5423755, 47.3764807], [8.5423657, 47.3766022], [8.5423583, 47.3766629], [8.5423481, 47.3767303], [8.5423423, 47.376764], [8.5423401, 47.3767753], [8.5419693, 47.3767786], [8.5419644, 47.3765576], [8.5420585, 47.376252], [8.5416051, 47.3761973], [8.5415477, 47.3763822], [8.5414848, 47.3765843], [8.5414439, 47.376716], [8.541405, 47.3768411], [8.5410948, 47.3768572], [8.5407807, 47.3768736], [8.5406944, 47.3767275], [8.5406545, 47.3766598], [8.5404613, 47.3766957], [8.5404171, 47.3767077], [8.540241, 47.3767555], [8.5399789, 47.3768267], [8.539683, 47.3769071], [8.5395258, 47.3766015], [8.5394736, 47.3764997], [8.5394217, 47.3763978], [8.539289, 47.3761155], [8.5392776, 47.3761168], [8.5392116, 47.3759882], [8.5391323, 47.3758339], [8.5390796, 47.3757356], [8.5389088, 47.3753981], [8.5388242, 47.3752325], [8.5387508, 47.3750899], [8.5386869, 47.3749663], [8.5385401, 47.3746826], [8.5384654, 47.3745369], [8.5382527, 47.3741224], [8.5381929, 47.3740058], [8.5380878, 47.3737514], [8.5380926, 47.3736324], [8.5380991, 47.3734701], [8.5381056, 47.3733113], [8.5381105, 47.3731837], [8.5381159, 47.3730489], [8.5381258, 47.3728021], [8.5381418, 47.3724032], [8.5381909, 47.3722266], [8.5383859, 47.3717019], [8.5384754, 47.3714627], [8.5385239, 47.3713327], [8.5385595, 47.371238], [8.5385891, 47.3711587], [8.5386057, 47.3710226], [8.5386994, 47.3707728], [8.5387851, 47.3706332], [8.5390334, 47.3699719], [8.5391974, 47.3695368], [8.5392696, 47.36926], [8.5393131, 47.3691592], [8.5394486, 47.3687964], [8.5396481, 47.3682627], [8.5397722, 47.3679309], [8.539818, 47.3678089], [8.5399586, 47.3674332], [8.5400216, 47.3672649], [8.5400847, 47.3671124], [8.5402159, 47.3667826], [8.5402162, 47.3667816], [8.5402165, 47.3667806], [8.5402166, 47.3667795], [8.5402168, 47.3667785], [8.5402168, 47.3667774], [8.5402169, 47.3667763], [8.5402168, 47.3667753], [8.5402167, 47.3667742], [8.5402166, 47.3667732], [8.5402164, 47.3667721], [8.5402162, 47.3667711], [8.5402158, 47.3667701], [8.5402155, 47.366769], [8.5402151, 47.366768], [8.5402146, 47.366767], [8.5402141, 47.366766], [8.5402135, 47.366765], [8.5402129, 47.3667641], [8.5402122, 47.3667631], [8.5402115, 47.3667622], [8.5402107, 47.3667613], [8.5402099, 47.3667604], [8.540209, 47.3667595], [8.5402081, 47.3667586], [8.5402072, 47.3667578], [8.5402062, 47.366757], [8.5402051, 47.3667562], [8.540204, 47.3667554], [8.5402029, 47.3667547], [8.5402018, 47.366754], [8.5402006, 47.3667533], [8.5401993, 47.3667527], [8.5401981, 47.3667521], [8.5401968, 47.3667515], [8.5401955, 47.3667509], [8.5401941, 47.3667504], [8.5401927, 47.3667499], [8.5401913, 47.3667495], [8.5401885, 47.3667486], [8.5402842, 47.3663829], [8.540287, 47.3663796], [8.5402896, 47.3663762], [8.540292, 47.3663728], [8.5402942, 47.3663693], [8.5402963, 47.3663658], [8.5402982, 47.3663622], [8.5402999, 47.3663586], [8.5403014, 47.3663549], [8.5403027, 47.3663512], [8.5403038, 47.3663475], [8.5403048, 47.3663438], [8.5403055, 47.36634], [8.540306, 47.3663362], [8.5403064, 47.3663324], [8.5403066, 47.3663286], [8.5403065, 47.3663248], [8.5403063, 47.366321], [8.5403058, 47.3663172], [8.5403052, 47.3663135], [8.5403034, 47.366306], [8.5403022, 47.3663023], [8.5403008, 47.3662986], [8.5402992, 47.3662949], [8.5402975, 47.3662913], [8.5402955, 47.3662878], [8.5402934, 47.3662843], [8.5402911, 47.3662808], [8.5402886, 47.3662774], [8.5402859, 47.3662741], [8.5402831, 47.3662708], [8.5402801, 47.3662676], [8.5402769, 47.3662645], [8.5402736, 47.3662614], [8.5402702, 47.3662584], [8.5402665, 47.3662555], [8.5402628, 47.3662527], [8.5402588, 47.36625], [8.5402548, 47.3662474], [8.5402506, 47.3662449], [8.5402419, 47.3662402], [8.5402459, 47.3662355], [8.5404076, 47.3660194]]]]}}, {"type": "Feature", "properties": {"name": "Rathaus"}, "geometry": {"type": "MultiPolygon", "coordinates": [[[[8.5424157, 47.3666125], [8.5436051, 47.3668133], [8.5439777, 47.3668762], [8.5439647, 47.3669112], [8.5439639, 47.3669111], [8.5439635, 47.3669111], [8.5439631, 47.366911], [8.5439627, 47.366911], [8.5439623, 47.366911], [8.5439619, 47.366911], [8.5439615, 47.366911], [8.5439611, 47.366911], [8.5439606, 47.366911], [8.5439602, 47.366911], [8.5439598, 47.3669111], [8.5439594, 47.3669111], [8.543959, 47.3669112], [8.5439586, 47.3669112], [8.5439583, 47.3669113], [8.5439579, 47.3669114], [8.5439575, 47.3669115], [8.5439571, 47.3669116], [8.5439567, 47.3669117], [8.5439564, 47.3669118], [8.5439557, 47.3669121], [8.5439553, 47.3669123], [8.543955, 47.3669124], [8.5439546, 47.3669126], [8.5439543, 47.3669128], [8.543954, 47.3669129], [8.5439537, 47.3669131], [8.5439534, 47.3669133], [8.5439531, 47.3669135], [8.5439529, 47.3669137], [8.5439526, 47.3669139], [8.5439524, 47.3669142], [8.5439521, 47.3669144], [8.5439519, 47.3669146], [8.5439517, 47.3669149], [8.5439515, 47.3669151], [8.5439513, 47.3669153], [8.5439511, 47.3669156], [8.543951, 47.3669159], [8.5439508, 47.3669161], [8.5438763, 47.3671168], [8.5438762, 47.3671174], [8.5438762, 47.3671177], [8.5438762, 47.367118], [8.5438762, 47.3671183], [8.5438762, 47.3671186], [8.5438762, 47.3671189], [8.5438763, 47.3671192], [8.5438763, 47.3671195], [8.5438764, 47.3671198], [8.5438765, 47.3671201], [8.5438766, 47.3671204], [8.5438767, 47.3671207], [8.5438769, 47.367121], [8.543877, 47.3671213], [8.5438772, 47.3671215], [8.5438774, 47.3671218], [8.5438776, 47.3671221], [8.5438778, 47.3671223], [8.543878, 47.3671226], [8.5438785, 47.3671231], [8.5438787, 47.3671233], [8.543879, 47.3671236], [8.5438793, 47.3671238], [8.5438796, 47.367124], [8.5438799, 47.3671242], [8.5438802, 47.3671244], [8.5438806, 47.3671246], [8.5438809, 47.3671248], [8.5438813, 47.367125], [8.5438816, 47.3671252], [8.543882, 47.3671253], [8.5438824, 47.3671255], [8.5438828, 47.3671256], [8.5438832, 47.3671258], [8.5438836, 47.3671259], [8.543884, 47.367126], [8.5438844, 47.3671261], [8.5438848, 47.3671262], [8.5438717, 47.3671615], [8.5439228, 47.3671948], [8.5439539, 47.367178], [8.5439699, 47.3671857], [8.5439776, 47.3671898], [8.543985, 47.3671941], [8.5439922, 47.3671986], [8.5439992, 47.3672033], [8.5440059, 47.3672081], [8.5440123, 47.3672131], [8.5440185, 47.3672182], [8.5440244, 47.3672235], [8.54403, 47.367229], [8.5440353, 47.3672346], [8.5440403, 47.3672403], [8.544045, 47.3672461], [8.5440493, 47.3672521], [8.5440534, 47.3672581], [8.5440571, 47.3672643], [8.5440604, 47.3672705], [8.5445171, 47.3673611], [8.5448834, 47.3674788], [8.5448796, 47.3674841], [8.5448835, 47.3674838], [8.5448854, 47.3674838], [8.5448874, 47.3674838], [8.5448893, 47.3674838], [8.5448913, 47.3674839], [8.5448932, 47.3674841], [8.5448951, 47.3674843], [8.544897, 47.3674845], [8.5448989, 47.3674848], [8.5449008, 47.3674851], [8.5449027, 47.3674855], [8.5449045, 47.3674859], [8.5449063, 47.3674863], [8.5449081, 47.3674868], [8.5449099, 47.3674874], [8.5449117, 47.367488], [8.5449134, 47.3674886], [8.544915, 47.3674893], [8.5449167, 47.36749], [8.5449183, 47.3674907], [8.5449199, 47.3674915], [8.5449214, 47.3674923], [8.5449228, 47.3674932], [8.5449243, 47.3674941], [8.5449257, 47.367495], [8.544927, 47.367496], [8.5449283, 47.367497], [8.5449295, 47.367498], [8.5449307, 47.3674991], [8.5449318, 47.3675001], [8.5449329, 47.3675012], [8.5449339, 47.3675024], [8.5449348, 47.3675035], [8.5449357, 47.3675047], [8.5449365, 47.3675059], [8.5449373, 47.3675071], [8.544938, 47.3675084], [8.5449386, 47.3675096], [8.5449392, 47.3675109], [8.5449397, 47.3675121], [8.5452906, 47.3676415], [8.545407, 47.3676925], [8.5455141, 47.3677334], [8.5456039, 47.3677793], [8.5458928, 47.3679062], [8.5460163, 47.3679602], [8.5461706, 47.3680339], [8.5467026, 47.3682679], [8.5468846, 47.3683531], [8.5470566, 47.3684357], [8.5471607, 47.3685047], [8.5472252, 47.3685578], [8.5472895, 47.3686108], [8.5473921, 47.3687074], [8.5475826, 47.3689079], [8.5476856, 47.3690165], [8.5477876, 47.3691245], [8.547832, 47.3691713], [8.5478383, 47.3692723], [8.5477983, 47.3693229], [8.5477003, 47.3694468], [8.5476925, 47.3694441], [8.5476901, 47.3694456], [8.5476879, 47.3694473], [8.5476862, 47.3694493], [8.5476849, 47.3694513], [8.547684, 47.3694535], [8.5476836, 47.3694557], [8.5476911, 47.3694584], [8.5475816, 47.3695959], [8.5473966, 47.36983], [8.5472984, 47.3699543], [8.5471196, 47.3701719], [8.5469043, 47.370506], [8.5469009, 47.3705101], [8.5468955, 47.3705144], [8.5468889, 47.3705178], [8.5468815, 47.3705203], [8.5468734, 47.3705216], [8.5468651, 47.3705217], [8.5468569, 47.3705207], [8.5468492, 47.3705185], [8.5468423, 47.3705153], [8.5468365, 47.3705111], [8.5468322, 47.3705062], [8.5468295, 47.3705008], [8.5468285, 47.3704952], [8.5468293, 47.3704895], [8.546745, 47.3704666], [8.5466461, 47.3706523], [8.5466179, 47.3706613], [8.5464266, 47.3707209], [8.54639, 47.3707812], [8.5464332, 47.3708249], [8.5465035, 47.3708863], [8.5465317, 47.3709124], [8.5465834, 47.3709658], [8.5465694, 47.3709713], [8.5466133, 47.3710402], [8.5466333, 47.3710904], [8.5468148, 47.371089], [8.5469661, 47.371264], [8.5470013, 47.3713024], [8.5472885, 47.3715934], [8.5472736, 47.3719571], [8.5472451, 47.3721487], [8.5471333, 47.3724691], [8.5470191, 47.372791], [8.5471317, 47.3728105], [8.547082, 47.3729584], [8.5470225, 47.3730764], [8.5469634, 47.3731864], [8.5467946, 47.3734104], [8.5463787, 47.373901], [8.5463347, 47.3739542], [8.5463179, 47.3739744], [8.5461878, 47.3741265], [8.5461076, 47.374236], [8.5458341, 47.3745553], [8.5457251, 47.3746987], [8.5456506, 47.3748151], [8.5455751, 47.3749322], [8.5455669, 47.3749293], [8.545499, 47.375051], [8.5454372, 47.375149], [8.5452416, 47.3754595], [8.5451779, 47.3755615], [8.5451121, 47.3756592], [8.5450735, 47.375715], [8.5449638, 47.3758862], [8.5449296, 47.3759396], [8.5448599, 47.3760474], [8.5448263, 47.3761077], [8.5446771, 47.3763472], [8.5444328, 47.3766412], [8.5440717, 47.37664], [8.5440617, 47.3764066], [8.5440574, 47.3764067], [8.5440577, 47.3763965], [8.5440576, 47.3763837], [8.5439844, 47.376379], [8.543375, 47.3763956], [8.5423755, 47.3764807], [8.5423777, 47.3764199], [8.5423773, 47.3762982], [8.5423746, 47.3762373], [8.5423641, 47.3761158], [8.54236, 47.3760818], [8.5423497, 47.3760139], [8.5423436, 47.3759799], [8.5423294, 47.3759122], [8.5423281, 47.3759067], [8.5422773, 47.375681], [8.5422384, 47.3756077], [8.5421337, 47.3754734], [8.542157, 47.3754651], [8.5421434, 47.3754476], [8.5420214, 47.3753855], [8.5420151, 47.3753859], [8.5419828, 47.3751928], [8.5419363, 47.3749122], [8.5418893, 47.3746314], [8.541842, 47.3742628], [8.5417978, 47.3742655], [8.5417996, 47.3742296], [8.5418196, 47.374145], [8.5418271, 47.3741318], [8.5418433, 47.3741206], [8.5418619, 47.3740702], [8.5418241, 47.3740626], [8.5418772, 47.3739456], [8.5418919, 47.3738926], [8.5419757, 47.3738271], [8.5419732, 47.3737158], [8.5419556, 47.3736263], [8.5419461, 47.3735874], [8.5419272, 47.3735284], [8.5419013, 47.3734598], [8.5418684, 47.373376], [8.541861, 47.3733337], [8.5418465, 47.3732559], [8.5418326, 47.3731839], [8.5418244, 47.373146], [8.5418264, 47.3730102], [8.5418248, 47.3728076], [8.5417977, 47.3728074], [8.5418202, 47.3726195], [8.5418065, 47.3726192], [8.5418075, 47.3725911], [8.5418383, 47.3725913], [8.5418227, 47.3724513], [8.5418208, 47.3724047], [8.5418059, 47.3723013], [8.5417983, 47.3722349], [8.5417939, 47.3721804], [8.5418201, 47.3721793], [8.5418167, 47.3721528], [8.5418393, 47.3721462], [8.5418437, 47.3718294], [8.541853, 47.3717748], [8.5418226, 47.3717712], [8.5418301, 47.3717367], [8.5418598, 47.3716044], [8.5418808, 47.3716064], [8.5418821, 47.3715984], [8.5418824, 47.3715966], [8.5418923, 47.3715369], [8.5418908, 47.3715091], [8.5418881, 47.3714696], [8.5418917, 47.3713053], [8.5418959, 47.3710179], [8.541918, 47.3705004], [8.5419239, 47.3703625], [8.5418975, 47.3699364], [8.5418975, 47.3699361], [8.5418976, 47.3699358], [8.5418977, 47.3699356], [8.5418978, 47.3699353], [8.5418979, 47.369935], [8.541898, 47.3699348], [8.5418981, 47.3699345], [8.5418983, 47.3699342], [8.5418985, 47.369934], [8.5418986, 47.3699337], [8.5418988, 47.3699335], [8.541899, 47.3699332], [8.5418992, 47.369933], [8.5418995, 47.3699328], [8.5418997, 47.3699325], [8.5419, 47.3699323], [8.5419002, 47.3699321], [8.5419005, 47.3699319], [8.5419008, 47.3699317], [8.5419011, 47.3699315], [8.5419014, 47.3699313], [8.541902, 47.369931], [8.5419023, 47.3699308], [8.5419027, 47.3699306], [8.541903, 47.3699305], [8.5419034, 47.3699303], [8.5419038, 47.3699302], [8.5419041, 47.3699301], [8.5419045, 47.36993], [8.5419049, 47.3699299], [8.5419053, 47.3699298], [8.5419057, 47.3699297], [8.5419061, 47.3699296], [8.5419065, 47.3699295], [8.5419069, 47.3699295], [8.5419074, 47.3699294], [8.5419078, 47.3699294], [8.5419082, 47.3699294], [8.5419086, 47.3699293], [8.541909, 47.3699293], [8.5419095, 47.3699293], [8.5419099, 47.3699293], [8.5419103, 47.3699294], [8.5419111, 47.3699295], [8.5420653, 47.3699455], [8.5420853, 47.3698542], [8.5420849, 47.369854], [8.5420845, 47.3698539], [8.5420841, 47.3698537], [8.5420838, 47.3698535], [8.5420834, 47.3698534], [8.5420831, 47.3698532], [8.5420827, 47.369853], [8.5420821, 47.3698525], [8.5420818, 47.3698523], [8.5420816, 47.3698521], [8.5420813, 47.3698519], [8.5420811, 47.3698517], [8.5420809, 47.3698515], [8.5420807, 47.3698513], [8.5420805, 47.369851], [8.5420803, 47.3698508], [8.5420801, 47.3698505], [8.5420799, 47.3698503], [8.5420798, 47.36985], [8.5420796, 47.3698498], [8.5420795, 47.3698495], [8.5420794, 47.3698493], [8.5420793, 47.369849], [8.5420792, 47.3698487], [8.5420791, 47.3698485], [8.5420791, 47.3698479], [8.5420761, 47.3698226], [8.5420721, 47.3697975], [8.5420635, 47.3697982], [8.5419893, 47.3693637], [8.5419853, 47.369317], [8.5419852, 47.369316], [8.5419852, 47.369315], [8.5419853, 47.369314], [8.5419854, 47.369313], [8.5419855, 47.369312], [8.5419857, 47.369311], [8.541986, 47.36931], [8.5419863, 47.369309], [8.5419867, 47.369308], [8.5419871, 47.369307], [8.5419876, 47.3693061], [8.5419881, 47.3693051], [8.5419886, 47.3693042], [8.5419893, 47.3693033], [8.5419899, 47.3693024], [8.5419906, 47.3693015], [8.5419914, 47.3693006], [8.541993, 47.3692989], [8.5419939, 47.3692981], [8.5419948, 47.3692973], [8.5419958, 47.3692966], [8.5419968, 47.3692958], [8.5419979, 47.3692951], [8.5419989, 47.3692944], [8.5420001, 47.3692937], [8.5420012, 47.3692931], [8.5420024, 47.3692925], [8.5420036, 47.3692919], [8.5420048, 47.3692914], [8.5420061, 47.3692908], [8.5420074, 47.3692904], [8.5420087, 47.3692899], [8.5420101, 47.3692895], [8.5420114, 47.3692891], [8.5420128, 47.3692887], [8.5420157, 47.3692881], [8.5420013, 47.3690871], [8.5419948, 47.3689973], [8.5419933, 47.3689971], [8.5419918, 47.3689969], [8.5419903, 47.3689967], [8.5419889, 47.3689964], [8.5419874, 47.3689961], [8.541986, 47.3689957], [8.5419846, 47.3689953], [8.5419832, 47.3689949], [8.5419818, 47.3689945], [8.5419804, 47.368994], [8.5419791, 47.3689935], [8.5419778, 47.3689929], [8.5419766, 47.3689923], [8.5419754, 47.3689917], [8.5419742, 47.3689911], [8.541973, 47.3689904], [8.5419719, 47.3689897], [8.5419697, 47.3689882], [8.5419687, 47.3689874], [8.5419678, 47.3689866], [8.5419669, 47.3689858], [8.541966, 47.3689849], [8.5419652, 47.3689841], [8.5419644, 47.3689832], [8.5419636, 47.3689823], [8.541963, 47.3689813], [8.5419623, 47.3689804], [8.5419617, 47.3689794], [8.5419612, 47.3689785], [8.5419607, 47.3689775], [8.5419603, 47.3689765], [8.5419599, 47.3689755], [8.5419596, 47.3689745], [8.5419593, 47.3689734], [8.5419591, 47.3689724], [8.5419589, 47.3689704], [8.5419216, 47.3684096], [8.5418838, 47.3678509], [8.5418941, 47.3678508], [8.5418989, 47.3678445], [8.5418952, 47.367813], [8.5418952, 47.3678126], [8.5418952, 47.3678122], [8.5418951, 47.3678119], [8.541895, 47.3678115], [8.5418949, 47.3678111], [8.5418948, 47.3678107], [8.5418947, 47.3678104], [8.5418945, 47.36781], [8.5418944, 47.3678097], [8.5418942, 47.3678093], [8.541894, 47.367809], [8.5418938, 47.3678086], [8.5418935, 47.3678083], [8.5418933, 47.3678079], [8.541893, 47.3678076], [8.5418927, 47.3678073], [8.5418924, 47.367807], [8.5418921, 47.3678067], [8.5418917, 47.3678064], [8.541891, 47.3678058], [8.5418906, 47.3678056], [8.5418902, 47.3678053], [8.5418898, 47.367805], [8.5418894, 47.3678048], [8.5418889, 47.3678046], [8.5418885, 47.3678043], [8.541888, 47.3678041], [8.5418875, 47.3678039], [8.5418871, 47.3678037], [8.5418866, 47.3678036], [8.5418861, 47.3678034], [8.5418855, 47.3678032], [8.541885, 47.3678031], [8.5418845, 47.367803], [8.541884, 47.3678029], [8.5418834, 47.3678028], [8.5418829, 47.3678027], [8.5418823, 47.3678026], [8.5418818, 47.3678025], [8.5418806, 47.3678025], [8.5418714, 47.3676311], [8.5418615, 47.3675028], [8.5418892, 47.3675023], [8.5418816, 47.3673839], [8.5418515, 47.3673846], [8.5418511, 47.3673761], [8.5418511, 47.3673633], [8.5418536, 47.3673378], [8.5418561, 47.3673251], [8.5418636, 47.3673001], [8.5419581, 47.3670456], [8.5419613, 47.3670377], [8.5419649, 47.3670299], [8.541969, 47.3670222], [8.5419734, 47.3670146], [8.5419783, 47.3670071], [8.5419836, 47.3669997], [8.5419892, 47.3669925], [8.5419953, 47.3669854], [8.5420017, 47.3669785], [8.5420085, 47.3669717], [8.5420156, 47.3669652], [8.5420231, 47.3669588], [8.542031, 47.3669525], [8.5420391, 47.3669465], [8.5420564, 47.3669351], [8.5420655, 47.3669298], [8.5420749, 47.3669246], [8.5420845, 47.3669197], [8.5420945, 47.366915], [8.5421046, 47.3669106], [8.542115, 47.3669064], [8.5421256, 47.3669025], [8.5421364, 47.3668989], [8.5421474, 47.3668955], [8.5421586, 47.3668925], [8.5421699, 47.3668896], [8.5421814, 47.3668871], [8.542193, 47.3668849], [8.5422047, 47.3668829], [8.5422192, 47.3668815], [8.5422398, 47.3668799], [8.5422557, 47.3669028], [8.5423124, 47.366889], [8.5423252, 47.3668583], [8.5423256, 47.3668584], [8.5423259, 47.3668585], [8.5423263, 47.3668585], [8.5423266, 47.3668586], [8.542327, 47.3668586], [8.5423274, 47.3668587], [8.5423277, 47.3668587], [8.5423281, 47.3668587], [8.5423285, 47.3668587], [8.5423288, 47.3668587], [8.5423292, 47.3668587], [8.5423296, 47.3668587], [8.5423299, 47.3668587], [8.5423303, 47.3668587], [8.5423307, 47.3668586], [8.542331, 47.3668586], [8.5423314, 47.3668585], [8.5423317, 47.3668584], [8.5423321, 47.3668584], [8.5423324, 47.3668583], [8.5423328, 47.3668582], [8.5423331, 47.3668581], [8.5423338, 47.3668578], [8.5423341, 47.3668577], [8.5423344, 47.3668576], [8.5423347, 47.3668574], [8.542335, 47.3668573], [8.5423352, 47.3668571], [8.5423355, 47.366857], [8.5423358, 47.3668568], [8.542336, 47.3668566], [8.5423363, 47.3668565], [8.5423365, 47.3668563], [8.5423367, 47.3668561], [8.5423369, 47.3668559], [8.5423371, 47.3668557], [8.5423373, 47.3668555], [8.5423375, 47.3668553], [8.5423377, 47.3668551], [8.5423379, 47.3668549], [8.542338, 47.3668546], [8.5423382, 47.3668544], [8.5423383, 47.3668542], [8.5423384, 47.366854], [8.5423385, 47.3668537], [8.5423387, 47.3668533], [8.5424113, 47.3666637], [8.5424153, 47.3666532], [8.5424154, 47.366653], [8.5424154, 47.3666527], [8.5424155, 47.3666525], [8.5424156, 47.3666522], [8.5424156, 47.366652], [8.5424156, 47.3666517], [8.5424156, 47.3666514], [8.5424156, 47.3666512], [8.5424156, 47.3666509], [8.5424156, 47.3666507], [8.5424155, 47.3666504], [8.5424155, 47.3666502], [8.5424154, 47.3666499], [8.5424153, 47.3666497], [8.5424152, 47.3666494], [8.5424151, 47.3666492], [8.5424149, 47.3666489], [8.5424148, 47.3666487], [8.5424147, 47.3666485], [8.5424145, 47.3666482], [8.5424143, 47.366648], [8.5424141, 47.3666478], [8.5424139, 47.3666476], [8.5424135, 47.3666472], [8.5424133, 47.3666469], [8.542413, 47.3666468], [8.5424128, 47.3666466], [8.5424125, 47.3666464], [8.5424122, 47.3666462], [8.5424119, 47.366646], [8.5424117, 47.3666459], [8.5424114, 47.3666457], [8.542411, 47.3666456], [8.5424107, 47.3666454], [8.5424104, 47.3666453], [8.5424101, 47.3666452], [8.5424097, 47.3666451], [8.5424094, 47.366645], [8.5424091, 47.3666449], [8.5424087, 47.3666448], [8.5424083, 47.3666447], [8.542408, 47.3666446], [8.5424076, 47.3666445], [8.5424073, 47.3666445], [8.5424069, 47.3666444], [8.5424065, 47.3666444], [8.5424058, 47.3666444], [8.5424157, 47.3666125]]]]}}, {"type": "Feature", "properties": {"name": "Enge"}, "geometry": {"type": "MultiPolygon", "coordinates": [[[[8.5237773, 47.3526325], [8.5239552, 47.3524616], [8.5238711, 47.3524182], [8.5239698, 47.3523052], [8.5239984, 47.3522861], [8.5240199, 47.3522728], [8.5240908, 47.3522183], [8.5242546, 47.3520889], [8.5244602, 47.3519267], [8.5245944, 47.351799], [8.5256556, 47.3517771], [8.5260378, 47.3517331], [8.5262881, 47.3517201], [8.5265079, 47.351723], [8.5266072, 47.3517243], [8.5266536, 47.3517481], [8.5266813, 47.3517537], [8.526774, 47.3518068], [8.5270765, 47.3518772], [8.5271137, 47.3518816], [8.5271169, 47.351882], [8.52712, 47.3518825], [8.527123, 47.3518831], [8.5271261, 47.3518837], [8.5271291, 47.3518844], [8.5271321, 47.3518852], [8.527135, 47.3518861], [8.5271379, 47.351887], [8.5271407, 47.351888], [8.5271435, 47.3518891], [8.5271462, 47.3518902], [8.5271488, 47.3518914], [8.5271514, 47.3518927], [8.527154, 47.351894], [8.5271564, 47.3518954], [8.5271588, 47.3518968], [8.5271611, 47.3518983], [8.5271633, 47.3518999], [8.5271654, 47.3519015], [8.5271694, 47.3519049], [8.5271713, 47.3519066], [8.5271731, 47.3519084], [8.5271748, 47.3519103], [8.5271764, 47.3519121], [8.5271778, 47.3519141], [8.5271792, 47.351916], [8.5271805, 47.351918], [8.5271817, 47.35192], [8.5271827, 47.3519221], [8.5271837, 47.3519241], [8.5271845, 47.3519262], [8.5271853, 47.3519283], [8.5271859, 47.3519305], [8.5271864, 47.3519326], [8.5271868, 47.3519348], [8.5271871, 47.3519369], [8.5271872, 47.3519391], [8.5271873, 47.3519413], [8.5271872, 47.3519434], [8.5271868, 47.3519478], [8.5273701, 47.351883], [8.5273719, 47.3518729], [8.5277775, 47.3519228], [8.5277953, 47.351925], [8.528173, 47.3519717], [8.5281968, 47.3519928], [8.5281949, 47.3520109], [8.528194, 47.3520291], [8.5281941, 47.3520473], [8.5281971, 47.3520836], [8.528212, 47.3521915], [8.5283352, 47.3522178], [8.5283482, 47.352216], [8.528782, 47.3521562], [8.52894, 47.352404], [8.5294526, 47.3530062], [8.5297823, 47.3534234], [8.530114, 47.3533817], [8.5300543, 47.3531073], [8.5302177, 47.3530947], [8.5301403, 47.3527463], [8.5302468, 47.3526854], [8.5301458, 47.3525029], [8.5300295, 47.3523351], [8.5303024, 47.3522912], [8.530187, 47.3520032], [8.5301947, 47.3520036], [8.5302023, 47.3520047], [8.5302097, 47.3520065], [8.5302165, 47.3520089], [8.5302228, 47.352012], [8.5302285, 47.3520157], [8.5302373, 47.3520244], [8.5302402, 47.3520293], [8.5302422, 47.3520344], [8.5305887, 47.3519537], [8.5308865, 47.3522962], [8.5309094, 47.3523266], [8.5309471, 47.3523319], [8.5318165, 47.3521894], [8.5318957, 47.3521896], [8.5318956, 47.3521881], [8.5321001, 47.3521783], [8.5320938, 47.3521179], [8.5321049, 47.3521116], [8.5321352, 47.3520942], [8.5326289, 47.3520144], [8.532695, 47.3520037], [8.5329836, 47.3519571], [8.5330094, 47.3519529], [8.5330511, 47.3519429], [8.5330704, 47.3519397], [8.5330802, 47.3519381], [8.5330961, 47.351936], [8.5330914, 47.3518951], [8.5332166, 47.3518895], [8.5335075, 47.3518931], [8.5337093, 47.3518956], [8.5340221, 47.351925], [8.5343775, 47.3519584], [8.5349554, 47.3520128], [8.5358429, 47.3520961], [8.5420429, 47.3526779], [8.5421275, 47.3632061], [8.5403204, 47.3651577], [8.5399398, 47.3655688], [8.5398332, 47.3657], [8.5398315, 47.3657023], [8.5398307, 47.3657035], [8.53983, 47.3657048], [8.5398294, 47.365706], [8.5398288, 47.3657073], [8.5398283, 47.3657085], [8.5398278, 47.3657098], [8.5398275, 47.3657111], [8.5398272, 47.3657124], [8.5398269, 47.3657137], [8.5398268, 47.3657151], [8.5398267, 47.3657164], [8.5398267, 47.3657177], [8.5398267, 47.365719], [8.5398268, 47.3657203], [8.539827, 47.3657216], [8.5398273, 47.3657229], [8.5398276, 47.3657242], [8.539828, 47.3657255], [8.5398291, 47.365728], [8.5398298, 47.3657293], [8.5398305, 47.3657305], [8.5398313, 47.3657317], [8.5398321, 47.3657329], [8.539833, 47.365734], [8.539834, 47.3657352], [8.539835, 47.3657363], [8.5398361, 47.3657373], [8.5398372, 47.3657384], [8.5398384, 47.3657394], [8.5398397, 47.3657404], [8.539841, 47.3657414], [8.5398423, 47.3657423], [8.5398438, 47.3657432], [8.5398452, 47.3657441], [8.5398467, 47.3657449], [8.5398482, 47.3657457], [8.5398498, 47.3657464], [8.5398569, 47.3657495], [8.5398347, 47.3657753], [8.5396745, 47.3659527], [8.5396484, 47.3659673], [8.5396439, 47.3659655], [8.539616, 47.3659938], [8.5396031, 47.3659885], [8.5395632, 47.3660542], [8.5395368, 47.3660949], [8.5395052, 47.3661361], [8.5393111, 47.3663505], [8.5392164, 47.3664575], [8.5391156, 47.3665651], [8.5389219, 47.3667776], [8.538727, 47.3669914], [8.5387224, 47.3669964], [8.5383401, 47.3674253], [8.5375457, 47.3682914], [8.5375754, 47.3683033], [8.5373672, 47.3685346], [8.5373458, 47.3685603], [8.5373233, 47.3685783], [8.5372308, 47.3686447], [8.537131, 47.3686668], [8.5370141, 47.3687116], [8.5368895, 47.3687461], [8.536761, 47.3687728], [8.5366253, 47.3687879], [8.5359911, 47.3688397], [8.5353584, 47.3688915], [8.535334, 47.3688941], [8.535322, 47.3688959], [8.5353101, 47.368898], [8.5352982, 47.3689003], [8.5352866, 47.368903], [8.535275, 47.368906], [8.5352637, 47.3689092], [8.5352525, 47.3689127], [8.5352415, 47.3689166], [8.5352308, 47.3689206], [8.5352203, 47.368925], [8.53521, 47.3689296], [8.5352, 47.3689345], [8.5351808, 47.368945], [8.5351717, 47.3689506], [8.5351628, 47.3689564], [8.5351543, 47.3689624], [8.5351461, 47.3689687], [8.5351383, 47.3689751], [8.5351308, 47.3689818], [8.5351237, 47.3689886], [8.535117, 47.3689956], [8.5351107, 47.3690028], [8.5351047, 47.3690101], [8.5350992, 47.3690176], [8.5350941, 47.3690252], [8.534775, 47.3695237], [8.5347002, 47.369511], [8.5343132, 47.3694456], [8.5340291, 47.3694032], [8.5339918, 47.3693976], [8.5337752, 47.3693652], [8.5336879, 47.369452], [8.5336851, 47.3694506], [8.5336418, 47.3694937], [8.5335718, 47.3694674], [8.5335699, 47.3694699], [8.5330883, 47.3692887], [8.532639, 47.36912], [8.5324643, 47.3690964], [8.5322512, 47.3690159], [8.5320605, 47.3689438], [8.5320299, 47.3689323], [8.5316745, 47.3687979], [8.5313833, 47.3686877], [8.5311815, 47.3686113], [8.5310881, 47.3685759], [8.5308953, 47.368503], [8.5306923, 47.3684301], [8.5306292, 47.3684072], [8.5305509, 47.3683745], [8.5304779, 47.3683355], [8.5304095, 47.3682924], [8.5303644, 47.3682588], [8.5302871, 47.368322], [8.5299884, 47.3685668], [8.5292054, 47.3692066], [8.528995, 47.3693789], [8.5281842, 47.3688505], [8.5276031, 47.3684696], [8.5270241, 47.3680898], [8.5264451, 47.3677101], [8.5258736, 47.3673356], [8.5252997, 47.3669591], [8.5250669, 47.366802], [8.5248414, 47.3666396], [8.5246234, 47.3664729], [8.5244132, 47.3663013], [8.5242127, 47.366127], [8.5240264, 47.3659451], [8.5238515, 47.3657587], [8.5236886, 47.3655668], [8.5235371, 47.3653709], [8.5234005, 47.3651701], [8.5232759, 47.3649652], [8.5231664, 47.3647566], [8.523072, 47.364545], [8.5229948, 47.36433], [8.5229287, 47.3641133], [8.5228749, 47.3638951], [8.5228466, 47.3637308], [8.5228121, 47.3634548], [8.5227939, 47.3631743], [8.5227917, 47.3630051], [8.522823, 47.3623653], [8.5229027, 47.3619197], [8.5229591, 47.3616616], [8.5232819, 47.3603525], [8.5233589, 47.3601017], [8.5234848, 47.3597575], [8.5236095, 47.3593838], [8.5237559, 47.3589447], [8.523909, 47.3584844], [8.5240478, 47.3580695], [8.5241957, 47.357629], [8.5242701, 47.3574093], [8.5243346, 47.3571934], [8.5243839, 47.3569756], [8.5244181, 47.3567541], [8.5244369, 47.3565251], [8.5244447, 47.3562952], [8.5244667, 47.3557699], [8.524483, 47.3555573], [8.5245133, 47.3553455], [8.5245844, 47.3549562], [8.5246661, 47.3545084], [8.5247472, 47.3540629], [8.524783, 47.3538226], [8.5247644, 47.3536763], [8.5247317, 47.3535096], [8.5246273, 47.3533002], [8.5244734, 47.3531058], [8.5243275, 47.3529696], [8.524164, 47.3528425], [8.5239742, 47.3527335], [8.5237773, 47.3526325]]]]}}, {"type": "Feature", "properties": {"name": "Leimbach"}, "geometry": {"type": "MultiPolygon", "coordinates": [[[[8.5180569, 47.3443286], [8.5179612, 47.3442805], [8.5177736, 47.3441861], [8.5173387, 47.3439485], [8.5168692, 47.3436915], [8.5167086, 47.343592], [8.5166522, 47.3435024], [8.5166472, 47.3434899], [8.5166035, 47.3434926], [8.5165546, 47.3435015], [8.51638, 47.3435112], [8.516249, 47.3434984], [8.5161982, 47.3434833], [8.5160553, 47.3434782], [8.516023, 47.3434976], [8.5159681, 47.343508], [8.5158412, 47.3435079], [8.5158008, 47.343502], [8.5157219, 47.3435083], [8.5156956, 47.3435113], [8.5156691, 47.3435106], [8.5156306, 47.3435241], [8.5155839, 47.3435207], [8.5155112, 47.343525], [8.5154779, 47.3435093], [8.5153821, 47.343471], [8.515328, 47.3434681], [8.5152656, 47.3434533], [8.5151615, 47.3434694], [8.5149703, 47.3434175], [8.5148616, 47.3433978], [8.5147768, 47.3433708], [8.5147155, 47.3433534], [8.5147027, 47.34336], [8.5146921, 47.3433655], [8.5146317, 47.3434068], [8.5145859, 47.3434381], [8.5145533, 47.3434791], [8.5144789, 47.3435088], [8.5144627, 47.3435293], [8.5144342, 47.3435489], [8.5143868, 47.343588], [8.5143267, 47.3436047], [8.5142694, 47.3436322], [8.5141556, 47.3436589], [8.5140539, 47.3436825], [8.5140403, 47.3436864], [8.5139185, 47.3437114], [8.5138755, 47.3437305], [8.5138357, 47.3437353], [8.5137777, 47.3437333], [8.5137106, 47.3437647], [8.5135792, 47.3437918], [8.5134838, 47.343798], [8.5134475, 47.3438061], [8.5133895, 47.3437921], [8.5133086, 47.343802], [8.5132382, 47.343781], [8.5131854, 47.3437781], [8.5131357, 47.3437831], [8.5130925, 47.3437917], [8.5130471, 47.3438043], [8.5128807, 47.3438512], [8.5128211, 47.3438599], [8.5127724, 47.3438591], [8.51271, 47.3438715], [8.5126231, 47.3438808], [8.5125679, 47.3438711], [8.5125418, 47.343875], [8.5124943, 47.3438662], [8.5123776, 47.3438845], [8.5122987, 47.3438961], [8.5121026, 47.3439013], [8.512069, 47.343904], [8.5119524, 47.3439133], [8.5118157, 47.3439039], [8.5116372, 47.3439125], [8.5115381, 47.3439146], [8.5114073, 47.3439013], [8.5112072, 47.3438951], [8.511057, 47.3439076], [8.5109216, 47.3438966], [8.5108552, 47.3438979], [8.51078, 47.3439204], [8.5107026, 47.3439257], [8.5106287, 47.3439367], [8.5106355, 47.3439279], [8.5100983, 47.3440301], [8.5099218, 47.3440335], [8.5096814, 47.3440256], [8.5094231, 47.3440052], [8.5091769, 47.3439258], [8.5088905, 47.3437613], [8.5084461, 47.3435415], [8.5080703, 47.3433013], [8.5076798, 47.3431348], [8.5069706, 47.3429011], [8.5066262, 47.3426617], [8.5064947, 47.3425181], [8.5060653, 47.3423037], [8.5057303, 47.342206], [8.5056109, 47.3421203], [8.505274, 47.34186], [8.505019, 47.3416759], [8.5047811, 47.3415239], [8.5044833, 47.3413177], [8.5042865, 47.3410564], [8.5040809, 47.340916], [8.503946, 47.3407315], [8.5038865, 47.3404267], [8.5037088, 47.3401868], [8.503551, 47.3399692], [8.5033026, 47.339747], [8.5030594, 47.3397526], [8.5030035, 47.3395242], [8.5030505, 47.3393108], [8.5029941, 47.3390543], [8.5028237, 47.3386455], [8.50266, 47.3382309], [8.5024747, 47.3380106], [8.5023879, 47.3379791], [8.5022333, 47.3379231], [8.5022101, 47.3375698], [8.5023903, 47.3371854], [8.5024247, 47.3369098], [8.5024987, 47.3366301], [8.5022446, 47.3365064], [8.5020229, 47.3363588], [8.5018413, 47.3361188], [8.501706, 47.335886], [8.5016527, 47.3354418], [8.5015316, 47.3350427], [8.5016056, 47.3348066], [8.5016339, 47.3344574], [8.501785, 47.3341137], [8.5019165, 47.3338914], [8.5021144, 47.3337026], [8.5022155, 47.3336363], [8.5020434, 47.3331697], [8.5019205, 47.3330301], [8.5016747, 47.332942], [8.501347, 47.3327777], [8.5010681, 47.3325968], [8.5009125, 47.3324258], [8.5007945, 47.3322372], [8.5007653, 47.3320208], [8.5011318, 47.3318253], [8.500964, 47.3316208], [8.5007459, 47.3313817], [8.5006451, 47.3310974], [8.5007507, 47.33079], [8.5008845, 47.3305245], [8.5007922, 47.3300551], [8.5007043, 47.3297906], [8.5008421, 47.3294948], [8.5014152, 47.3290248], [8.5013265, 47.3288285], [8.5018952, 47.3276437], [8.5017795, 47.327449], [8.5015995, 47.327323], [8.5015899, 47.3272302], [8.501564, 47.3270914], [8.5015607, 47.3266453], [8.5015096, 47.3265029], [8.5014174, 47.3263928], [8.5012405, 47.3262142], [8.5011445, 47.3260992], [8.5009955, 47.3259496], [8.5009229, 47.325377], [8.5008245, 47.3250555], [8.5008475, 47.324818], [8.5006757, 47.3245104], [8.5007166, 47.3243291], [8.5007366, 47.3241996], [8.5007294, 47.3241352], [8.5007877, 47.3236992], [8.5007395, 47.3233152], [8.5006397, 47.3229995], [8.5006135, 47.3227831], [8.5007928, 47.3227063], [8.5009579, 47.3225848], [8.5009739, 47.3224909], [8.5010351, 47.3219778], [8.5012474, 47.3216625], [8.5013647, 47.3215347], [8.5015268, 47.3212884], [8.5017685, 47.3210662], [8.5019397, 47.3209167], [8.5021475, 47.3208579], [8.5022811, 47.3208135], [8.5024216, 47.3205266], [8.5028557, 47.3203736], [8.5031269, 47.3203233], [8.5031828, 47.3202184], [8.503363, 47.3203207], [8.5035799, 47.3204348], [8.5037141, 47.3204783], [8.5039333, 47.3205569], [8.5043105, 47.3207399], [8.5044883, 47.3209271], [8.5047684, 47.3212072], [8.5053038, 47.3214335], [8.5057235, 47.3214463], [8.5067669, 47.3216312], [8.5070938, 47.3217156], [8.5073592, 47.3217238], [8.5076145, 47.3218419], [8.5076251, 47.3218605], [8.5078883, 47.3220298], [8.5081077, 47.3220053], [8.5082162, 47.3219778], [8.5087002, 47.321795], [8.5088074, 47.3217493], [8.5093409, 47.3216911], [8.5095147, 47.3216471], [8.5095824, 47.3220227], [8.5097956, 47.3220057], [8.5102658, 47.3220356], [8.5108835, 47.3220906], [8.5113372, 47.3221614], [8.5114935, 47.3221996], [8.5116267, 47.3222136], [8.5118882, 47.3223319], [8.5120374, 47.3224468], [8.5121476, 47.3225538], [8.5121887, 47.3225621], [8.5122422, 47.3225994], [8.5124533, 47.3227294], [8.5124913, 47.322738], [8.51252, 47.3227587], [8.512586, 47.3227733], [8.5126275, 47.3227725], [8.5126706, 47.3227953], [8.5127187, 47.3228053], [8.5127664, 47.3228304], [8.5128267, 47.3228453], [8.5128352, 47.3228575], [8.5128839, 47.3228616], [8.5129606, 47.3228935], [8.5130288, 47.3228865], [8.513083, 47.3228905], [8.5131336, 47.3228839], [8.5131888, 47.3228935], [8.5132756, 47.3228966], [8.5133192, 47.3229038], [8.5134211, 47.322895], [8.5134769, 47.3228817], [8.5135884, 47.3228444], [8.5136497, 47.3228316], [8.5145816, 47.3227087], [8.5146516, 47.3227067], [8.5147276, 47.3227163], [8.5147961, 47.3227376], [8.5148726, 47.3227839], [8.514945, 47.3228452], [8.5150058, 47.3228841], [8.515211, 47.3229922], [8.5154166, 47.3230891], [8.5155409, 47.3231341], [8.5156141, 47.3231524], [8.5157336, 47.323151], [8.5159045, 47.3231163], [8.5161821, 47.3230893], [8.5162973, 47.3230997], [8.5163557, 47.3230869], [8.51643, 47.3230786], [8.516559, 47.3230978], [8.5166881, 47.3231376], [8.5167903, 47.323154], [8.5168972, 47.3231641], [8.5176453, 47.3231936], [8.5176956, 47.3231992], [8.5177386, 47.3232089], [8.5178109, 47.323238], [8.5178675, 47.3232769], [8.5180371, 47.3234765], [8.5180847, 47.3235187], [8.5181364, 47.3235485], [8.5183686, 47.3236493], [8.5184046, 47.3236683], [8.5184575, 47.323703], [8.5185684, 47.3237919], [8.5186279, 47.3238277], [8.5186925, 47.3238592], [8.5189042, 47.3239337], [8.5193282, 47.3240075], [8.519932, 47.324012], [8.519508, 47.3241813], [8.5191596, 47.3244058], [8.5188919, 47.3246768], [8.5187977, 47.3249953], [8.5186886, 47.3253072], [8.518652, 47.3253454], [8.5187826, 47.325787], [8.5189153, 47.3262294], [8.5190474, 47.3266711], [8.5190763, 47.3267823], [8.5190961, 47.3268944], [8.5191046, 47.3270073], [8.519104, 47.3271205], [8.519093, 47.3272338], [8.5190711, 47.3273464], [8.519039, 47.3274563], [8.5190062, 47.3275445], [8.518967, 47.3276304], [8.5189209, 47.3277164], [8.5188689, 47.3278002], [8.5188109, 47.3278824], [8.5184814, 47.3282619], [8.5181444, 47.3286382], [8.5178079, 47.3290137], [8.5176003, 47.3292814], [8.5172891, 47.3296725], [8.5171026, 47.3298877], [8.5169437, 47.3301269], [8.5168374, 47.3303791], [8.5167853, 47.3306385], [8.5167891, 47.3309013], [8.5168739, 47.331156], [8.517011, 47.3313978], [8.5171732, 47.3316299], [8.5173831, 47.3318445], [8.5175961, 47.3320309], [8.5180438, 47.3323643], [8.5184494, 47.3327198], [8.5188553, 47.3330754], [8.5192502, 47.3334356], [8.5195193, 47.3336619], [8.5195343, 47.3337041], [8.5201278, 47.3342185], [8.5202053, 47.3342857], [8.5202342, 47.3343104], [8.5202617, 47.3343359], [8.5202877, 47.334362], [8.5203123, 47.3343888], [8.5203353, 47.3344162], [8.5203567, 47.3344443], [8.5203765, 47.3344728], [8.5204112, 47.3345313], [8.520426, 47.3345613], [8.5204392, 47.3345915], [8.5204506, 47.3346221], [8.5204602, 47.334653], [8.5204681, 47.3346841], [8.5204742, 47.3347154], [8.5204786, 47.3347469], [8.5204819, 47.3348099], [8.5204774, 47.3348658], [8.5204698, 47.3349214], [8.5204455, 47.335032], [8.5204288, 47.3350868], [8.5204092, 47.3351411], [8.520361, 47.335248], [8.5202048, 47.3355758], [8.5200573, 47.3357257], [8.5199647, 47.3358295], [8.5200222, 47.3358279], [8.519867, 47.3359899], [8.5197063, 47.336131], [8.5196852, 47.3361495], [8.5195458, 47.336254], [8.5195038, 47.3362856], [8.5194866, 47.3362985], [8.5192985, 47.3364184], [8.5192704, 47.3364363], [8.5190226, 47.3365815], [8.518809, 47.3366968], [8.5187281, 47.3367405], [8.5185441, 47.3368395], [8.5185026, 47.3368616], [8.5180006, 47.337155], [8.5176014, 47.3373892], [8.5174999, 47.3374487], [8.5172546, 47.3375917], [8.5170106, 47.33776], [8.5169359, 47.3378115], [8.516917, 47.3378245], [8.5166394, 47.3380911], [8.5164284, 47.3383848], [8.51629, 47.338697], [8.5162275, 47.339021], [8.5162428, 47.3393475], [8.5163354, 47.3396678], [8.5165216, 47.3399681], [8.5167624, 47.3403489], [8.5170433, 47.3407569], [8.5173234, 47.3411653], [8.5174939, 47.3414134], [8.51746, 47.3414179], [8.5174822, 47.3414551], [8.5175231, 47.3415448], [8.5177903, 47.3419278], [8.5179562, 47.3421951], [8.5180922, 47.3424723], [8.5182009, 47.3427954], [8.5182563, 47.343171], [8.5182565, 47.3434216], [8.5182245, 47.3437234], [8.5181068, 47.3440925], [8.5180083, 47.3442264], [8.5180925, 47.34425], [8.5180569, 47.3443286]]]]}}, {"type": "Feature", "properties": {"name": "Wollishofen"}, "geometry": {"type": "MultiPolygon", "coordinates": [[[[8.5237773, 47.3526325], [8.5239552, 47.3524616], [8.5238711, 47.3524182], [8.5239698, 47.3523052], [8.5239984, 47.3522861], [8.5240199, 47.3522728], [8.5240908, 47.3522183], [8.5242546, 47.3520889], [8.5244602, 47.3519267], [8.5245944, 47.351799], [8.5256556, 47.3517771], [8.5260378, 47.3517331], [8.5262881, 47.3517201], [8.5265079, 47.351723], [8.5266072, 47.3517243], [8.5266536, 47.3517481], [8.5266813, 47.3517537], [8.526774, 47.3518068], [8.5270765, 47.3518772], [8.5271137, 47.3518816], [8.5271169, 47.351882], [8.52712, 47.3518825], [8.527123, 47.3518831], [8.5271261, 47.3518837], [8.5271291, 47.3518844], [8.5271321, 47.3518852], [8.527135, 47.3518861], [8.5271379, 47.351887], [8.5271407, 47.351888], [8.5271435, 47.3518891], [8.5271462, 47.3518902], [8.5271488, 47.3518914], [8.5271514, 47.3518927], [8.527154, 47.351894], [8.5271564, 47.3518954], [8.5271588, 47.3518968], [8.5271611, 47.3518983], [8.5271633, 47.3518999], [8.5271654, 47.3519015], [8.5271694, 47.3519049], [8.5271713, 47.3519066], [8.5271731, 47.3519084], [8.5271748, 47.3519103], [8.5271764, 47.3519121], [8.5271778, 47.3519141], [8.5271792, 47.351916], [8.5271805, 47.351918], [8.5271817, 47.35192], [8.5271827, 47.3519221], [8.5271837, 47.3519241], [8.5271845, 47.3519262], [8.5271853, 47.3519283], [8.5271859, 47.3519305], [8.5271864, 47.3519326], [8.5271868, 47.3519348], [8.5271871, 47.3519369], [8.5271872, 47.3519391], [8.5271873, 47.3519413], [8.5271872, 47.3519434], [8.5271868, 47.3519478], [8.5273701, 47.351883], [8.5273719, 47.3518729], [8.5277775, 47.3519228], [8.5277953, 47.351925], [8.528173, 47.3519717], [8.5281968, 47.3519928], [8.5281949, 47.3520109], [8.528194, 47.3520291], [8.5281941, 47.3520473], [8.5281971, 47.3520836], [8.528212, 47.3521915], [8.5283352, 47.3522178], [8.5283482, 47.352216], [8.528782, 47.3521562], [8.52894, 47.352404], [8.5294526, 47.3530062], [8.5297823, 47.3534234], [8.530114, 47.3533817], [8.5300543, 47.3531073], [8.5302177, 47.3530947], [8.5301403, 47.3527463], [8.5302468, 47.3526854], [8.5301458, 47.3525029], [8.5300295, 47.3523351], [8.5303024, 47.3522912], [8.530187, 47.3520032], [8.5301947, 47.3520036], [8.5302023, 47.3520047], [8.5302097, 47.3520065], [8.5302165, 47.3520089], [8.5302228, 47.352012], [8.5302285, 47.3520157], [8.5302373, 47.3520244], [8.5302402, 47.3520293], [8.5302422, 47.3520344], [8.5305887, 47.3519537], [8.5308865, 47.3522962], [8.5309094, 47.3523266], [8.5309471, 47.3523319], [8.5318165, 47.3521894], [8.5318957, 47.3521896], [8.5318956, 47.3521881], [8.5321001, 47.3521783], [8.5320938, 47.3521179], [8.5321049, 47.3521116], [8.5321352, 47.3520942], [8.5326289, 47.3520144], [8.532695, 47.3520037], [8.5329836, 47.3519571], [8.5330094, 47.3519529], [8.5330511, 47.3519429], [8.5330704, 47.3519397], [8.5330802, 47.3519381], [8.5330961, 47.351936], [8.5330914, 47.3518951], [8.5332166, 47.3518895], [8.5335075, 47.3518931], [8.5337093, 47.3518956], [8.5340221, 47.351925], [8.5343775, 47.3519584], [8.5349554, 47.3520128], [8.5358429, 47.3520961], [8.5420429, 47.3526779], [8.5538766, 47.3408611], [8.542967, 47.3354299], [8.5428469, 47.3353692], [8.5428251, 47.3353589], [8.5420769, 47.3350163], [8.5418632, 47.3348637], [8.5417639, 47.3347517], [8.5415445, 47.3346084], [8.5414055, 47.334506], [8.5408173, 47.3339097], [8.5407663, 47.3338275], [8.5407384, 47.3337584], [8.5403119, 47.3339578], [8.5402042, 47.3337186], [8.5403144, 47.3336471], [8.5404294, 47.3335795], [8.5395694, 47.3327149], [8.5394878, 47.3327318], [8.5393956, 47.3327301], [8.5393123, 47.3326914], [8.5392513, 47.3326331], [8.5388845, 47.3321661], [8.5388076, 47.3320809], [8.5387115, 47.3320098], [8.5385459, 47.331936], [8.538182, 47.3317991], [8.537827, 47.3315956], [8.5376973, 47.3315276], [8.5374669, 47.3314053], [8.5372845, 47.3313222], [8.5371051, 47.3312267], [8.5368942, 47.3310974], [8.5366375, 47.3308969], [8.5364308, 47.3307586], [8.5364405, 47.3306853], [8.536443, 47.330611], [8.5364339, 47.3304703], [8.5364264, 47.3304371], [8.5363984, 47.3303885], [8.5363526, 47.3303467], [8.5362969, 47.3303165], [8.5362267, 47.3302955], [8.5362311, 47.3301794], [8.5359486, 47.330127], [8.5358284, 47.3301084], [8.5356279, 47.3300817], [8.5354242, 47.3300599], [8.5350873, 47.330036], [8.5343829, 47.3300095], [8.5341595, 47.329997], [8.5338151, 47.3299657], [8.5334869, 47.3299229], [8.5331254, 47.3298599], [8.5327672, 47.3297804], [8.5320205, 47.329578], [8.5318723, 47.3295307], [8.5318164, 47.329506], [8.5317547, 47.3294697], [8.5317903, 47.329446], [8.5316863, 47.3293439], [8.5316259, 47.3292298], [8.5315903, 47.3290552], [8.5316007, 47.3289809], [8.5315279, 47.3286232], [8.531457, 47.328457], [8.5311935, 47.3281207], [8.5310347, 47.3278866], [8.5297491, 47.3277649], [8.5297002, 47.3268642], [8.5294302, 47.3268656], [8.5290012, 47.3269797], [8.5288827, 47.3269718], [8.5285682, 47.3269225], [8.5281391, 47.3268492], [8.5280516, 47.3265117], [8.5280305, 47.3263962], [8.5280273, 47.3263454], [8.5275626, 47.3263893], [8.5276321, 47.3261557], [8.525801, 47.3261892], [8.5256423, 47.325745], [8.5242668, 47.3260797], [8.5242249, 47.3259032], [8.5241958, 47.3255843], [8.5241672, 47.3255402], [8.5241879, 47.325537], [8.5242252, 47.3253727], [8.5241997, 47.3251676], [8.5242068, 47.3248561], [8.5241284, 47.3247914], [8.5240326, 47.3246269], [8.5238653, 47.3243862], [8.5237296, 47.3241605], [8.5234533, 47.32425], [8.5230517, 47.3243325], [8.5226331, 47.3243593], [8.5219462, 47.3243544], [8.5219527, 47.3239392], [8.520864, 47.3239131], [8.5203921, 47.3239271], [8.519932, 47.324012], [8.519508, 47.3241813], [8.5191596, 47.3244058], [8.5188919, 47.3246768], [8.5187977, 47.3249953], [8.5186886, 47.3253072], [8.518652, 47.3253454], [8.5187826, 47.325787], [8.5189153, 47.3262294], [8.5190474, 47.3266711], [8.5190763, 47.3267823], [8.5190961, 47.3268944], [8.5191046, 47.3270073], [8.519104, 47.3271205], [8.519093, 47.3272338], [8.5190711, 47.3273464], [8.519039, 47.3274563], [8.5190062, 47.3275445], [8.518967, 47.3276304], [8.5189209, 47.3277164], [8.5188689, 47.3278002], [8.5188109, 47.3278824], [8.5184814, 47.3282619], [8.5181444, 47.3286382], [8.5178079, 47.3290137], [8.5176003, 47.3292814], [8.5172891, 47.3296725], [8.5171026, 47.3298877], [8.5169437, 47.3301269], [8.5168374, 47.3303791], [8.5167853, 47.3306385], [8.5167891, 47.3309013], [8.5168739, 47.331156], [8.517011, 47.3313978], [8.5171732, 47.3316299], [8.5173831, 47.3318445], [8.5175961, 47.3320309], [8.5180438, 47.3323643], [8.5184494, 47.3327198], [8.5188553, 47.3330754], [8.5192502, 47.3334356], [8.5195193, 47.3336619], [8.5195343, 47.3337041], [8.5201278, 47.3342185], [8.5202053, 47.3342857], [8.5202342, 47.3343104], [8.5202617, 47.3343359], [8.5202877, 47.334362], [8.5203123, 47.3343888], [8.5203353, 47.3344162], [8.5203567, 47.3344443], [8.5203765, 47.3344728], [8.5204112, 47.3345313], [8.520426, 47.3345613], [8.5204392, 47.3345915], [8.5204506, 47.3346221], [8.5204602, 47.334653], [8.5204681, 47.3346841], [8.5204742, 47.3347154], [8.5204786, 47.3347469], [8.5204819, 47.3348099], [8.5204774, 47.3348658], [8.5204698, 47.3349214], [8.5204455, 47.335032], [8.5204288, 47.3350868], [8.5204092, 47.3351411], [8.520361, 47.335248], [8.5202048, 47.3355758], [8.5200573, 47.3357257], [8.5199647, 47.3358295], [8.5200222, 47.3358279], [8.519867, 47.3359899], [8.5197063, 47.336131], [8.5196852, 47.3361495], [8.5195458, 47.336254], [8.5195038, 47.3362856], [8.5194866, 47.3362985], [8.5192985, 47.3364184], [8.5192704, 47.3364363], [8.5190226, 47.3365815], [8.518809, 47.3366968], [8.5187281, 47.3367405], [8.5185441, 47.3368395], [8.5185026, 47.3368616], [8.5180006, 47.337155], [8.5176014, 47.3373892], [8.5174999, 47.3374487], [8.5172546, 47.3375917], [8.5170106, 47.33776], [8.5169359, 47.3378115], [8.516917, 47.3378245], [8.5166394, 47.3380911], [8.5164284, 47.3383848], [8.51629, 47.338697], [8.5162275, 47.339021], [8.5162428, 47.3393475], [8.5163354, 47.3396678], [8.5165216, 47.3399681], [8.5167624, 47.3403489], [8.5170433, 47.3407569], [8.5173234, 47.3411653], [8.5174939, 47.3414134], [8.51746, 47.3414179], [8.5174822, 47.3414551], [8.5175231, 47.3415448], [8.5177903, 47.3419278], [8.5179562, 47.3421951], [8.5180922, 47.3424723], [8.5182009, 47.3427954], [8.5182563, 47.343171], [8.5182565, 47.3434216], [8.5182245, 47.3437234], [8.5181068, 47.3440925], [8.5180083, 47.3442264], [8.5180925, 47.34425], [8.5180569, 47.3443286], [8.5180396, 47.344367], [8.5183503, 47.3444441], [8.5173826, 47.3462453], [8.5171562, 47.3466679], [8.5169287, 47.347091], [8.5167021, 47.3475142], [8.5165202, 47.3478525], [8.5163693, 47.348134], [8.5162765, 47.3483363], [8.5162127, 47.3485439], [8.5161787, 47.3487551], [8.5161356, 47.3489682], [8.5161557, 47.3491831], [8.5162261, 47.3493914], [8.5163316, 47.349594], [8.5164444, 47.3497931], [8.5165872, 47.3499831], [8.5167414, 47.3501697], [8.5169362, 47.3503391], [8.5171499, 47.3504973], [8.5173843, 47.3506422], [8.5176488, 47.3507619], [8.5179236, 47.3508682], [8.5182111, 47.3509573], [8.5183911, 47.3509809], [8.5188797, 47.3511105], [8.5194217, 47.3512547], [8.5200383, 47.3514181], [8.5206546, 47.3515818], [8.5210536, 47.3516877], [8.5217049, 47.3518854], [8.5224048, 47.3520965], [8.5227649, 47.3522098], [8.5234537, 47.3524763], [8.5237773, 47.3526325]]]]}}, {"type": "Feature", "properties": {"name": "Alt-Wiedikon"}, "geometry": {"type": "MultiPolygon", "coordinates": [[[[8.5236886, 47.3655668], [8.5235822, 47.3658691], [8.5234649, 47.3659205], [8.523395, 47.3659512], [8.5233693, 47.3659887], [8.5233777, 47.3660217], [8.5232875, 47.3661804], [8.5232552, 47.3661758], [8.5232278, 47.3662368], [8.5232165, 47.3662677], [8.5232069, 47.366299], [8.5231989, 47.3663304], [8.523194, 47.3663645], [8.5231881, 47.3663937], [8.5231852, 47.3664255], [8.5231841, 47.3664573], [8.5231846, 47.3664891], [8.5231868, 47.3665209], [8.5231907, 47.3665527], [8.5232059, 47.3666245], [8.5232294, 47.3666901], [8.5232571, 47.3667532], [8.5232928, 47.3668243], [8.5233245, 47.3668826], [8.5233746, 47.3669693], [8.5234901, 47.3671604], [8.5235242, 47.3672211], [8.523422, 47.3672716], [8.5231229, 47.3673787], [8.5230029, 47.3674811], [8.5230291, 47.3674951], [8.5229503, 47.3675624], [8.5228095, 47.3676826], [8.5226739, 47.3677985], [8.5225421, 47.367911], [8.5224199, 47.3680156], [8.5222489, 47.3681617], [8.5221324, 47.3682613], [8.5219998, 47.3683739], [8.5219108, 47.3684499], [8.5218121, 47.3685341], [8.5217785, 47.3685626], [8.5217761, 47.3685646], [8.5217736, 47.3685665], [8.5217711, 47.3685683], [8.5217684, 47.3685701], [8.5217657, 47.3685718], [8.5217628, 47.3685735], [8.5217599, 47.3685751], [8.5217569, 47.3685766], [8.5217538, 47.368578], [8.5217506, 47.3685794], [8.5217474, 47.3685806], [8.5217408, 47.368583], [8.521515, 47.368748], [8.521306, 47.368893], [8.5211354, 47.3690113], [8.5211091, 47.3690313], [8.5211078, 47.3690304], [8.5210787, 47.3690506], [8.5209336, 47.3691513], [8.5207741, 47.3692618], [8.5206683, 47.3693352], [8.520514, 47.3694422], [8.5203603, 47.3695488], [8.5203031, 47.3695427], [8.5200859, 47.369575], [8.5200164, 47.3696543], [8.5200107, 47.369652], [8.5200094, 47.3696535], [8.5199906, 47.369674], [8.5199705, 47.369694], [8.5199267, 47.3697321], [8.5199061, 47.3697477], [8.5198846, 47.3697628], [8.5198392, 47.3697914], [8.5198146, 47.3698053], [8.519763, 47.3698312], [8.5197345, 47.3698438], [8.5197053, 47.3698555], [8.5196754, 47.3698664], [8.5196138, 47.3698857], [8.5195648, 47.3698993], [8.5191381, 47.36997], [8.5191709, 47.369995], [8.5189966, 47.3700437], [8.5189637, 47.3700189], [8.5187453, 47.37008], [8.5182695, 47.370282], [8.5181097, 47.3703268], [8.5179662, 47.3703671], [8.5179235, 47.370379], [8.5177124, 47.3704382], [8.5175683, 47.3704787], [8.5175555, 47.3704806], [8.5175425, 47.3704796], [8.5173488, 47.3705083], [8.5172509, 47.3705488], [8.5172352, 47.3705545], [8.5172193, 47.3705598], [8.517203, 47.3705646], [8.5171865, 47.3705691], [8.5171697, 47.3705731], [8.5171527, 47.3705766], [8.5171356, 47.3705798], [8.5171008, 47.3705847], [8.5170832, 47.3705865], [8.5170656, 47.3705879], [8.5170479, 47.3705888], [8.5170301, 47.3705892], [8.5170124, 47.3705892], [8.5169946, 47.3705887], [8.5169769, 47.3705878], [8.5169418, 47.3705846], [8.5164996, 47.3705326], [8.5163369, 47.3705134], [8.5162193, 47.3704995], [8.5161538, 47.3704919], [8.516102, 47.3704858], [8.5158664, 47.3704581], [8.5156968, 47.3704381], [8.5153678, 47.3703993], [8.5152513, 47.3703855], [8.5150744, 47.3703646], [8.515013, 47.3703574], [8.5150129, 47.3703579], [8.5149456, 47.3703501], [8.5149457, 47.3703494], [8.5148746, 47.370341], [8.5148721, 47.3703407], [8.5148696, 47.3703403], [8.5148671, 47.3703398], [8.5148646, 47.3703393], [8.5148622, 47.3703388], [8.5148598, 47.3703381], [8.5148574, 47.3703375], [8.5148551, 47.3703367], [8.5148528, 47.3703359], [8.5148505, 47.3703351], [8.5148483, 47.3703342], [8.5148462, 47.3703332], [8.5148441, 47.3703322], [8.514842, 47.3703312], [8.51484, 47.37033], [8.5148381, 47.3703289], [8.5148362, 47.3703277], [8.5148344, 47.3703265], [8.5148326, 47.3703252], [8.5148309, 47.3703238], [8.5148293, 47.3703225], [8.5148278, 47.3703211], [8.5148263, 47.3703196], [8.5148249, 47.3703182], [8.5148236, 47.3703166], [8.5148224, 47.3703151], [8.5148212, 47.3703135], [8.5148202, 47.3703119], [8.5148183, 47.3703087], [8.5146651, 47.3702523], [8.5146287, 47.3702479], [8.5143913, 47.370219], [8.5131687, 47.37014], [8.5129777, 47.3701173], [8.5128524, 47.3701026], [8.5127289, 47.3700881], [8.5126044, 47.3700734], [8.5124807, 47.3700588], [8.5123566, 47.3700442], [8.5121161, 47.3700158], [8.5121149, 47.3700156], [8.5121138, 47.3700155], [8.5121127, 47.3700153], [8.5121117, 47.3700151], [8.5121106, 47.3700149], [8.5121095, 47.3700146], [8.5121085, 47.3700143], [8.5121074, 47.370014], [8.5121064, 47.3700137], [8.5121054, 47.3700133], [8.5121044, 47.3700129], [8.5121035, 47.3700125], [8.5121026, 47.3700121], [8.5121016, 47.3700117], [8.5121007, 47.3700112], [8.5120999, 47.3700107], [8.512099, 47.3700102], [8.5120982, 47.3700097], [8.5120974, 47.3700091], [8.5120967, 47.3700085], [8.512096, 47.3700079], [8.5120953, 47.3700073], [8.5120946, 47.3700067], [8.512094, 47.3700061], [8.5120934, 47.3700054], [8.5120928, 47.3700048], [8.5120923, 47.3700041], [8.5120918, 47.3700034], [8.5120913, 47.3700027], [8.5120905, 47.3700013], [8.5120901, 47.3700005], [8.5120898, 47.3699997], [8.5120895, 47.3699989], [8.5120893, 47.3699981], [8.512089, 47.3699973], [8.5120889, 47.3699965], [8.5120887, 47.3699957], [8.5120887, 47.3699949], [8.5120886, 47.3699941], [8.5120886, 47.3699933], [8.5120887, 47.3699924], [8.5120887, 47.3699916], [8.5120889, 47.3699908], [8.512089, 47.36999], [8.5120892, 47.3699892], [8.5120895, 47.3699884], [8.5120898, 47.3699876], [8.5120901, 47.3699868], [8.5120905, 47.3699861], [8.5120909, 47.3699853], [8.5120914, 47.3699845], [8.5120919, 47.3699838], [8.5120924, 47.3699831], [8.512093, 47.3699823], [8.5120936, 47.3699816], [8.5120942, 47.3699809], [8.5120949, 47.3699803], [8.5120964, 47.369979], [8.511908, 47.3699911], [8.5117423, 47.3699716], [8.5115306, 47.3699466], [8.5112174, 47.3699095], [8.5111263, 47.3698988], [8.5109205, 47.3698745], [8.5109283, 47.3698435], [8.5108826, 47.3698382], [8.510647, 47.3698103], [8.5102022, 47.3697901], [8.5099785, 47.3697637], [8.5098043, 47.369743], [8.509574, 47.3697158], [8.5093836, 47.3696933], [8.5093805, 47.3696931], [8.5093829, 47.3696838], [8.5084609, 47.3695741], [8.5084273, 47.3695702], [8.5084191, 47.3695749], [8.5083882, 47.3695689], [8.5081048, 47.3695319], [8.5080982, 47.3695335], [8.5080954, 47.3695339], [8.5080913, 47.3695343], [8.5080871, 47.3695344], [8.5080815, 47.369534], [8.507841, 47.3695054], [8.5076127, 47.3694782], [8.5072914, 47.3694398], [8.5070269, 47.3694084], [8.5068213, 47.369384], [8.5067019, 47.3693697], [8.5064973, 47.3693454], [8.5062324, 47.3693138], [8.5062065, 47.3693096], [8.5061551, 47.3693005], [8.5061295, 47.3692955], [8.5060786, 47.3692848], [8.5058166, 47.3692234], [8.5058214, 47.3692206], [8.5058238, 47.3692191], [8.505826, 47.3692176], [8.5058282, 47.369216], [8.5058302, 47.3692144], [8.5058322, 47.3692127], [8.5058341, 47.369211], [8.5058359, 47.3692092], [8.5058376, 47.3692074], [8.5058393, 47.3692056], [8.5058422, 47.3692017], [8.5058435, 47.3691997], [8.5058447, 47.3691977], [8.5058458, 47.3691957], [8.5058468, 47.3691936], [8.5058477, 47.3691916], [8.5058485, 47.3691895], [8.5058492, 47.3691873], [8.5058498, 47.3691852], [8.5058502, 47.3691831], [8.5058729, 47.3691002], [8.5058847, 47.3690588], [8.5059092, 47.3689764], [8.5059219, 47.3689353], [8.5059534, 47.3689389], [8.5059771, 47.3688648], [8.5059894, 47.3688278], [8.5060148, 47.3687541], [8.506028, 47.3687174], [8.5060651, 47.3686174], [8.5061287, 47.3684571], [8.5061654, 47.3683702], [8.5061842, 47.3683268], [8.506253, 47.3681758], [8.5062891, 47.3681007], [8.506364, 47.367951], [8.5064031, 47.3678765], [8.5064846, 47.3677283], [8.5065269, 47.3676546], [8.5066149, 47.3675082], [8.5066605, 47.3674354], [8.506789, 47.3672325], [8.5069781, 47.366991], [8.5070413, 47.3668996], [8.5070733, 47.366854], [8.5070994, 47.3668168], [8.5071124, 47.3667982], [8.5072229, 47.3666484], [8.5072794, 47.3665739], [8.5073074, 47.3665375], [8.5073215, 47.3665194], [8.5074383, 47.3663712], [8.5074979, 47.3662976], [8.5076428, 47.3661244], [8.5077169, 47.3660385], [8.5077569, 47.3659934], [8.5078429, 47.3658964], [8.507907, 47.3658258], [8.5081902, 47.3655173], [8.508427, 47.3652593], [8.5085882, 47.3650837], [8.5085397, 47.3649969], [8.508243, 47.3647938], [8.5084786, 47.3647124], [8.5084182, 47.3646686], [8.5084352, 47.3646661], [8.5084437, 47.3646651], [8.5084608, 47.3646632], [8.5084693, 47.3646625], [8.5085738, 47.3646536], [8.5085912, 47.3646521], [8.5085999, 47.3646511], [8.5086172, 47.3646488], [8.5086257, 47.3646474], [8.5099697, 47.3644432], [8.5103816, 47.3643806], [8.511675, 47.3641822], [8.5117041, 47.3641477], [8.5109735, 47.3638976], [8.510421, 47.3636946], [8.5097782, 47.3634735], [8.5096509, 47.3634202], [8.509291, 47.3632331], [8.5088942, 47.3630245], [8.5086663, 47.3629129], [8.5085352, 47.3628331], [8.5084579, 47.3627725], [8.5079294, 47.3623864], [8.5075133, 47.3620928], [8.5073102, 47.3619495], [8.5073256, 47.3619321], [8.507544, 47.3616838], [8.5078282, 47.3613607], [8.5080933, 47.3610594], [8.5082905, 47.3608352], [8.5088313, 47.3602203], [8.5093315, 47.3596516], [8.5098285, 47.3590867], [8.5102604, 47.3592362], [8.5103182, 47.3592562], [8.5105856, 47.359418], [8.5107899, 47.3595407], [8.5110101, 47.3596662], [8.51124, 47.3597827], [8.5114528, 47.3598739], [8.5116708, 47.3599756], [8.5118825, 47.3600678], [8.5121256, 47.3601736], [8.5120972, 47.3602095], [8.5123185, 47.3602904], [8.5125627, 47.3599815], [8.5125998, 47.3599526], [8.5124955, 47.3598957], [8.512549, 47.3598206], [8.5125558, 47.3598128], [8.5127502, 47.3595908], [8.5129194, 47.3593975], [8.5129838, 47.359321], [8.5131731, 47.3590959], [8.5132643, 47.3589846], [8.5134122, 47.3588038], [8.5137332, 47.3584116], [8.5141774, 47.357869], [8.5141839, 47.3578612], [8.5141998, 47.3578671], [8.5146811, 47.3580439], [8.5147989, 47.3578604], [8.5147236, 47.3577966], [8.514654, 47.3577298], [8.5145914, 47.3576599], [8.5145356, 47.3575873], [8.5144866, 47.3575126], [8.5144451, 47.3574357], [8.5142925, 47.3571228], [8.5142744, 47.3570802], [8.5142671, 47.3570587], [8.5142609, 47.3570369], [8.5142559, 47.357015], [8.5142372, 47.356945], [8.5142252, 47.3569103], [8.5142113, 47.356876], [8.5141955, 47.356842], [8.5140485, 47.3565415], [8.5139852, 47.3564304], [8.5139706, 47.3564084], [8.5139493, 47.3563761], [8.5139308, 47.35635], [8.5138747, 47.356263], [8.5138512, 47.3562183], [8.5138308, 47.3561764], [8.5139661, 47.3558944], [8.5141005, 47.355548], [8.5142381, 47.3550247], [8.5143788, 47.3541527], [8.5144214, 47.3538889], [8.5143911, 47.3536083], [8.5143606, 47.3533243], [8.5143465, 47.35321], [8.5147079, 47.3533549], [8.5153067, 47.3538695], [8.5159061, 47.3543846], [8.5165104, 47.3549038], [8.51712, 47.3554277], [8.5171439, 47.3556294], [8.5171808, 47.3559375], [8.517297, 47.3559642], [8.5173899, 47.3560243], [8.5174748, 47.3560929], [8.5174232, 47.3560255], [8.5174294, 47.3559508], [8.5174606, 47.3557383], [8.5174502, 47.3556581], [8.5174603, 47.3556519], [8.5178507, 47.3554133], [8.5180701, 47.3552768], [8.5183997, 47.3548535], [8.5187677, 47.3544499], [8.5190929, 47.3539886], [8.5197025, 47.352135], [8.5198941, 47.3516693], [8.5200383, 47.3514181], [8.5206546, 47.3515818], [8.5210536, 47.3516877], [8.5217049, 47.3518854], [8.5224048, 47.3520965], [8.5227649, 47.3522098], [8.5234537, 47.3524763], [8.5237773, 47.3526325], [8.5239742, 47.3527335], [8.524164, 47.3528425], [8.5243275, 47.3529696], [8.5244734, 47.3531058], [8.5246273, 47.3533002], [8.5247317, 47.3535096], [8.5247644, 47.3536763], [8.524783, 47.3538226], [8.5247472, 47.3540629], [8.5246661, 47.3545084], [8.5245844, 47.3549562], [8.5245133, 47.3553455], [8.524483, 47.3555573], [8.5244667, 47.3557699], [8.5244447, 47.3562952], [8.5244369, 47.3565251], [8.5244181, 47.3567541], [8.5243839, 47.3569756], [8.5243346, 47.3571934], [8.5242701, 47.3574093], [8.5241957, 47.357629], [8.5240478, 47.3580695], [8.523909, 47.3584844], [8.5237559, 47.3589447], [8.5236095, 47.3593838], [8.5234848, 47.3597575], [8.5233589, 47.3601017], [8.5232819, 47.3603525], [8.5229591, 47.3616616], [8.5229027, 47.3619197], [8.522823, 47.3623653], [8.5227917, 47.3630051], [8.5227939, 47.3631743], [8.5228121, 47.3634548], [8.5228466, 47.3637308], [8.5228749, 47.3638951], [8.5229287, 47.3641133], [8.5229948, 47.36433], [8.523072, 47.364545], [8.5231664, 47.3647566], [8.5232759, 47.3649652], [8.5234005, 47.3651701], [8.5235371, 47.3653709], [8.5236886, 47.3655668]]]]}}, {"type": "Feature", "properties": {"name": "Friesenberg"}, "geometry": {"type": "MultiPolygon", "coordinates": [[[[8.5058166, 47.3692234], [8.5058214, 47.3692206], [8.5058238, 47.3692191], [8.505826, 47.3692176], [8.5058282, 47.369216], [8.5058302, 47.3692144], [8.5058322, 47.3692127], [8.5058341, 47.369211], [8.5058359, 47.3692092], [8.5058376, 47.3692074], [8.5058393, 47.3692056], [8.5058422, 47.3692017], [8.5058435, 47.3691997], [8.5058447, 47.3691977], [8.5058458, 47.3691957], [8.5058468, 47.3691936], [8.5058477, 47.3691916], [8.5058485, 47.3691895], [8.5058492, 47.3691873], [8.5058498, 47.3691852], [8.5058502, 47.3691831], [8.5058729, 47.3691002], [8.5058847, 47.3690588], [8.5059092, 47.3689764], [8.5059219, 47.3689353], [8.5059534, 47.3689389], [8.5059771, 47.3688648], [8.5059894, 47.3688278], [8.5060148, 47.3687541], [8.506028, 47.3687174], [8.5060651, 47.3686174], [8.5061287, 47.3684571], [8.5061654, 47.3683702], [8.5061842, 47.3683268], [8.506253, 47.3681758], [8.5062891, 47.3681007], [8.506364, 47.367951], [8.5064031, 47.3678765], [8.5064846, 47.3677283], [8.5065269, 47.3676546], [8.5066149, 47.3675082], [8.5066605, 47.3674354], [8.506789, 47.3672325], [8.5069781, 47.366991], [8.5070413, 47.3668996], [8.5070733, 47.366854], [8.5070994, 47.3668168], [8.5071124, 47.3667982], [8.5072229, 47.3666484], [8.5072794, 47.3665739], [8.5073074, 47.3665375], [8.5073215, 47.3665194], [8.5074383, 47.3663712], [8.5074979, 47.3662976], [8.5076428, 47.3661244], [8.5077169, 47.3660385], [8.5077569, 47.3659934], [8.5078429, 47.3658964], [8.507907, 47.3658258], [8.5081902, 47.3655173], [8.508427, 47.3652593], [8.5085882, 47.3650837], [8.5085397, 47.3649969], [8.508243, 47.3647938], [8.5084786, 47.3647124], [8.5084182, 47.3646686], [8.5084352, 47.3646661], [8.5084437, 47.3646651], [8.5084608, 47.3646632], [8.5084693, 47.3646625], [8.5085738, 47.3646536], [8.5085912, 47.3646521], [8.5085999, 47.3646511], [8.5086172, 47.3646488], [8.5086257, 47.3646474], [8.5099697, 47.3644432], [8.5103816, 47.3643806], [8.511675, 47.3641822], [8.5117041, 47.3641477], [8.5109735, 47.3638976], [8.510421, 47.3636946], [8.5097782, 47.3634735], [8.5096509, 47.3634202], [8.509291, 47.3632331], [8.5088942, 47.3630245], [8.5086663, 47.3629129], [8.5085352, 47.3628331], [8.5084579, 47.3627725], [8.5079294, 47.3623864], [8.5075133, 47.3620928], [8.5073102, 47.3619495], [8.5073256, 47.3619321], [8.507544, 47.3616838], [8.5078282, 47.3613607], [8.5080933, 47.3610594], [8.5082905, 47.3608352], [8.5088313, 47.3602203], [8.5093315, 47.3596516], [8.5098285, 47.3590867], [8.5102604, 47.3592362], [8.5103182, 47.3592562], [8.5105856, 47.359418], [8.5107899, 47.3595407], [8.5110101, 47.3596662], [8.51124, 47.3597827], [8.5114528, 47.3598739], [8.5116708, 47.3599756], [8.5118825, 47.3600678], [8.5121256, 47.3601736], [8.5120972, 47.3602095], [8.5123185, 47.3602904], [8.5125627, 47.3599815], [8.5125998, 47.3599526], [8.5124955, 47.3598957], [8.512549, 47.3598206], [8.5125558, 47.3598128], [8.5127502, 47.3595908], [8.5129194, 47.3593975], [8.5129838, 47.359321], [8.5131731, 47.3590959], [8.5132643, 47.3589846], [8.5134122, 47.3588038], [8.5137332, 47.3584116], [8.5141774, 47.357869], [8.5141839, 47.3578612], [8.5141998, 47.3578671], [8.5146811, 47.3580439], [8.5147989, 47.3578604], [8.5147236, 47.3577966], [8.514654, 47.3577298], [8.5145914, 47.3576599], [8.5145356, 47.3575873], [8.5144866, 47.3575126], [8.5144451, 47.3574357], [8.5142925, 47.3571228], [8.5142744, 47.3570802], [8.5142671, 47.3570587], [8.5142609, 47.3570369], [8.5142559, 47.357015], [8.5142372, 47.356945], [8.5142252, 47.3569103], [8.5142113, 47.356876], [8.5141955, 47.356842], [8.5140485, 47.3565415], [8.5139852, 47.3564304], [8.5139706, 47.3564084], [8.5139493, 47.3563761], [8.5139308, 47.35635], [8.5138747, 47.356263], [8.5138512, 47.3562183], [8.5138308, 47.3561764], [8.5139661, 47.3558944], [8.5141005, 47.355548], [8.5142381, 47.3550247], [8.5143788, 47.3541527], [8.5144214, 47.3538889], [8.5143911, 47.3536083], [8.5143606, 47.3533243], [8.5143465, 47.35321], [8.5147079, 47.3533549], [8.5153067, 47.3538695], [8.5159061, 47.3543846], [8.5165104, 47.3549038], [8.51712, 47.3554277], [8.5171439, 47.3556294], [8.5171808, 47.3559375], [8.517297, 47.3559642], [8.5173899, 47.3560243], [8.5174748, 47.3560929], [8.5174232, 47.3560255], [8.5174294, 47.3559508], [8.5174606, 47.3557383], [8.5174502, 47.3556581], [8.5174603, 47.3556519], [8.5178507, 47.3554133], [8.5180701, 47.3552768], [8.5183997, 47.3548535], [8.5187677, 47.3544499], [8.5190929, 47.3539886], [8.5197025, 47.352135], [8.5198941, 47.3516693], [8.5200383, 47.3514181], [8.5194217, 47.3512547], [8.5188797, 47.3511105], [8.5183911, 47.3509809], [8.5182111, 47.3509573], [8.5179236, 47.3508682], [8.5176488, 47.3507619], [8.5173843, 47.3506422], [8.5171499, 47.3504973], [8.5169362, 47.3503391], [8.5167414, 47.3501697], [8.5165872, 47.3499831], [8.5164444, 47.3497931], [8.5163316, 47.349594], [8.5162261, 47.3493914], [8.5161557, 47.3491831], [8.5161356, 47.3489682], [8.5161787, 47.3487551], [8.5162127, 47.3485439], [8.5162765, 47.3483363], [8.5163693, 47.348134], [8.5165202, 47.3478525], [8.5167021, 47.3475142], [8.5169287, 47.347091], [8.5171562, 47.3466679], [8.5173826, 47.3462453], [8.5183503, 47.3444441], [8.5180396, 47.344367], [8.5180569, 47.3443286], [8.5179612, 47.3442805], [8.5177736, 47.3441861], [8.5173387, 47.3439485], [8.5168692, 47.3436915], [8.5167086, 47.343592], [8.5166522, 47.3435024], [8.5166472, 47.3434899], [8.5166035, 47.3434926], [8.5165546, 47.3435015], [8.51638, 47.3435112], [8.516249, 47.3434984], [8.5161982, 47.3434833], [8.5160553, 47.3434782], [8.516023, 47.3434976], [8.5159681, 47.343508], [8.5158412, 47.3435079], [8.5158008, 47.343502], [8.5157219, 47.3435083], [8.5156956, 47.3435113], [8.5156691, 47.3435106], [8.5156306, 47.3435241], [8.5155839, 47.3435207], [8.5155112, 47.343525], [8.5154779, 47.3435093], [8.5153821, 47.343471], [8.515328, 47.3434681], [8.5152656, 47.3434533], [8.5151615, 47.3434694], [8.5149703, 47.3434175], [8.5148616, 47.3433978], [8.5147768, 47.3433708], [8.5147155, 47.3433534], [8.5147027, 47.34336], [8.5146921, 47.3433655], [8.5146317, 47.3434068], [8.5145859, 47.3434381], [8.5145533, 47.3434791], [8.5144789, 47.3435088], [8.5144627, 47.3435293], [8.5144342, 47.3435489], [8.5143868, 47.343588], [8.5143267, 47.3436047], [8.5142694, 47.3436322], [8.5141556, 47.3436589], [8.5140539, 47.3436825], [8.5140403, 47.3436864], [8.5139185, 47.3437114], [8.5138755, 47.3437305], [8.5138357, 47.3437353], [8.5137777, 47.3437333], [8.5137106, 47.3437647], [8.5135792, 47.3437918], [8.5134838, 47.343798], [8.5134475, 47.3438061], [8.5133895, 47.3437921], [8.5133086, 47.343802], [8.5132382, 47.343781], [8.5131854, 47.3437781], [8.5131357, 47.3437831], [8.5130925, 47.3437917], [8.5130471, 47.3438043], [8.5128807, 47.3438512], [8.5128211, 47.3438599], [8.5127724, 47.3438591], [8.51271, 47.3438715], [8.5126231, 47.3438808], [8.5125679, 47.3438711], [8.5125418, 47.343875], [8.5124943, 47.3438662], [8.5123776, 47.3438845], [8.5122987, 47.3438961], [8.5121026, 47.3439013], [8.512069, 47.343904], [8.5119524, 47.3439133], [8.5118157, 47.3439039], [8.5116372, 47.3439125], [8.5115381, 47.3439146], [8.5114073, 47.3439013], [8.5112072, 47.3438951], [8.511057, 47.3439076], [8.5109216, 47.3438966], [8.5108552, 47.3438979], [8.51078, 47.3439204], [8.5107026, 47.3439257], [8.5106287, 47.3439367], [8.5106355, 47.3439279], [8.5100983, 47.3440301], [8.5099218, 47.3440335], [8.5096814, 47.3440256], [8.5094231, 47.3440052], [8.5091769, 47.3439258], [8.5088905, 47.3437613], [8.5084461, 47.3435415], [8.5080703, 47.3433013], [8.5076798, 47.3431348], [8.5069706, 47.3429011], [8.5066262, 47.3426617], [8.5064947, 47.3425181], [8.5060653, 47.3423037], [8.5057303, 47.342206], [8.5056109, 47.3421203], [8.505274, 47.34186], [8.505019, 47.3416759], [8.5047811, 47.3415239], [8.5044833, 47.3413177], [8.5042865, 47.3410564], [8.5040809, 47.340916], [8.503946, 47.3407315], [8.5038865, 47.3404267], [8.5037088, 47.3401868], [8.503551, 47.3399692], [8.5033026, 47.339747], [8.5030594, 47.3397526], [8.5030035, 47.3395242], [8.5030505, 47.3393108], [8.5029941, 47.3390543], [8.5028237, 47.3386455], [8.50266, 47.3382309], [8.5024747, 47.3380106], [8.5023879, 47.3379791], [8.5022333, 47.3379231], [8.5022101, 47.3375698], [8.5023903, 47.3371854], [8.5024247, 47.3369098], [8.5024987, 47.3366301], [8.5022446, 47.3365064], [8.5020229, 47.3363588], [8.5019744, 47.3363936], [8.5020081, 47.3365268], [8.5019981, 47.3366619], [8.5019663, 47.3367955], [8.5019075, 47.3369243], [8.5018252, 47.3370472], [8.5017324, 47.3371665], [8.50162, 47.3372774], [8.501215, 47.3376159], [8.5010421, 47.3377495], [8.5003494, 47.3382292], [8.5002586, 47.3382983], [8.5001804, 47.3383744], [8.4999617, 47.3386151], [8.4998111, 47.3387693], [8.4993773, 47.3391785], [8.4992116, 47.3393248], [8.4988563, 47.3396128], [8.4987821, 47.3396825], [8.4987366, 47.3397628], [8.4983882, 47.3406519], [8.4983404, 47.3408305], [8.4983062, 47.3409985], [8.4981654, 47.3415193], [8.4980878, 47.3416929], [8.4979565, 47.3418507], [8.4978269, 47.3419705], [8.4977045, 47.3420628], [8.4975603, 47.3421392], [8.4972279, 47.3422834], [8.4971363, 47.3423339], [8.4970687, 47.3423998], [8.4970312, 47.342472], [8.4970191, 47.3425484], [8.4970175, 47.3428266], [8.4970342, 47.3430045], [8.4970728, 47.3432008], [8.4970972, 47.3432604], [8.4971468, 47.3433123], [8.4972174, 47.3433518], [8.4977737, 47.3435787], [8.4978873, 47.3436356], [8.4979963, 47.343649], [8.4980685, 47.3437807], [8.4981079, 47.3438687], [8.4981435, 47.3441089], [8.4981794, 47.3442332], [8.4981962, 47.3443234], [8.4981839, 47.3445325], [8.4981505, 47.3446434], [8.4979102, 47.3449869], [8.497739, 47.3452052], [8.4975171, 47.3453507], [8.4973393, 47.3454539], [8.4972548, 47.3455293], [8.496898, 47.3459069], [8.4963744, 47.3464814], [8.4962962, 47.3465201], [8.4959928, 47.3466288], [8.4958939, 47.3466779], [8.4956867, 47.3467906], [8.4956223, 47.3468177], [8.4955517, 47.3468367], [8.4954836, 47.3468465], [8.4954205, 47.3468487], [8.4953293, 47.3468442], [8.4952648, 47.3468499], [8.4951902, 47.3468699], [8.4951306, 47.3468998], [8.4950893, 47.3469318], [8.4950548, 47.3469654], [8.4950262, 47.3470015], [8.4950033, 47.3470419], [8.4949835, 47.3471047], [8.494972, 47.3472284], [8.4949546, 47.3472345], [8.4949353, 47.3473234], [8.4948908, 47.3474093], [8.494838, 47.3474734], [8.4947693, 47.3475382], [8.4946974, 47.3475926], [8.4946176, 47.3476414], [8.494404, 47.3477442], [8.4941772, 47.3478333], [8.4937127, 47.3479839], [8.493633, 47.3480029], [8.4935454, 47.3480152], [8.4935615, 47.3480796], [8.4934551, 47.3480922], [8.4928633, 47.3482798], [8.4920889, 47.3494265], [8.4920708, 47.349502], [8.4919674, 47.3495351], [8.4914641, 47.3496413], [8.4912877, 47.3498333], [8.4911828, 47.350128], [8.4909998, 47.3502541], [8.4908944, 47.3505078], [8.4908997, 47.3506702], [8.4900114, 47.3505595], [8.489864, 47.3506461], [8.4892344, 47.3511736], [8.4890956, 47.3513359], [8.4888923, 47.3515298], [8.4887447, 47.3516463], [8.4885463, 47.3517679], [8.4885586, 47.3517712], [8.4884014, 47.3518067], [8.4882175, 47.3518552], [8.488144, 47.3519211], [8.4881426, 47.3519998], [8.4874083, 47.3520909], [8.4869261, 47.3520271], [8.4868068, 47.352198], [8.4869917, 47.3526803], [8.4872865, 47.3531077], [8.4872099, 47.3531961], [8.4871157, 47.353403], [8.4868466, 47.3536602], [8.4865052, 47.3537719], [8.4861398, 47.3540287], [8.4857384, 47.3542172], [8.4857251, 47.3542895], [8.4854334, 47.3544241], [8.4854427, 47.3544787], [8.485229, 47.3545662], [8.4850181, 47.3546835], [8.4850373, 47.3547241], [8.4848492, 47.3549808], [8.4846368, 47.3553601], [8.4846033, 47.3556098], [8.484613, 47.3558217], [8.4846535, 47.3562419], [8.4846448, 47.3567031], [8.4845405, 47.3567246], [8.4844782, 47.3570199], [8.4843005, 47.3572723], [8.4842691, 47.3573639], [8.4841228, 47.3575576], [8.4838561, 47.3577587], [8.4834275, 47.358022], [8.4835351, 47.3581972], [8.4836286, 47.3583356], [8.4840376, 47.3587257], [8.484583, 47.359208], [8.4850047, 47.3596532], [8.4853333, 47.359974], [8.4858425, 47.3604323], [8.4863001, 47.3608542], [8.4866646, 47.3611879], [8.4869421, 47.3614295], [8.4872083, 47.3616637], [8.4876875, 47.3621467], [8.4883158, 47.3622404], [8.4886387, 47.3623373], [8.4890237, 47.3624523], [8.4895931, 47.362623], [8.4898874, 47.3627406], [8.4906513, 47.3630459], [8.4913359, 47.3633459], [8.4920623, 47.3635689], [8.492521, 47.3637181], [8.493233, 47.3639469], [8.493725, 47.3640686], [8.4937913, 47.3640851], [8.4939588, 47.3641267], [8.4940251, 47.364123], [8.4940551, 47.3641213], [8.4941301, 47.3641169], [8.4941928, 47.3644446], [8.4942648, 47.3646896], [8.4942635, 47.3647018], [8.4942534, 47.3647882], [8.4941625, 47.3649653], [8.4940751, 47.36499], [8.4938886, 47.3650165], [8.4938498, 47.365116], [8.4938135, 47.365209], [8.4938166, 47.3652032], [8.4938222, 47.3651948], [8.4938292, 47.3651869], [8.4938404, 47.3651772], [8.4938535, 47.3651687], [8.4938721, 47.3651599], [8.4938883, 47.3651545], [8.4939055, 47.3651507], [8.4939233, 47.3651487], [8.4939444, 47.3651485], [8.4939595, 47.3651499], [8.4939741, 47.3651529], [8.4939846, 47.365156], [8.4939976, 47.3651613], [8.4940122, 47.3651697], [8.4940221, 47.3651776], [8.494032, 47.3651886], [8.4940377, 47.3651982], [8.4940419, 47.3652109], [8.4940441, 47.3652225], [8.4940706, 47.3653415], [8.4940869, 47.3654007], [8.4940966, 47.3654328], [8.4941017, 47.3654488], [8.4941566, 47.3655971], [8.4941889, 47.3656704], [8.4941528, 47.3656825], [8.4943292, 47.3660637], [8.4945084, 47.3664495], [8.494555, 47.3664389], [8.4946614, 47.366631], [8.4947175, 47.3667262], [8.4948459, 47.3669394], [8.4948627, 47.3669674], [8.4949073, 47.3670346], [8.4949322, 47.3670674], [8.4949587, 47.3670991], [8.4950231, 47.3671683], [8.4950581, 47.3672014], [8.495095, 47.3672335], [8.4951337, 47.3672646], [8.4952162, 47.3673235], [8.4952599, 47.3673513], [8.4953051, 47.3673779], [8.4953519, 47.3674033], [8.4954305, 47.367442], [8.4954711, 47.36746], [8.4960136, 47.3676547], [8.4960622, 47.3676886], [8.496208, 47.3677316], [8.4965269, 47.3678069], [8.4965148, 47.3678311], [8.4964293, 47.3680034], [8.4965152, 47.3680386], [8.4965595, 47.3680546], [8.4966046, 47.3680695], [8.4966505, 47.3680832], [8.4966785, 47.368091], [8.4966926, 47.3680947], [8.4968585, 47.3681299], [8.4972613, 47.3681863], [8.4975538, 47.3682272], [8.4977569, 47.3682554], [8.498084, 47.368301], [8.4983507, 47.3683383], [8.4984258, 47.3683494], [8.498637, 47.3683788], [8.4991628, 47.3684522], [8.4992276, 47.3684612], [8.4996493, 47.3685201], [8.4996488, 47.3685223], [8.5000203, 47.3685706], [8.5000211, 47.3685676], [8.5000669, 47.3685729], [8.5001207, 47.368579], [8.5003114, 47.3686003], [8.5009508, 47.3686698], [8.5014809, 47.3687334], [8.5015694, 47.3687482], [8.5016138, 47.368755], [8.5017033, 47.3687676], [8.5017482, 47.3687733], [8.5023234, 47.3688425], [8.5026393, 47.3688871], [8.5029215, 47.3689209], [8.5030911, 47.368941], [8.5033258, 47.3689688], [8.5035079, 47.3689904], [8.5035738, 47.3689983], [8.5037835, 47.3690231], [8.504056, 47.3690555], [8.5041943, 47.369072], [8.5043762, 47.3690936], [8.5046336, 47.3691243], [8.504637, 47.3691247], [8.5046387, 47.3691247], [8.5046404, 47.3691248], [8.5046421, 47.3691248], [8.5046438, 47.3691248], [8.5046455, 47.3691247], [8.5046472, 47.3691246], [8.5046489, 47.3691244], [8.5046506, 47.3691243], [8.5046523, 47.369124], [8.5046539, 47.3691237], [8.5046556, 47.3691234], [8.5046572, 47.3691231], [8.5046588, 47.3691227], [8.5046604, 47.3691222], [8.504662, 47.3691218], [8.5046635, 47.3691213], [8.504665, 47.3691207], [8.5046665, 47.3691201], [8.5046679, 47.3691195], [8.5046693, 47.3691189], [8.504672, 47.3691174], [8.5046733, 47.3691167], [8.5046746, 47.3691159], [8.5046758, 47.3691151], [8.504677, 47.3691143], [8.5046781, 47.3691134], [8.5046792, 47.3691125], [8.5046802, 47.3691116], [8.5046812, 47.3691106], [8.5046821, 47.3691096], [8.504683, 47.3691087], [8.5046838, 47.3691076], [8.5046846, 47.3691066], [8.5046853, 47.3691056], [8.504686, 47.3691045], [8.5046866, 47.3691034], [8.5046871, 47.3691023], [8.5046876, 47.3691012], [8.504688, 47.3691001], [8.5046884, 47.369099], [8.5046887, 47.3690978], [8.5047852, 47.3691052], [8.5048334, 47.3691095], [8.5049295, 47.3691193], [8.5049774, 47.3691247], [8.5051898, 47.36915], [8.505316, 47.369165], [8.505788, 47.3692197], [8.5058166, 47.3692234]]]]}}, {"type": "Feature", "properties": {"name": "Sihlfeld"}, "geometry": {"type": "MultiPolygon", "coordinates": [[[[8.5281842, 47.3688505], [8.5279696, 47.369004], [8.5279497, 47.3690183], [8.5279931, 47.369046], [8.5279614, 47.36929], [8.5279464, 47.3692878], [8.5279389, 47.369287], [8.5279313, 47.3692864], [8.5279236, 47.369286], [8.527916, 47.3692857], [8.5279083, 47.3692856], [8.5279007, 47.3692858], [8.527893, 47.3692861], [8.5278854, 47.3692866], [8.5278778, 47.3692873], [8.5278703, 47.3692881], [8.5278628, 47.3692892], [8.5278553, 47.3692904], [8.5277654, 47.3693064], [8.5275092, 47.369352], [8.5272639, 47.3693956], [8.527253, 47.3693976], [8.5269772, 47.3694468], [8.5267057, 47.3694954], [8.526558, 47.3695218], [8.5264591, 47.3696061], [8.526335, 47.3697116], [8.5262358, 47.3697959], [8.5261267, 47.3697367], [8.5259577, 47.3696452], [8.5258343, 47.3697504], [8.5257054, 47.3698602], [8.525582, 47.3699654], [8.5254583, 47.3700709], [8.5252832, 47.3702202], [8.5251391, 47.3703432], [8.5249383, 47.3705144], [8.5248355, 47.370602], [8.5247865, 47.3706436], [8.5247158, 47.3707041], [8.5245724, 47.3708264], [8.5244287, 47.370949], [8.5243769, 47.3709209], [8.5242324, 47.371044], [8.5241829, 47.3710863], [8.5238256, 47.3714519], [8.5236224, 47.3715951], [8.5236186, 47.3715927], [8.5236132, 47.3715967], [8.5236119, 47.3715977], [8.5236113, 47.3715981], [8.5236108, 47.3715986], [8.5236102, 47.3715992], [8.5236097, 47.3715997], [8.5236092, 47.3716002], [8.5236088, 47.3716008], [8.5236084, 47.3716013], [8.523608, 47.3716019], [8.5236076, 47.3716025], [8.5236073, 47.3716031], [8.523607, 47.3716037], [8.5236067, 47.3716043], [8.5236064, 47.3716049], [8.5236062, 47.3716055], [8.523606, 47.3716061], [8.5236059, 47.3716067], [8.5236058, 47.3716074], [8.5236057, 47.371608], [8.5236056, 47.3716086], [8.5236056, 47.3716093], [8.5236056, 47.3716099], [8.5236057, 47.3716105], [8.5236058, 47.3716111], [8.5236059, 47.3716118], [8.523606, 47.3716124], [8.5236062, 47.371613], [8.5236064, 47.3716136], [8.5236066, 47.3716142], [8.5236069, 47.3716148], [8.5236072, 47.3716154], [8.5228647, 47.3721114], [8.5228239, 47.3720944], [8.5226486, 47.3722182], [8.5226381, 47.3722258], [8.5226356, 47.3722248], [8.5222092, 47.3725256], [8.5217828, 47.3728265], [8.5217704, 47.3728182], [8.5212442, 47.3731892], [8.5207181, 47.3735603], [8.5207169, 47.3735594], [8.5203818, 47.3737964], [8.5203797, 47.373798], [8.5203488, 47.3737824], [8.5201865, 47.3739035], [8.5201767, 47.373911], [8.5201712, 47.373909], [8.5200307, 47.374022], [8.5198964, 47.3741391], [8.5197705, 47.3742603], [8.5196547, 47.3743861], [8.5195459, 47.374515], [8.5194475, 47.3746475], [8.5193586, 47.3747832], [8.5192957, 47.3748848], [8.5192942, 47.3748874], [8.5189426, 47.3749662], [8.5189441, 47.3749634], [8.5189376, 47.3749651], [8.5185093, 47.3750823], [8.5183964, 47.375109], [8.5183234, 47.3751262], [8.5181648, 47.3751636], [8.517995, 47.3752037], [8.5178148, 47.3752462], [8.5175608, 47.3753062], [8.517006, 47.3754407], [8.5169734, 47.3754481], [8.5169539, 47.375452], [8.5169292, 47.3754528], [8.5169061, 47.3754494], [8.5168846, 47.3754422], [8.5168708, 47.3754347], [8.5168612, 47.375427], [8.5168523, 47.3754186], [8.516845, 47.3754061], [8.5168403, 47.3753905], [8.5168425, 47.375373], [8.5164877, 47.3754484], [8.5162929, 47.3756077], [8.5160827, 47.3756705], [8.5158925, 47.3757303], [8.5157722, 47.3757721], [8.5157306, 47.3757869], [8.5156504, 47.3758155], [8.5155564, 47.3758505], [8.5154783, 47.3758795], [8.5153482, 47.3759328], [8.5152297, 47.3759841], [8.5149882, 47.3760886], [8.5148086, 47.3761665], [8.5146861, 47.37622], [8.5145929, 47.3762606], [8.5144263, 47.3763333], [8.5144233, 47.3763347], [8.5141595, 47.376466], [8.5141274, 47.376481], [8.5139756, 47.376556], [8.5137857, 47.3766499], [8.5136004, 47.3767416], [8.5127981, 47.3771375], [8.5123524, 47.3773266], [8.5120874, 47.3774326], [8.5116149, 47.3776218], [8.5114171, 47.3777037], [8.5112623, 47.3777631], [8.5110195, 47.3778601], [8.5108248, 47.3779379], [8.5106969, 47.377989], [8.5105837, 47.3779782], [8.5103545, 47.377959], [8.5101171, 47.377938], [8.5099718, 47.3780204], [8.5098237, 47.3781103], [8.5096442, 47.3782874], [8.5096611, 47.3783654], [8.5096266, 47.3783911], [8.5095013, 47.3784483], [8.5095166, 47.3784732], [8.5092389, 47.3785993], [8.5092553, 47.3786161], [8.5090239, 47.3787211], [8.5087927, 47.3788262], [8.5086331, 47.3788986], [8.5084019, 47.3790037], [8.5080922, 47.3791443], [8.5075306, 47.3793993], [8.5070835, 47.3796024], [8.5066457, 47.3798012], [8.5064187, 47.3799044], [8.5063538, 47.3799337], [8.5062233, 47.3799915], [8.5059727, 47.380101], [8.5058383, 47.3801598], [8.505653, 47.3802407], [8.5054574, 47.3803262], [8.5053929, 47.3803544], [8.505267, 47.3804094], [8.5051151, 47.3804708], [8.5049294, 47.3805456], [8.5049367, 47.3805537], [8.5042615, 47.3808487], [8.5042478, 47.3808544], [8.5042339, 47.3808598], [8.5042196, 47.3808648], [8.5042051, 47.3808694], [8.5041754, 47.3808775], [8.5041601, 47.380881], [8.5041446, 47.380884], [8.504129, 47.3808866], [8.5041132, 47.3808889], [8.5040813, 47.3808921], [8.503583, 47.3809292], [8.5035652, 47.3809307], [8.5035475, 47.3809327], [8.5035125, 47.3809381], [8.5034951, 47.3809416], [8.5034779, 47.3809455], [8.5034442, 47.3809546], [8.503278, 47.3810053], [8.5032751, 47.3810062], [8.5032721, 47.3810069], [8.5032691, 47.3810076], [8.5032661, 47.3810082], [8.503263, 47.3810088], [8.5032599, 47.3810093], [8.5032568, 47.3810096], [8.5032536, 47.3810099], [8.5032504, 47.3810102], [8.5032473, 47.3810103], [8.5032441, 47.3810104], [8.5032409, 47.3810104], [8.5032377, 47.3810103], [8.5032314, 47.3810099], [8.5032283, 47.3810096], [8.5032253, 47.3810091], [8.5032222, 47.3810087], [8.5032192, 47.3810081], [8.5032162, 47.3810075], [8.5032133, 47.3810068], [8.5032104, 47.381006], [8.5032075, 47.3810051], [8.5032047, 47.3810042], [8.503202, 47.3810032], [8.5031993, 47.3810022], [8.5031966, 47.3810011], [8.503194, 47.3809999], [8.503189, 47.3809973], [8.5031398, 47.3809691], [8.503116, 47.3809544], [8.5030706, 47.3809238], [8.5030487, 47.3809079], [8.5029264, 47.3808167], [8.5025435, 47.3805305], [8.5025334, 47.3805229], [8.5021398, 47.3802293], [8.5020158, 47.3801381], [8.5019532, 47.3800929], [8.5018267, 47.3800033], [8.5017628, 47.3799589], [8.5012589, 47.3796131], [8.5011981, 47.3795714], [8.5010898, 47.3794968], [8.5009143, 47.3793764], [8.5006056, 47.3791641], [8.5003266, 47.3789716], [8.5000538, 47.3787744], [8.4997747, 47.3785603], [8.4996914, 47.3784934], [8.4995703, 47.3783941], [8.4995149, 47.3783477], [8.4994251, 47.3782709], [8.4993807, 47.3782323], [8.4991709, 47.3780434], [8.4990688, 47.3779476], [8.4990456, 47.3779255], [8.498825, 47.3777161], [8.4988521, 47.3776365], [8.4985514, 47.3773848], [8.4987742, 47.3772872], [8.4989523, 47.3772088], [8.4989412, 47.3771878], [8.4989499, 47.3771833], [8.4989573, 47.3771794], [8.4989644, 47.3771753], [8.4989713, 47.3771711], [8.4989845, 47.3771623], [8.4989907, 47.3771577], [8.4989967, 47.3771529], [8.4990024, 47.377148], [8.4992735, 47.376909], [8.4996986, 47.376534], [8.4998084, 47.3764369], [8.5003098, 47.3759948], [8.5006943, 47.375655], [8.5008087, 47.3755544], [8.5013103, 47.3751118], [8.5016396, 47.3748213], [8.5017989, 47.374681], [8.5019127, 47.3745774], [8.501968, 47.3745248], [8.5020755, 47.374418], [8.5021275, 47.3743639], [8.5021314, 47.3743595], [8.5021332, 47.3743572], [8.5021348, 47.3743549], [8.5021364, 47.3743525], [8.5021378, 47.3743501], [8.502139, 47.3743476], [8.5021402, 47.3743452], [8.5021412, 47.3743427], [8.5021421, 47.3743402], [8.5021428, 47.3743376], [8.5021434, 47.3743351], [8.5021439, 47.3743325], [8.5021442, 47.37433], [8.5021444, 47.3743274], [8.5021445, 47.3743248], [8.5021442, 47.3743197], [8.5021439, 47.3743171], [8.5021434, 47.3743146], [8.5021428, 47.3743121], [8.5021421, 47.3743096], [8.5021412, 47.3743071], [8.5021402, 47.3743046], [8.5021391, 47.3743022], [8.5021378, 47.3742998], [8.5021365, 47.3742974], [8.502135, 47.3742951], [8.5021333, 47.3742928], [8.5021316, 47.3742905], [8.5021297, 47.3742883], [8.5021278, 47.3742861], [8.5023225, 47.3740022], [8.5026706, 47.3737397], [8.5026789, 47.3736061], [8.5022012, 47.3731555], [8.5019076, 47.3728362], [8.5016189, 47.3725228], [8.5013079, 47.3721862], [8.5013217, 47.3721792], [8.5006709, 47.3714315], [8.5004864, 47.3712303], [8.5003892, 47.3711318], [8.5003798, 47.3711225], [8.5001682, 47.3709244], [8.5000573, 47.3708279], [8.4997517, 47.3705871], [8.4995909, 47.3704716], [8.4995823, 47.370473], [8.4995576, 47.3704556], [8.4995452, 47.370447], [8.4994242, 47.3703646], [8.4993627, 47.3703241], [8.4992117, 47.3702284], [8.4991348, 47.3701816], [8.4989776, 47.3700905], [8.4988977, 47.370046], [8.498736, 47.3699592], [8.4986538, 47.3699169], [8.4986368, 47.3699084], [8.4985521, 47.3698621], [8.4984975, 47.369862], [8.4982489, 47.3697475], [8.4981222, 47.3696928], [8.4979688, 47.3696294], [8.4978913, 47.3695986], [8.4979169, 47.3695825], [8.4977279, 47.3695112], [8.4976323, 47.3694769], [8.4965781, 47.36911], [8.49637, 47.3690379], [8.4961519, 47.3689562], [8.4960455, 47.3689121], [8.4959268, 47.3688598], [8.4958685, 47.3688326], [8.4957804, 47.3687902], [8.495737, 47.3687684], [8.4956712, 47.3687336], [8.4956387, 47.3687159], [8.4956199, 47.3687058], [8.4956105, 47.3687006], [8.4956174, 47.3686523], [8.4954245, 47.3685362], [8.495332, 47.3684751], [8.4951847, 47.3683695], [8.4951141, 47.3683147], [8.4949005, 47.3681766], [8.4948888, 47.3681698], [8.4948827, 47.3681666], [8.4948764, 47.3681636], [8.4948699, 47.3681607], [8.4948633, 47.368158], [8.4948566, 47.3681555], [8.4948497, 47.3681531], [8.4948427, 47.368151], [8.4948283, 47.3681472], [8.494821, 47.3681456], [8.4948135, 47.3681442], [8.494806, 47.368143], [8.4947985, 47.3681419], [8.4947908, 47.3681411], [8.4947832, 47.3681405], [8.4947755, 47.36814], [8.4947605, 47.3681395], [8.494753, 47.3681396], [8.4947455, 47.3681398], [8.4947381, 47.3681402], [8.4947306, 47.3681408], [8.4947232, 47.3681415], [8.4947158, 47.3681425], [8.4947012, 47.3681449], [8.494694, 47.3681464], [8.4946869, 47.368148], [8.4946798, 47.3681498], [8.4946729, 47.3681518], [8.4946661, 47.368154], [8.4946594, 47.3681563], [8.4945849, 47.367923], [8.4945888, 47.3679189], [8.4945907, 47.3679168], [8.4945924, 47.3679146], [8.494594, 47.3679124], [8.4945954, 47.3679102], [8.4945968, 47.3679079], [8.494598, 47.3679056], [8.4945991, 47.3679032], [8.4946001, 47.3679009], [8.4946009, 47.3678985], [8.4946016, 47.3678961], [8.4946022, 47.3678936], [8.4946026, 47.3678912], [8.4946029, 47.3678887], [8.4946031, 47.3678863], [8.4946032, 47.3678838], [8.4946028, 47.3678789], [8.4946024, 47.3678765], [8.4946019, 47.3678741], [8.4946013, 47.3678717], [8.4946005, 47.3678693], [8.4945996, 47.3678669], [8.4945986, 47.3678645], [8.4945975, 47.3678622], [8.4945962, 47.3678599], [8.4945948, 47.3678577], [8.4945933, 47.3678554], [8.4945917, 47.3678533], [8.4945899, 47.3678511], [8.494588, 47.367849], [8.4945861, 47.367847], [8.494584, 47.367845], [8.4945277, 47.3677962], [8.4944976, 47.3677729], [8.4944664, 47.3677503], [8.494434, 47.3677285], [8.4943661, 47.3676874], [8.4943306, 47.367668], [8.494294, 47.3676496], [8.4942566, 47.367632], [8.4943859, 47.3675012], [8.4944606, 47.3675316], [8.4944992, 47.3675453], [8.4945385, 47.367558], [8.4945785, 47.3675697], [8.4946604, 47.36759], [8.4947021, 47.3675985], [8.4947442, 47.367606], [8.4947868, 47.3676124], [8.4948737, 47.3676217], [8.4949174, 47.3676247], [8.4949613, 47.3676266], [8.4950492, 47.367627], [8.4950932, 47.3676254], [8.4951369, 47.3676228], [8.4951944, 47.3675645], [8.4951146, 47.3674089], [8.4950317, 47.3672474], [8.4949515, 47.3671141], [8.4949587, 47.3670991], [8.4950231, 47.3671683], [8.4950581, 47.3672014], [8.495095, 47.3672335], [8.4951337, 47.3672646], [8.4952162, 47.3673235], [8.4952599, 47.3673513], [8.4953051, 47.3673779], [8.4953519, 47.3674033], [8.4954305, 47.367442], [8.4954711, 47.36746], [8.4960136, 47.3676547], [8.4960622, 47.3676886], [8.496208, 47.3677316], [8.4965269, 47.3678069], [8.4965148, 47.3678311], [8.4964293, 47.3680034], [8.4965152, 47.3680386], [8.4965595, 47.3680546], [8.4966046, 47.3680695], [8.4966505, 47.3680832], [8.4966785, 47.368091], [8.4966926, 47.3680947], [8.4968585, 47.3681299], [8.4972613, 47.3681863], [8.4975538, 47.3682272], [8.4977569, 47.3682554], [8.498084, 47.368301], [8.4983507, 47.3683383], [8.4984258, 47.3683494], [8.498637, 47.3683788], [8.4991628, 47.3684522], [8.4992276, 47.3684612], [8.4996493, 47.3685201], [8.4996488, 47.3685223], [8.5000203, 47.3685706], [8.5000211, 47.3685676], [8.5000669, 47.3685729], [8.5001207, 47.368579], [8.5003114, 47.3686003], [8.5009508, 47.3686698], [8.5014809, 47.3687334], [8.5015694, 47.3687482], [8.5016138, 47.368755], [8.5017033, 47.3687676], [8.5017482, 47.3687733], [8.5023234, 47.3688425], [8.5026393, 47.3688871], [8.5029215, 47.3689209], [8.5030911, 47.368941], [8.5033258, 47.3689688], [8.5035079, 47.3689904], [8.5035738, 47.3689983], [8.5037835, 47.3690231], [8.504056, 47.3690555], [8.5041943, 47.369072], [8.5043762, 47.3690936], [8.5046336, 47.3691243], [8.504637, 47.3691247], [8.5046387, 47.3691247], [8.5046404, 47.3691248], [8.5046421, 47.3691248], [8.5046438, 47.3691248], [8.5046455, 47.3691247], [8.5046472, 47.3691246], [8.5046489, 47.3691244], [8.5046506, 47.3691243], [8.5046523, 47.369124], [8.5046539, 47.3691237], [8.5046556, 47.3691234], [8.5046572, 47.3691231], [8.5046588, 47.3691227], [8.5046604, 47.3691222], [8.504662, 47.3691218], [8.5046635, 47.3691213], [8.504665, 47.3691207], [8.5046665, 47.3691201], [8.5046679, 47.3691195], [8.5046693, 47.3691189], [8.504672, 47.3691174], [8.5046733, 47.3691167], [8.5046746, 47.3691159], [8.5046758, 47.3691151], [8.504677, 47.3691143], [8.5046781, 47.3691134], [8.5046792, 47.3691125], [8.5046802, 47.3691116], [8.5046812, 47.3691106], [8.5046821, 47.3691096], [8.504683, 47.3691087], [8.5046838, 47.3691076], [8.5046846, 47.3691066], [8.5046853, 47.3691056], [8.504686, 47.3691045], [8.5046866, 47.3691034], [8.5046871, 47.3691023], [8.5046876, 47.3691012], [8.504688, 47.3691001], [8.5046884, 47.369099], [8.5046887, 47.3690978], [8.5047852, 47.3691052], [8.5048334, 47.3691095], [8.5049295, 47.3691193], [8.5049774, 47.3691247], [8.5051898, 47.36915], [8.505316, 47.369165], [8.505788, 47.3692197], [8.5058166, 47.3692234], [8.5060786, 47.3692848], [8.5061295, 47.3692955], [8.5061551, 47.3693005], [8.5062065, 47.3693096], [8.5062324, 47.3693138], [8.5064973, 47.3693454], [8.5067019, 47.3693697], [8.5068213, 47.369384], [8.5070269, 47.3694084], [8.5072914, 47.3694398], [8.5076127, 47.3694782], [8.507841, 47.3695054], [8.5080815, 47.369534], [8.5080871, 47.3695344], [8.5080913, 47.3695343], [8.5080954, 47.3695339], [8.5080982, 47.3695335], [8.5081048, 47.3695319], [8.5083882, 47.3695689], [8.5084191, 47.3695749], [8.5084273, 47.3695702], [8.5084609, 47.3695741], [8.5093829, 47.3696838], [8.5093805, 47.3696931], [8.5093836, 47.3696933], [8.509574, 47.3697158], [8.5098043, 47.369743], [8.5099785, 47.3697637], [8.5102022, 47.3697901], [8.510647, 47.3698103], [8.5108826, 47.3698382], [8.5109283, 47.3698435], [8.5109205, 47.3698745], [8.5111263, 47.3698988], [8.5112174, 47.3699095], [8.5115306, 47.3699466], [8.5117423, 47.3699716], [8.511908, 47.3699911], [8.5120964, 47.369979], [8.5120949, 47.3699803], [8.5120942, 47.3699809], [8.5120936, 47.3699816], [8.512093, 47.3699823], [8.5120924, 47.3699831], [8.5120919, 47.3699838], [8.5120914, 47.3699845], [8.5120909, 47.3699853], [8.5120905, 47.3699861], [8.5120901, 47.3699868], [8.5120898, 47.3699876], [8.5120895, 47.3699884], [8.5120892, 47.3699892], [8.512089, 47.36999], [8.5120889, 47.3699908], [8.5120887, 47.3699916], [8.5120887, 47.3699924], [8.5120886, 47.3699933], [8.5120886, 47.3699941], [8.5120887, 47.3699949], [8.5120887, 47.3699957], [8.5120889, 47.3699965], [8.512089, 47.3699973], [8.5120893, 47.3699981], [8.5120895, 47.3699989], [8.5120898, 47.3699997], [8.5120901, 47.3700005], [8.5120905, 47.3700013], [8.5120913, 47.3700027], [8.5120918, 47.3700034], [8.5120923, 47.3700041], [8.5120928, 47.3700048], [8.5120934, 47.3700054], [8.512094, 47.3700061], [8.5120946, 47.3700067], [8.5120953, 47.3700073], [8.512096, 47.3700079], [8.5120967, 47.3700085], [8.5120974, 47.3700091], [8.5120982, 47.3700097], [8.512099, 47.3700102], [8.5120999, 47.3700107], [8.5121007, 47.3700112], [8.5121016, 47.3700117], [8.5121026, 47.3700121], [8.5121035, 47.3700125], [8.5121044, 47.3700129], [8.5121054, 47.3700133], [8.5121064, 47.3700137], [8.5121074, 47.370014], [8.5121085, 47.3700143], [8.5121095, 47.3700146], [8.5121106, 47.3700149], [8.5121117, 47.3700151], [8.5121127, 47.3700153], [8.5121138, 47.3700155], [8.5121149, 47.3700156], [8.5121161, 47.3700158], [8.5123566, 47.3700442], [8.5124807, 47.3700588], [8.5126044, 47.3700734], [8.5127289, 47.3700881], [8.5128524, 47.3701026], [8.5129777, 47.3701173], [8.5131687, 47.37014], [8.5143913, 47.370219], [8.5146287, 47.3702479], [8.5146651, 47.3702523], [8.5148183, 47.3703087], [8.5148202, 47.3703119], [8.5148212, 47.3703135], [8.5148224, 47.3703151], [8.5148236, 47.3703166], [8.5148249, 47.3703182], [8.5148263, 47.3703196], [8.5148278, 47.3703211], [8.5148293, 47.3703225], [8.5148309, 47.3703238], [8.5148326, 47.3703252], [8.5148344, 47.3703265], [8.5148362, 47.3703277], [8.5148381, 47.3703289], [8.51484, 47.37033], [8.514842, 47.3703312], [8.5148441, 47.3703322], [8.5148462, 47.3703332], [8.5148483, 47.3703342], [8.5148505, 47.3703351], [8.5148528, 47.3703359], [8.5148551, 47.3703367], [8.5148574, 47.3703375], [8.5148598, 47.3703381], [8.5148622, 47.3703388], [8.5148646, 47.3703393], [8.5148671, 47.3703398], [8.5148696, 47.3703403], [8.5148721, 47.3703407], [8.5148746, 47.370341], [8.5149457, 47.3703494], [8.5149456, 47.3703501], [8.5150129, 47.3703579], [8.515013, 47.3703574], [8.5150744, 47.3703646], [8.5152513, 47.3703855], [8.5153678, 47.3703993], [8.5156968, 47.3704381], [8.5158664, 47.3704581], [8.516102, 47.3704858], [8.5161538, 47.3704919], [8.5162193, 47.3704995], [8.5163369, 47.3705134], [8.5164996, 47.3705326], [8.5169418, 47.3705846], [8.5169769, 47.3705878], [8.5169946, 47.3705887], [8.5170124, 47.3705892], [8.5170301, 47.3705892], [8.5170479, 47.3705888], [8.5170656, 47.3705879], [8.5170832, 47.3705865], [8.5171008, 47.3705847], [8.5171356, 47.3705798], [8.5171527, 47.3705766], [8.5171697, 47.3705731], [8.5171865, 47.3705691], [8.517203, 47.3705646], [8.5172193, 47.3705598], [8.5172352, 47.3705545], [8.5172509, 47.3705488], [8.5173488, 47.3705083], [8.5175425, 47.3704796], [8.5175555, 47.3704806], [8.5175683, 47.3704787], [8.5177124, 47.3704382], [8.5179235, 47.370379], [8.5179662, 47.3703671], [8.5181097, 47.3703268], [8.5182695, 47.370282], [8.5187453, 47.37008], [8.5189637, 47.3700189], [8.5189966, 47.3700437], [8.5191709, 47.369995], [8.5191381, 47.36997], [8.5195648, 47.3698993], [8.5196138, 47.3698857], [8.5196754, 47.3698664], [8.5197053, 47.3698555], [8.5197345, 47.3698438], [8.519763, 47.3698312], [8.5198146, 47.3698053], [8.5198392, 47.3697914], [8.5198846, 47.3697628], [8.5199061, 47.3697477], [8.5199267, 47.3697321], [8.5199705, 47.369694], [8.5199906, 47.369674], [8.5200094, 47.3696535], [8.5200107, 47.369652], [8.5200164, 47.3696543], [8.5200859, 47.369575], [8.5203031, 47.3695427], [8.5203603, 47.3695488], [8.520514, 47.3694422], [8.5206683, 47.3693352], [8.5207741, 47.3692618], [8.5209336, 47.3691513], [8.5210787, 47.3690506], [8.5211078, 47.3690304], [8.5211091, 47.3690313], [8.5211354, 47.3690113], [8.521306, 47.368893], [8.521515, 47.368748], [8.5217408, 47.368583], [8.5217474, 47.3685806], [8.5217506, 47.3685794], [8.5217538, 47.368578], [8.5217569, 47.3685766], [8.5217599, 47.3685751], [8.5217628, 47.3685735], [8.5217657, 47.3685718], [8.5217684, 47.3685701], [8.5217711, 47.3685683], [8.5217736, 47.3685665], [8.5217761, 47.3685646], [8.5217785, 47.3685626], [8.5218121, 47.3685341], [8.5219108, 47.3684499], [8.5219998, 47.3683739], [8.5221324, 47.3682613], [8.5222489, 47.3681617], [8.5224199, 47.3680156], [8.5225421, 47.367911], [8.5226739, 47.3677985], [8.5228095, 47.3676826], [8.5229503, 47.3675624], [8.5230291, 47.3674951], [8.5230029, 47.3674811], [8.5231229, 47.3673787], [8.523422, 47.3672716], [8.5235242, 47.3672211], [8.5234901, 47.3671604], [8.5233746, 47.3669693], [8.5233245, 47.3668826], [8.5232928, 47.3668243], [8.5232571, 47.3667532], [8.5232294, 47.3666901], [8.5232059, 47.3666245], [8.5231907, 47.3665527], [8.5231868, 47.3665209], [8.5231846, 47.3664891], [8.5231841, 47.3664573], [8.5231852, 47.3664255], [8.5231881, 47.3663937], [8.523194, 47.3663645], [8.5231989, 47.3663304], [8.5232069, 47.366299], [8.5232165, 47.3662677], [8.5232278, 47.3662368], [8.5232552, 47.3661758], [8.5232875, 47.3661804], [8.5233777, 47.3660217], [8.5233693, 47.3659887], [8.523395, 47.3659512], [8.5234649, 47.3659205], [8.5235822, 47.3658691], [8.5236886, 47.3655668], [8.5238515, 47.3657587], [8.5240264, 47.3659451], [8.5242127, 47.366127], [8.5244132, 47.3663013], [8.5246234, 47.3664729], [8.5248414, 47.3666396], [8.5250669, 47.366802], [8.5252997, 47.3669591], [8.5258736, 47.3673356], [8.5264451, 47.3677101], [8.5270241, 47.3680898], [8.5276031, 47.3684696], [8.5281842, 47.3688505]]]]}}, {"type": "Feature", "properties": {"name": "Hard"}, "geometry": {"type": "MultiPolygon", "coordinates": [[[[8.5205554, 47.3844654], [8.5205609, 47.3842826], [8.5206442, 47.3838674], [8.5208314, 47.3832932], [8.5210471, 47.38262], [8.5212312, 47.3818978], [8.5212827, 47.3814236], [8.52129, 47.3810288], [8.5212027, 47.3804966], [8.5209533, 47.3800557], [8.5208045, 47.3798486], [8.5207872, 47.3798566], [8.520784, 47.3798579], [8.5207807, 47.379859], [8.5207773, 47.37986], [8.5207737, 47.3798608], [8.5207701, 47.3798615], [8.5207665, 47.379862], [8.5207628, 47.3798623], [8.5207591, 47.3798624], [8.5207554, 47.3798623], [8.5207517, 47.3798621], [8.520748, 47.3798617], [8.5206043, 47.3796839], [8.5205561, 47.379625], [8.520456, 47.3795089], [8.5204039, 47.3794516], [8.520296, 47.3793386], [8.5199926, 47.3790304], [8.5196667, 47.3786986], [8.5196704, 47.3786927], [8.5196745, 47.3786884], [8.5196794, 47.3786844], [8.5196851, 47.378681], [8.5196915, 47.3786782], [8.5197333, 47.3786626], [8.5195689, 47.3784941], [8.5195158, 47.3785138], [8.5195087, 47.3785158], [8.5195012, 47.3785171], [8.5194936, 47.3785176], [8.5194878, 47.3785175], [8.5192311, 47.3782568], [8.5191573, 47.3781794], [8.5190194, 47.3780206], [8.5189553, 47.3779393], [8.5188371, 47.3777733], [8.5188195, 47.3777462], [8.5187854, 47.3776916], [8.5187863, 47.3776905], [8.5187873, 47.3776894], [8.5187883, 47.3776883], [8.5187894, 47.3776873], [8.5187906, 47.3776863], [8.5187918, 47.3776854], [8.5187931, 47.3776844], [8.5187944, 47.3776835], [8.5187957, 47.3776826], [8.5187971, 47.3776818], [8.5187985, 47.377681], [8.5188, 47.3776802], [8.5188015, 47.3776795], [8.5188047, 47.3776781], [8.5188638, 47.3776551], [8.5187835, 47.3775163], [8.51874, 47.3775334], [8.5187384, 47.3775341], [8.5187367, 47.3775346], [8.5187349, 47.3775352], [8.5187332, 47.3775356], [8.5187314, 47.3775361], [8.5187296, 47.3775365], [8.5187278, 47.3775369], [8.5187259, 47.3775372], [8.5187241, 47.3775374], [8.5187222, 47.3775377], [8.5187203, 47.3775378], [8.5187184, 47.377538], [8.5187165, 47.3775381], [8.5187146, 47.3775381], [8.5187127, 47.3775381], [8.5187108, 47.377538], [8.5187089, 47.3775379], [8.518707, 47.3775378], [8.5187051, 47.3775376], [8.5187033, 47.3775373], [8.5187014, 47.3775371], [8.5186996, 47.3775367], [8.518696, 47.3775359], [8.5186488, 47.3774422], [8.518567, 47.3772521], [8.5185347, 47.3771626], [8.5184812, 47.376982], [8.5184599, 47.3768909], [8.5184286, 47.3767077], [8.5184187, 47.3766157], [8.5184103, 47.3764313], [8.5184116, 47.3763392], [8.5184256, 47.376155], [8.5184382, 47.3760632], [8.5184749, 47.3758805], [8.5184988, 47.3757899], [8.5185578, 47.37561], [8.518562, 47.3755985], [8.5185851, 47.3755397], [8.5186375, 47.3754231], [8.5186719, 47.3753568], [8.5187486, 47.3752261], [8.5187525, 47.3752243], [8.5187564, 47.3752227], [8.5187605, 47.3752211], [8.5187646, 47.3752196], [8.5187688, 47.3752183], [8.5187731, 47.375217], [8.5187818, 47.3752148], [8.5188188, 47.3752062], [8.5188157, 47.3752002], [8.5189426, 47.3749662], [8.5189441, 47.3749634], [8.5189376, 47.3749651], [8.5185093, 47.3750823], [8.5183964, 47.375109], [8.5183234, 47.3751262], [8.5181648, 47.3751636], [8.517995, 47.3752037], [8.5178148, 47.3752462], [8.5175608, 47.3753062], [8.517006, 47.3754407], [8.5169734, 47.3754481], [8.5169539, 47.375452], [8.5169292, 47.3754528], [8.5169061, 47.3754494], [8.5168846, 47.3754422], [8.5168708, 47.3754347], [8.5168612, 47.375427], [8.5168523, 47.3754186], [8.516845, 47.3754061], [8.5168403, 47.3753905], [8.5168425, 47.375373], [8.5164877, 47.3754484], [8.5162929, 47.3756077], [8.5160827, 47.3756705], [8.5158925, 47.3757303], [8.5157722, 47.3757721], [8.5157306, 47.3757869], [8.5156504, 47.3758155], [8.5155564, 47.3758505], [8.5154783, 47.3758795], [8.5153482, 47.3759328], [8.5152297, 47.3759841], [8.5149882, 47.3760886], [8.5148086, 47.3761665], [8.5146861, 47.37622], [8.5145929, 47.3762606], [8.5144263, 47.3763333], [8.5144233, 47.3763347], [8.5141595, 47.376466], [8.5141274, 47.376481], [8.5139756, 47.376556], [8.5137857, 47.3766499], [8.5136004, 47.3767416], [8.5127981, 47.3771375], [8.5123524, 47.3773266], [8.5120874, 47.3774326], [8.5116149, 47.3776218], [8.5114171, 47.3777037], [8.5112623, 47.3777631], [8.5110195, 47.3778601], [8.5108248, 47.3779379], [8.5106969, 47.377989], [8.5105837, 47.3779782], [8.5103545, 47.377959], [8.5101171, 47.377938], [8.5099718, 47.3780204], [8.5098237, 47.3781103], [8.5096442, 47.3782874], [8.5096611, 47.3783654], [8.5096266, 47.3783911], [8.5095013, 47.3784483], [8.5095166, 47.3784732], [8.5092389, 47.3785993], [8.5092553, 47.3786161], [8.5090239, 47.3787211], [8.5087927, 47.3788262], [8.5086331, 47.3788986], [8.5084019, 47.3790037], [8.5080922, 47.3791443], [8.5075306, 47.3793993], [8.5070835, 47.3796024], [8.5066457, 47.3798012], [8.5064187, 47.3799044], [8.5063538, 47.3799337], [8.5062233, 47.3799915], [8.5059727, 47.380101], [8.5058383, 47.3801598], [8.505653, 47.3802407], [8.5054574, 47.3803262], [8.5053929, 47.3803544], [8.505267, 47.3804094], [8.5051151, 47.3804708], [8.5049294, 47.3805456], [8.5049367, 47.3805537], [8.5042615, 47.3808487], [8.5042478, 47.3808544], [8.5042339, 47.3808598], [8.5042196, 47.3808648], [8.5042051, 47.3808694], [8.5041754, 47.3808775], [8.5041601, 47.380881], [8.5041446, 47.380884], [8.504129, 47.3808866], [8.5041132, 47.3808889], [8.5040813, 47.3808921], [8.503583, 47.3809292], [8.5035652, 47.3809307], [8.5035475, 47.3809327], [8.5035125, 47.3809381], [8.5034951, 47.3809416], [8.5034779, 47.3809455], [8.5034442, 47.3809546], [8.503278, 47.3810053], [8.5032751, 47.3810062], [8.5032721, 47.3810069], [8.5032691, 47.3810076], [8.5032661, 47.3810082], [8.503263, 47.3810088], [8.5032599, 47.3810093], [8.5032568, 47.3810096], [8.5032536, 47.3810099], [8.5032504, 47.3810102], [8.5032473, 47.3810103], [8.5032441, 47.3810104], [8.5032409, 47.3810104], [8.5032377, 47.3810103], [8.5032314, 47.3810099], [8.5032283, 47.3810096], [8.5032253, 47.3810091], [8.5032222, 47.3810087], [8.5032192, 47.3810081], [8.5032162, 47.3810075], [8.5032133, 47.3810068], [8.5032104, 47.381006], [8.5032075, 47.3810051], [8.5032047, 47.3810042], [8.503202, 47.3810032], [8.5031993, 47.3810022], [8.5031966, 47.3810011], [8.503194, 47.3809999], [8.503189, 47.3809973], [8.5030637, 47.381307], [8.5030558, 47.3813606], [8.5033898, 47.3815583], [8.503632, 47.381554], [8.5036441, 47.381554], [8.5036562, 47.3815543], [8.5036683, 47.3815548], [8.5036804, 47.3815557], [8.5036924, 47.3815569], [8.5037044, 47.3815583], [8.5037162, 47.3815601], [8.503728, 47.3815622], [8.5037396, 47.3815645], [8.5037511, 47.3815671], [8.5037736, 47.3815733], [8.5037846, 47.3815767], [8.5037954, 47.3815805], [8.5038059, 47.3815845], [8.5038162, 47.3815887], [8.5038263, 47.3815932], [8.5038362, 47.3815979], [8.5038458, 47.3816029], [8.5038551, 47.3816082], [8.5038641, 47.3816136], [8.5038728, 47.3816193], [8.5038893, 47.3816313], [8.5042455, 47.3819091], [8.5046807, 47.3822496], [8.5051168, 47.3825903], [8.5055528, 47.382931], [8.5057837, 47.3831114], [8.5057873, 47.3831143], [8.5057908, 47.3831174], [8.5057941, 47.3831205], [8.5057973, 47.3831237], [8.5058003, 47.383127], [8.5058031, 47.3831304], [8.5058057, 47.3831338], [8.5058082, 47.3831373], [8.5058105, 47.3831408], [8.5058126, 47.3831444], [8.5058162, 47.3831517], [8.5058177, 47.3831554], [8.505819, 47.3831592], [8.5058201, 47.383163], [8.505821, 47.3831669], [8.5058217, 47.3831707], [8.5058222, 47.3831746], [8.5058225, 47.3831784], [8.5058225, 47.3831823], [8.5058224, 47.3831862], [8.5058221, 47.3831901], [8.5058208, 47.3831978], [8.5058199, 47.3832016], [8.5058188, 47.3832054], [8.5058175, 47.3832091], [8.505816, 47.3832128], [8.5058143, 47.3832165], [8.5058124, 47.3832202], [8.5058103, 47.3832237], [8.5058081, 47.3832273], [8.5058056, 47.3832308], [8.505803, 47.3832342], [8.5057972, 47.3832408], [8.505794, 47.383244], [8.5057906, 47.3832471], [8.5057871, 47.3832502], [8.5057834, 47.3832531], [8.5057796, 47.383256], [8.5057756, 47.3832588], [8.5057714, 47.3832614], [8.5057672, 47.383264], [8.5057628, 47.3832665], [8.5057583, 47.3832688], [8.5057488, 47.3832732], [8.5052763, 47.3834766], [8.5047089, 47.383721], [8.5041406, 47.3839656], [8.503572, 47.3842101], [8.5029728, 47.3844683], [8.5029655, 47.3844715], [8.5031502, 47.3846158], [8.5033685, 47.3845222], [8.5033502, 47.3845313], [8.5033418, 47.3845366], [8.503334, 47.3845422], [8.5033268, 47.3845482], [8.5033203, 47.3845545], [8.5033144, 47.3845611], [8.5033093, 47.384568], [8.5033049, 47.3845751], [8.5033012, 47.3845825], [8.5032984, 47.3845899], [8.5032963, 47.3845975], [8.5032951, 47.3846052], [8.5032947, 47.3846129], [8.5032951, 47.3846206], [8.5032963, 47.3846283], [8.5032983, 47.3846359], [8.5033011, 47.3846433], [8.5033047, 47.3846507], [8.5033091, 47.3846578], [8.5033141, 47.3846647], [8.5033199, 47.3846713], [8.5033264, 47.3846776], [8.5033335, 47.3846836], [8.5041867, 47.3853512], [8.5042013, 47.3853423], [8.5049874, 47.385957], [8.5049966, 47.3859633], [8.5050071, 47.3859686], [8.5050185, 47.3859729], [8.5050307, 47.3859761], [8.5050402, 47.3859777], [8.5050531, 47.3859788], [8.5050662, 47.3859786], [8.505079, 47.3859772], [8.5050945, 47.3859737], [8.5033355, 47.3864931], [8.5031218, 47.3865562], [8.5029247, 47.3866143], [8.5029081, 47.3866194], [8.5026946, 47.3866825], [8.502518, 47.3867345], [8.5022241, 47.3868214], [8.5016262, 47.3869983], [8.5015799, 47.387012], [8.5012338, 47.3871142], [8.500907, 47.3872104], [8.5002347, 47.3874093], [8.5003195, 47.3875413], [8.4996416, 47.3877416], [8.4989639, 47.3879417], [8.4982866, 47.388142], [8.4976185, 47.3883412], [8.4979625, 47.3888774], [8.4984004, 47.3895607], [8.4988851, 47.3903168], [8.4989117, 47.3903588], [8.4989641, 47.390388], [8.500727, 47.3913741], [8.5023601, 47.3909042], [8.5028711, 47.3907571], [8.5030947, 47.3906792], [8.5033588, 47.3905595], [8.5036055, 47.3904222], [8.5046317, 47.3897019], [8.5048374, 47.3895831], [8.5050613, 47.3894798], [8.505573, 47.3892903], [8.5063161, 47.389102], [8.5064699, 47.3892209], [8.5065982, 47.3891456], [8.5067365, 47.3890762], [8.5071154, 47.3889627], [8.5077734, 47.3887656], [8.5086221, 47.3886599], [8.5089244, 47.3885846], [8.5097454, 47.3883762], [8.5100481, 47.3882957], [8.51068, 47.3884628], [8.5106038, 47.3886861], [8.5105928, 47.3887705], [8.5106177, 47.3887615], [8.5107507, 47.3887198], [8.5107813, 47.3885878], [8.510877, 47.3885219], [8.5109757, 47.3884509], [8.5110723, 47.3883773], [8.5111592, 47.3883073], [8.5112527, 47.3882285], [8.5112967, 47.3881872], [8.5113375, 47.3881454], [8.5113763, 47.3881026], [8.5114131, 47.3880582], [8.5114478, 47.388013], [8.5114789, 47.3879677], [8.511509, 47.3879207], [8.5115348, 47.3878741], [8.5115593, 47.3878261], [8.5115804, 47.387778], [8.5116786, 47.3875522], [8.5116973, 47.3875074], [8.5117228, 47.3874528], [8.51176, 47.3873855], [8.5118025, 47.3873197], [8.5118433, 47.3872639], [8.5118863, 47.3872101], [8.5119347, 47.3871568], [8.5119859, 47.3871049], [8.5123641, 47.3868453], [8.512549, 47.3867671], [8.5127581, 47.3866754], [8.5132979, 47.3864519], [8.5139817, 47.386266], [8.5144276, 47.3861456], [8.5147747, 47.386052], [8.514816, 47.3860408], [8.5151065, 47.3859622], [8.515718, 47.3857956], [8.5160154, 47.3857158], [8.5164039, 47.3856179], [8.5171025, 47.3854391], [8.5171692, 47.3854223], [8.5171853, 47.3854388], [8.5174366, 47.3853709], [8.517519, 47.3853486], [8.517509, 47.3853383], [8.5174783, 47.38532], [8.5179381, 47.385196], [8.5184807, 47.3850495], [8.5191049, 47.3848808], [8.5205554, 47.3844654]]]]}}, {"type": "Feature", "properties": {"name": "Langstrasse"}, "geometry": {"type": "MultiPolygon", "coordinates": [[[[8.5189426, 47.3749662], [8.5192942, 47.3748874], [8.5192957, 47.3748848], [8.5194195, 47.3748531], [8.519424, 47.3748622], [8.5202283, 47.3746725], [8.5206792, 47.3745662], [8.5206737, 47.3745567], [8.5209217, 47.3744984], [8.5209198, 47.3744938], [8.5210907, 47.3744586], [8.521251, 47.3744255], [8.5212629, 47.3744185], [8.5216583, 47.3743459], [8.5217827, 47.3743179], [8.5219408, 47.3742916], [8.5220017, 47.3742846], [8.5221538, 47.3742668], [8.5223505, 47.3742598], [8.5226341, 47.3742507], [8.5228936, 47.3742423], [8.5229215, 47.3742414], [8.5231315, 47.3742349], [8.5233152, 47.3742307], [8.5233152, 47.3742284], [8.5240113, 47.3742057], [8.5244145, 47.3741928], [8.5247879, 47.3741806], [8.5247923, 47.3741806], [8.5247945, 47.3741804], [8.5247967, 47.3741803], [8.5247988, 47.3741801], [8.524801, 47.3741798], [8.5248032, 47.3741795], [8.5248053, 47.3741791], [8.5248074, 47.3741787], [8.5248095, 47.3741782], [8.5248116, 47.3741777], [8.5248136, 47.3741771], [8.5248156, 47.3741765], [8.5248176, 47.3741758], [8.5248195, 47.3741751], [8.5248214, 47.3741744], [8.5248233, 47.3741736], [8.5248251, 47.3741727], [8.5248268, 47.3741718], [8.5248286, 47.3741709], [8.5248302, 47.3741699], [8.5248318, 47.3741689], [8.5248334, 47.3741678], [8.5248349, 47.3741667], [8.5248364, 47.3741656], [8.5248378, 47.3741644], [8.5248391, 47.3741633], [8.5248403, 47.374162], [8.5248416, 47.3741608], [8.5248427, 47.3741595], [8.5248448, 47.3741569], [8.5248457, 47.3741555], [8.5248465, 47.3741541], [8.5248473, 47.3741527], [8.5248481, 47.3741513], [8.5248487, 47.3741499], [8.5248493, 47.3741484], [8.5248497, 47.374147], [8.5248502, 47.3741455], [8.5248505, 47.374144], [8.5248508, 47.3741425], [8.5248509, 47.374141], [8.524851, 47.3741395], [8.5248511, 47.3741381], [8.524851, 47.3741366], [8.5248509, 47.3741351], [8.5248507, 47.3741336], [8.5248504, 47.3741321], [8.52485, 47.3741306], [8.5248496, 47.3741291], [8.5248491, 47.3741277], [8.5248485, 47.3741263], [8.5248478, 47.3741248], [8.5248471, 47.3741234], [8.5248463, 47.374122], [8.5248454, 47.3741207], [8.5248444, 47.3741193], [8.5248434, 47.374118], [8.5248423, 47.3741167], [8.5248452, 47.3741157], [8.5248509, 47.3741237], [8.5250449, 47.3741495], [8.5250834, 47.3741589], [8.5253167, 47.3740786], [8.5254183, 47.3740451], [8.5255261, 47.3740083], [8.5257099, 47.3739409], [8.5258574, 47.3738914], [8.526, 47.3738436], [8.5261384, 47.3737972], [8.5263411, 47.3737268], [8.5265345, 47.37366], [8.5267303, 47.3735926], [8.5269598, 47.3735134], [8.5270034, 47.3734983], [8.5276361, 47.3732822], [8.5276887, 47.3732731], [8.5279208, 47.3732129], [8.5281462, 47.3731346], [8.5282852, 47.3731871], [8.5286791, 47.373264], [8.5288203, 47.373288], [8.5289125, 47.3733095], [8.5291994, 47.3733659], [8.5294098, 47.373407], [8.5296577, 47.3734555], [8.529775, 47.3734785], [8.5299363, 47.3735038], [8.5299612, 47.3735054], [8.5302154, 47.3735222], [8.5302155, 47.3735234], [8.530439, 47.3735131], [8.5304389, 47.3735118], [8.530769, 47.373466], [8.5309778, 47.3734056], [8.5310142, 47.3733951], [8.5310333, 47.3734257], [8.5312696, 47.3733573], [8.5317167, 47.3732617], [8.531787, 47.373245], [8.5317869, 47.3732406], [8.5318728, 47.3732185], [8.5324181, 47.3731011], [8.5325011, 47.3732297], [8.5325283, 47.3732709], [8.5325583, 47.3733188], [8.5325603, 47.3733182], [8.5328146, 47.3737229], [8.5328834, 47.3738299], [8.5329552, 47.373936], [8.5329772, 47.3739258], [8.5329933, 47.3739442], [8.5330846, 47.3740532], [8.5334235, 47.3744363], [8.5334829, 47.3744126], [8.5340284, 47.3749706], [8.5340533, 47.3749972], [8.5340266, 47.3750082], [8.5340656, 47.3750502], [8.5340916, 47.3750387], [8.5341296, 47.3750811], [8.5344257, 47.3753776], [8.5345645, 47.3755089], [8.5347142, 47.3756344], [8.5348384, 47.3757144], [8.5354409, 47.3760901], [8.5354483, 47.3760947], [8.53539, 47.3761238], [8.535599, 47.3762753], [8.535742, 47.3763793], [8.5357799, 47.3763553], [8.5358911, 47.376442], [8.5358818, 47.3764482], [8.5358993, 47.3764606], [8.5366782, 47.3770003], [8.5369688, 47.3772582], [8.537099, 47.3773729], [8.5374629, 47.3776974], [8.537479, 47.3777123], [8.537509, 47.3777432], [8.5375231, 47.3777591], [8.5375487, 47.3777919], [8.5375472, 47.3777921], [8.5375499, 47.3777969], [8.5375439, 47.3777985], [8.5376198, 47.377905], [8.5376509, 47.3779485], [8.5377525, 47.3781], [8.5378479, 47.3782535], [8.5383208, 47.3790608], [8.5384124, 47.3792181], [8.537674, 47.3795845], [8.5375556, 47.3793834], [8.5375282, 47.3793954], [8.5374646, 47.3794176], [8.5374356, 47.3794272], [8.5373771, 47.3794456], [8.5373476, 47.3794544], [8.5372881, 47.3794713], [8.5369964, 47.3795502], [8.5370162, 47.3795845], [8.5366422, 47.3796853], [8.5366435, 47.3796856], [8.5366447, 47.379686], [8.536646, 47.3796864], [8.5366472, 47.3796868], [8.5366485, 47.3796873], [8.5366497, 47.3796878], [8.5366508, 47.3796883], [8.536652, 47.3796889], [8.5366531, 47.3796895], [8.5366541, 47.3796901], [8.5366552, 47.3796907], [8.5366562, 47.3796914], [8.5366572, 47.379692], [8.5366581, 47.3796927], [8.536659, 47.3796935], [8.5366599, 47.3796942], [8.5366607, 47.379695], [8.5366615, 47.3796958], [8.5366622, 47.3796966], [8.5366629, 47.3796974], [8.5366636, 47.3796982], [8.5366642, 47.3796991], [8.5366648, 47.3797], [8.5366653, 47.3797008], [8.5366658, 47.3797017], [8.5366662, 47.3797026], [8.5366666, 47.3797035], [8.536667, 47.3797045], [8.5366672, 47.3797054], [8.5366675, 47.3797063], [8.5366677, 47.3797073], [8.5366678, 47.3797082], [8.5366679, 47.3797092], [8.536668, 47.3797111], [8.5366679, 47.379712], [8.5366678, 47.379713], [8.5366677, 47.3797139], [8.5366675, 47.3797149], [8.5366673, 47.3797158], [8.536667, 47.3797168], [8.5366667, 47.3797177], [8.5366663, 47.3797186], [8.5366659, 47.3797195], [8.5366654, 47.3797204], [8.5366649, 47.3797213], [8.5366643, 47.3797222], [8.5366637, 47.379723], [8.536663, 47.3797239], [8.5366623, 47.3797247], [8.5366616, 47.3797255], [8.5366608, 47.3797263], [8.53666, 47.3797271], [8.5366591, 47.3797278], [8.5366582, 47.3797286], [8.5366573, 47.3797293], [8.5366563, 47.3797299], [8.5366553, 47.3797306], [8.5366543, 47.3797312], [8.5366532, 47.3797319], [8.5366521, 47.3797324], [8.5366509, 47.379733], [8.5366498, 47.3797335], [8.5366486, 47.379734], [8.5366474, 47.3797345], [8.5366461, 47.379735], [8.5366449, 47.3797354], [8.5366436, 47.3797358], [8.5366409, 47.3797364], [8.536588, 47.3797511], [8.5360671, 47.379892], [8.5360425, 47.3799149], [8.5350297, 47.3801892], [8.5341489, 47.3804283], [8.5332465, 47.3806727], [8.5323465, 47.3809166], [8.5319777, 47.3810166], [8.5316333, 47.38111], [8.5311863, 47.3812266], [8.5311536, 47.3811679], [8.530975, 47.3812049], [8.5304525, 47.3812766], [8.5301665, 47.3813164], [8.5299215, 47.3813519], [8.5297181, 47.38138], [8.5295229, 47.3814017], [8.5292758, 47.3814216], [8.5291463, 47.3814353], [8.5290752, 47.3814413], [8.5290457, 47.3814485], [8.5287278, 47.3815259], [8.5288638, 47.3817553], [8.5286909, 47.3819138], [8.5286917, 47.3819146], [8.5286925, 47.3819154], [8.5286932, 47.3819162], [8.5286939, 47.381917], [8.5286945, 47.3819179], [8.5286951, 47.3819187], [8.5286956, 47.3819196], [8.5286961, 47.3819205], [8.5286966, 47.3819214], [8.528697, 47.3819223], [8.5286973, 47.3819232], [8.5286976, 47.3819241], [8.5286979, 47.381925], [8.5286981, 47.381926], [8.5286983, 47.3819269], [8.5286984, 47.3819279], [8.5286985, 47.3819288], [8.5286985, 47.3819298], [8.5286985, 47.3819307], [8.5286984, 47.3819316], [8.5286983, 47.3819326], [8.5286981, 47.3819335], [8.5286979, 47.3819345], [8.5286976, 47.3819354], [8.5286973, 47.3819363], [8.5286969, 47.3819372], [8.5286965, 47.3819381], [8.528696, 47.381939], [8.5286955, 47.3819399], [8.528695, 47.3819408], [8.5286944, 47.3819416], [8.5286937, 47.3819425], [8.5286931, 47.3819433], [8.5286923, 47.3819441], [8.5286916, 47.3819449], [8.5286908, 47.3819457], [8.528689, 47.3819472], [8.5284434, 47.3821763], [8.5283817, 47.3822074], [8.5283444, 47.3822398], [8.5268655, 47.3827263], [8.5268448, 47.3827328], [8.5268033, 47.3827453], [8.5267351, 47.3827642], [8.5266661, 47.3827814], [8.5265961, 47.382797], [8.526454, 47.3828229], [8.5264504, 47.3828234], [8.5262708, 47.3828515], [8.526212, 47.3828614], [8.5260961, 47.3828848], [8.52602, 47.382902], [8.5259371, 47.3829219], [8.5257748, 47.3829678], [8.5256785, 47.3829979], [8.5205554, 47.3844654], [8.5205609, 47.3842826], [8.5206442, 47.3838674], [8.5208314, 47.3832932], [8.5210471, 47.38262], [8.5212312, 47.3818978], [8.5212827, 47.3814236], [8.52129, 47.3810288], [8.5212027, 47.3804966], [8.5209533, 47.3800557], [8.5208045, 47.3798486], [8.5207872, 47.3798566], [8.520784, 47.3798579], [8.5207807, 47.379859], [8.5207773, 47.37986], [8.5207737, 47.3798608], [8.5207701, 47.3798615], [8.5207665, 47.379862], [8.5207628, 47.3798623], [8.5207591, 47.3798624], [8.5207554, 47.3798623], [8.5207517, 47.3798621], [8.520748, 47.3798617], [8.5206043, 47.3796839], [8.5205561, 47.379625], [8.520456, 47.3795089], [8.5204039, 47.3794516], [8.520296, 47.3793386], [8.5199926, 47.3790304], [8.5196667, 47.3786986], [8.5196704, 47.3786927], [8.5196745, 47.3786884], [8.5196794, 47.3786844], [8.5196851, 47.378681], [8.5196915, 47.3786782], [8.5197333, 47.3786626], [8.5195689, 47.3784941], [8.5195158, 47.3785138], [8.5195087, 47.3785158], [8.5195012, 47.3785171], [8.5194936, 47.3785176], [8.5194878, 47.3785175], [8.5192311, 47.3782568], [8.5191573, 47.3781794], [8.5190194, 47.3780206], [8.5189553, 47.3779393], [8.5188371, 47.3777733], [8.5188195, 47.3777462], [8.5187854, 47.3776916], [8.5187863, 47.3776905], [8.5187873, 47.3776894], [8.5187883, 47.3776883], [8.5187894, 47.3776873], [8.5187906, 47.3776863], [8.5187918, 47.3776854], [8.5187931, 47.3776844], [8.5187944, 47.3776835], [8.5187957, 47.3776826], [8.5187971, 47.3776818], [8.5187985, 47.377681], [8.5188, 47.3776802], [8.5188015, 47.3776795], [8.5188047, 47.3776781], [8.5188638, 47.3776551], [8.5187835, 47.3775163], [8.51874, 47.3775334], [8.5187384, 47.3775341], [8.5187367, 47.3775346], [8.5187349, 47.3775352], [8.5187332, 47.3775356], [8.5187314, 47.3775361], [8.5187296, 47.3775365], [8.5187278, 47.3775369], [8.5187259, 47.3775372], [8.5187241, 47.3775374], [8.5187222, 47.3775377], [8.5187203, 47.3775378], [8.5187184, 47.377538], [8.5187165, 47.3775381], [8.5187146, 47.3775381], [8.5187127, 47.3775381], [8.5187108, 47.377538], [8.5187089, 47.3775379], [8.518707, 47.3775378], [8.5187051, 47.3775376], [8.5187033, 47.3775373], [8.5187014, 47.3775371], [8.5186996, 47.3775367], [8.518696, 47.3775359], [8.5186488, 47.3774422], [8.518567, 47.3772521], [8.5185347, 47.3771626], [8.5184812, 47.376982], [8.5184599, 47.3768909], [8.5184286, 47.3767077], [8.5184187, 47.3766157], [8.5184103, 47.3764313], [8.5184116, 47.3763392], [8.5184256, 47.376155], [8.5184382, 47.3760632], [8.5184749, 47.3758805], [8.5184988, 47.3757899], [8.5185578, 47.37561], [8.518562, 47.3755985], [8.5185851, 47.3755397], [8.5186375, 47.3754231], [8.5186719, 47.3753568], [8.5187486, 47.3752261], [8.5187525, 47.3752243], [8.5187564, 47.3752227], [8.5187605, 47.3752211], [8.5187646, 47.3752196], [8.5187688, 47.3752183], [8.5187731, 47.375217], [8.5187818, 47.3752148], [8.5188188, 47.3752062], [8.5188157, 47.3752002], [8.5189426, 47.3749662]]]]}}, {"type": "Feature", "properties": {"name": "Werd"}, "geometry": {"type": "MultiPolygon", "coordinates": [[[[8.5192957, 47.3748848], [8.5194195, 47.3748531], [8.519424, 47.3748622], [8.5202283, 47.3746725], [8.5206792, 47.3745662], [8.5206737, 47.3745567], [8.5209217, 47.3744984], [8.5209198, 47.3744938], [8.5210907, 47.3744586], [8.521251, 47.3744255], [8.5212629, 47.3744185], [8.5216583, 47.3743459], [8.5217827, 47.3743179], [8.5219408, 47.3742916], [8.5220017, 47.3742846], [8.5221538, 47.3742668], [8.5223505, 47.3742598], [8.5226341, 47.3742507], [8.5228936, 47.3742423], [8.5229215, 47.3742414], [8.5231315, 47.3742349], [8.5233152, 47.3742307], [8.5233152, 47.3742284], [8.5240113, 47.3742057], [8.5244145, 47.3741928], [8.5247879, 47.3741806], [8.5247923, 47.3741806], [8.5247945, 47.3741804], [8.5247967, 47.3741803], [8.5247988, 47.3741801], [8.524801, 47.3741798], [8.5248032, 47.3741795], [8.5248053, 47.3741791], [8.5248074, 47.3741787], [8.5248095, 47.3741782], [8.5248116, 47.3741777], [8.5248136, 47.3741771], [8.5248156, 47.3741765], [8.5248176, 47.3741758], [8.5248195, 47.3741751], [8.5248214, 47.3741744], [8.5248233, 47.3741736], [8.5248251, 47.3741727], [8.5248268, 47.3741718], [8.5248286, 47.3741709], [8.5248302, 47.3741699], [8.5248318, 47.3741689], [8.5248334, 47.3741678], [8.5248349, 47.3741667], [8.5248364, 47.3741656], [8.5248378, 47.3741644], [8.5248391, 47.3741633], [8.5248403, 47.374162], [8.5248416, 47.3741608], [8.5248427, 47.3741595], [8.5248448, 47.3741569], [8.5248457, 47.3741555], [8.5248465, 47.3741541], [8.5248473, 47.3741527], [8.5248481, 47.3741513], [8.5248487, 47.3741499], [8.5248493, 47.3741484], [8.5248497, 47.374147], [8.5248502, 47.3741455], [8.5248505, 47.374144], [8.5248508, 47.3741425], [8.5248509, 47.374141], [8.524851, 47.3741395], [8.5248511, 47.3741381], [8.524851, 47.3741366], [8.5248509, 47.3741351], [8.5248507, 47.3741336], [8.5248504, 47.3741321], [8.52485, 47.3741306], [8.5248496, 47.3741291], [8.5248491, 47.3741277], [8.5248485, 47.3741263], [8.5248478, 47.3741248], [8.5248471, 47.3741234], [8.5248463, 47.374122], [8.5248454, 47.3741207], [8.5248444, 47.3741193], [8.5248434, 47.374118], [8.5248423, 47.3741167], [8.5248452, 47.3741157], [8.5248509, 47.3741237], [8.5250449, 47.3741495], [8.5250834, 47.3741589], [8.5253167, 47.3740786], [8.5254183, 47.3740451], [8.5255261, 47.3740083], [8.5257099, 47.3739409], [8.5258574, 47.3738914], [8.526, 47.3738436], [8.5261384, 47.3737972], [8.5263411, 47.3737268], [8.5265345, 47.37366], [8.5267303, 47.3735926], [8.5269598, 47.3735134], [8.5270034, 47.3734983], [8.5276361, 47.3732822], [8.5276887, 47.3732731], [8.5279208, 47.3732129], [8.5281462, 47.3731346], [8.5282852, 47.3731871], [8.5286791, 47.373264], [8.5288203, 47.373288], [8.5289125, 47.3733095], [8.5291994, 47.3733659], [8.5294098, 47.373407], [8.5296577, 47.3734555], [8.529775, 47.3734785], [8.5299363, 47.3735038], [8.5299612, 47.3735054], [8.5302154, 47.3735222], [8.5302155, 47.3735234], [8.530439, 47.3735131], [8.5304389, 47.3735118], [8.530769, 47.373466], [8.5309778, 47.3734056], [8.5310142, 47.3733951], [8.5310333, 47.3734257], [8.5312696, 47.3733573], [8.5317167, 47.3732617], [8.531787, 47.373245], [8.5317869, 47.3732406], [8.5318728, 47.3732185], [8.5324181, 47.3731011], [8.5324368, 47.3730963], [8.532332, 47.3729379], [8.5322797, 47.3728588], [8.532077, 47.372552], [8.5320097, 47.3724442], [8.5318046, 47.3721317], [8.5317265, 47.3720128], [8.5315998, 47.3718198], [8.5313249, 47.3714002], [8.5311762, 47.3711581], [8.5311562, 47.3711634], [8.5310282, 47.3709563], [8.5310486, 47.3709506], [8.5310047, 47.3708808], [8.5310816, 47.3708482], [8.5309827, 47.3707177], [8.5308781, 47.3705896], [8.530768, 47.3704636], [8.5306533, 47.3703398], [8.5305382, 47.370223], [8.5304085, 47.3700993], [8.5302782, 47.3699822], [8.5301439, 47.3698684], [8.5300045, 47.3697563], [8.5298602, 47.3696473], [8.5297115, 47.3695414], [8.5295588, 47.3694381], [8.5292054, 47.3692066], [8.528995, 47.3693789], [8.5281842, 47.3688505], [8.5279696, 47.369004], [8.5279497, 47.3690183], [8.5279931, 47.369046], [8.5279614, 47.36929], [8.5279464, 47.3692878], [8.5279389, 47.369287], [8.5279313, 47.3692864], [8.5279236, 47.369286], [8.527916, 47.3692857], [8.5279083, 47.3692856], [8.5279007, 47.3692858], [8.527893, 47.3692861], [8.5278854, 47.3692866], [8.5278778, 47.3692873], [8.5278703, 47.3692881], [8.5278628, 47.3692892], [8.5278553, 47.3692904], [8.5277654, 47.3693064], [8.5275092, 47.369352], [8.5272639, 47.3693956], [8.527253, 47.3693976], [8.5269772, 47.3694468], [8.5267057, 47.3694954], [8.526558, 47.3695218], [8.5264591, 47.3696061], [8.526335, 47.3697116], [8.5262358, 47.3697959], [8.5261267, 47.3697367], [8.5259577, 47.3696452], [8.5258343, 47.3697504], [8.5257054, 47.3698602], [8.525582, 47.3699654], [8.5254583, 47.3700709], [8.5252832, 47.3702202], [8.5251391, 47.3703432], [8.5249383, 47.3705144], [8.5248355, 47.370602], [8.5247865, 47.3706436], [8.5247158, 47.3707041], [8.5245724, 47.3708264], [8.5244287, 47.370949], [8.5243769, 47.3709209], [8.5242324, 47.371044], [8.5241829, 47.3710863], [8.5238256, 47.3714519], [8.5236224, 47.3715951], [8.5236186, 47.3715927], [8.5236132, 47.3715967], [8.5236119, 47.3715977], [8.5236113, 47.3715981], [8.5236108, 47.3715986], [8.5236102, 47.3715992], [8.5236097, 47.3715997], [8.5236092, 47.3716002], [8.5236088, 47.3716008], [8.5236084, 47.3716013], [8.523608, 47.3716019], [8.5236076, 47.3716025], [8.5236073, 47.3716031], [8.523607, 47.3716037], [8.5236067, 47.3716043], [8.5236064, 47.3716049], [8.5236062, 47.3716055], [8.523606, 47.3716061], [8.5236059, 47.3716067], [8.5236058, 47.3716074], [8.5236057, 47.371608], [8.5236056, 47.3716086], [8.5236056, 47.3716093], [8.5236056, 47.3716099], [8.5236057, 47.3716105], [8.5236058, 47.3716111], [8.5236059, 47.3716118], [8.523606, 47.3716124], [8.5236062, 47.371613], [8.5236064, 47.3716136], [8.5236066, 47.3716142], [8.5236069, 47.3716148], [8.5236072, 47.3716154], [8.5228647, 47.3721114], [8.5228239, 47.3720944], [8.5226486, 47.3722182], [8.5226381, 47.3722258], [8.5226356, 47.3722248], [8.5222092, 47.3725256], [8.5217828, 47.3728265], [8.5217704, 47.3728182], [8.5212442, 47.3731892], [8.5207181, 47.3735603], [8.5207169, 47.3735594], [8.5203818, 47.3737964], [8.5203797, 47.373798], [8.5203488, 47.3737824], [8.5201865, 47.3739035], [8.5201767, 47.373911], [8.5201712, 47.373909], [8.5200307, 47.374022], [8.5198964, 47.3741391], [8.5197705, 47.3742603], [8.5196547, 47.3743861], [8.5195459, 47.374515], [8.5194475, 47.3746475], [8.5193586, 47.3747832], [8.5192957, 47.3748848]]]]}}, {"type": "Feature", "properties": {"name": "Escher Wyss"}, "geometry": {"type": "MultiPolygon", "coordinates": [[[[8.5205554, 47.3844654], [8.5191049, 47.3848808], [8.5184807, 47.3850495], [8.5179381, 47.385196], [8.5174783, 47.38532], [8.517509, 47.3853383], [8.517519, 47.3853486], [8.5174366, 47.3853709], [8.5171853, 47.3854388], [8.5171692, 47.3854223], [8.5171025, 47.3854391], [8.5164039, 47.3856179], [8.5160154, 47.3857158], [8.515718, 47.3857956], [8.5151065, 47.3859622], [8.514816, 47.3860408], [8.5147747, 47.386052], [8.5144276, 47.3861456], [8.5139817, 47.386266], [8.5132979, 47.3864519], [8.5127581, 47.3866754], [8.512549, 47.3867671], [8.5123641, 47.3868453], [8.5119859, 47.3871049], [8.5119347, 47.3871568], [8.5118863, 47.3872101], [8.5118433, 47.3872639], [8.5118025, 47.3873197], [8.51176, 47.3873855], [8.5117228, 47.3874528], [8.5116973, 47.3875074], [8.5116786, 47.3875522], [8.5115804, 47.387778], [8.5115593, 47.3878261], [8.5115348, 47.3878741], [8.511509, 47.3879207], [8.5114789, 47.3879677], [8.5114478, 47.388013], [8.5114131, 47.3880582], [8.5113763, 47.3881026], [8.5113375, 47.3881454], [8.5112967, 47.3881872], [8.5112527, 47.3882285], [8.5111592, 47.3883073], [8.5110723, 47.3883773], [8.5109757, 47.3884509], [8.510877, 47.3885219], [8.5107813, 47.3885878], [8.5107507, 47.3887198], [8.5106177, 47.3887615], [8.5105928, 47.3887705], [8.5106038, 47.3886861], [8.51068, 47.3884628], [8.5100481, 47.3882957], [8.5097454, 47.3883762], [8.5089244, 47.3885846], [8.5086221, 47.3886599], [8.5077734, 47.3887656], [8.5071154, 47.3889627], [8.5067365, 47.3890762], [8.5065982, 47.3891456], [8.5064699, 47.3892209], [8.5063161, 47.389102], [8.505573, 47.3892903], [8.5050613, 47.3894798], [8.5048374, 47.3895831], [8.5046317, 47.3897019], [8.5036055, 47.3904222], [8.5033588, 47.3905595], [8.5030947, 47.3906792], [8.5028711, 47.3907571], [8.5023601, 47.3909042], [8.500727, 47.3913741], [8.4983587, 47.3920534], [8.4989772, 47.3920514], [8.4996171, 47.3920494], [8.5002572, 47.3920473], [8.5008971, 47.3920453], [8.501537, 47.3920432], [8.5015928, 47.3920435], [8.5017041, 47.3920474], [8.5017597, 47.3920509], [8.5018702, 47.3920611], [8.5019019, 47.3920651], [8.5019649, 47.3920743], [8.5022638, 47.3922416], [8.5026201, 47.3924788], [8.5029142, 47.3926746], [8.5029495, 47.3926981], [8.5029958, 47.392729], [8.5030606, 47.3927721], [8.5046656, 47.3938408], [8.504953, 47.3940284], [8.5051915, 47.3940442], [8.5051236, 47.3940926], [8.5051307, 47.394113], [8.5051996, 47.3943151], [8.5052935, 47.3945901], [8.5053024, 47.3946165], [8.5054171, 47.3949525], [8.5054778, 47.3949441], [8.5055994, 47.3949286], [8.5058072, 47.394906], [8.5062257, 47.394876], [8.507976, 47.394793], [8.5099471, 47.3946996], [8.5106187, 47.3946678], [8.5118079, 47.3946113], [8.5120633, 47.3945958], [8.5125705, 47.3945447], [8.5128215, 47.3945092], [8.5133165, 47.3944185], [8.5135598, 47.3943635], [8.5140361, 47.3942345], [8.5142682, 47.3941607], [8.5147191, 47.393995], [8.5148108, 47.3939582], [8.5148022, 47.393923], [8.515792, 47.3935317], [8.5162484, 47.3933678], [8.5170004, 47.3930977], [8.5186179, 47.3926625], [8.5202556, 47.3922216], [8.5210782, 47.3920653], [8.5218867, 47.3919216], [8.5233335, 47.391573], [8.523411, 47.3915542], [8.5235837, 47.3915124], [8.5242295, 47.3913561], [8.5248253, 47.3911353], [8.5255542, 47.390839], [8.5260762, 47.3905888], [8.5274137, 47.3899187], [8.527395, 47.389588], [8.5275092, 47.3895102], [8.5275397, 47.3894928], [8.5275784, 47.3894816], [8.527567, 47.3894604], [8.5275744, 47.3894587], [8.5275706, 47.3894513], [8.5275374, 47.3893904], [8.5275284, 47.3893738], [8.5274954, 47.389313], [8.5274867, 47.3892964], [8.5271933, 47.3891979], [8.5272086, 47.389148], [8.5272337, 47.3890662], [8.5271525, 47.3890817], [8.5270575, 47.3890922], [8.5269206, 47.3890466], [8.5269161, 47.389045], [8.5269117, 47.3890433], [8.5269074, 47.3890416], [8.5269032, 47.3890397], [8.5268991, 47.3890376], [8.5268951, 47.3890355], [8.5268912, 47.3890333], [8.5268839, 47.3890286], [8.5268804, 47.3890261], [8.5268771, 47.3890235], [8.526874, 47.3890209], [8.5268709, 47.3890181], [8.5268681, 47.3890153], [8.5268654, 47.3890124], [8.5268628, 47.3890095], [8.5268582, 47.3890034], [8.5268142, 47.3889385], [8.5266598, 47.3887109], [8.5264616, 47.3884184], [8.5264595, 47.3884152], [8.5264576, 47.3884119], [8.526456, 47.3884086], [8.5264545, 47.3884053], [8.5264532, 47.3884019], [8.5264521, 47.3883984], [8.5264505, 47.3883915], [8.5264499, 47.388388], [8.5264496, 47.3883845], [8.5264495, 47.388381], [8.5264495, 47.3883775], [8.5264498, 47.388374], [8.5264503, 47.3883706], [8.5264518, 47.3883636], [8.5264688, 47.3883052], [8.5263766, 47.3883574], [8.5263396, 47.3883784], [8.5261219, 47.3882557], [8.5262902, 47.3881603], [8.5264617, 47.388063], [8.5262559, 47.3879136], [8.5260664, 47.3877926], [8.5258714, 47.3876824], [8.5256395, 47.3875706], [8.5256209, 47.3875616], [8.525574, 47.3875414], [8.5252605, 47.387495], [8.5252669, 47.3874912], [8.5252718, 47.3874865], [8.5252752, 47.3874812], [8.5252769, 47.3874755], [8.5252765, 47.3874688], [8.5252744, 47.3874632], [8.5252705, 47.3874581], [8.5252651, 47.3874536], [8.5252572, 47.3874495], [8.5250712, 47.3873774], [8.5244871, 47.3871823], [8.5240812, 47.3870469], [8.5239084, 47.3869892], [8.5232985, 47.3867904], [8.5232866, 47.3867865], [8.5233371, 47.3867631], [8.5230912, 47.3866811], [8.522815, 47.3865803], [8.5225757, 47.3864869], [8.5223462, 47.3863839], [8.5221254, 47.3862702], [8.5220264, 47.3862116], [8.5218949, 47.3861338], [8.5218661, 47.3861139], [8.5217709, 47.3860486], [8.5217494, 47.3860337], [8.5216944, 47.3859959], [8.5215849, 47.3859129], [8.5214144, 47.3857701], [8.5212575, 47.385619], [8.5211088, 47.3854514], [8.5210481, 47.3853708], [8.5209439, 47.3853961], [8.5205689, 47.3847447], [8.5205481, 47.3847086], [8.5205554, 47.3844654]]]]}}, {"type": "Feature", "properties": {"name": "Gewerbeschule"}, "geometry": {"type": "MultiPolygon", "coordinates": [[[[8.5205554, 47.3844654], [8.5205481, 47.3847086], [8.5205689, 47.3847447], [8.5209439, 47.3853961], [8.5210481, 47.3853708], [8.5211088, 47.3854514], [8.5212575, 47.385619], [8.5214144, 47.3857701], [8.5215849, 47.3859129], [8.5216944, 47.3859959], [8.5217494, 47.3860337], [8.5217709, 47.3860486], [8.5218661, 47.3861139], [8.5218949, 47.3861338], [8.5220264, 47.3862116], [8.5221254, 47.3862702], [8.5223462, 47.3863839], [8.5225757, 47.3864869], [8.522815, 47.3865803], [8.5230912, 47.3866811], [8.5233371, 47.3867631], [8.5232866, 47.3867865], [8.5232985, 47.3867904], [8.5239084, 47.3869892], [8.5240812, 47.3870469], [8.5244871, 47.3871823], [8.5250712, 47.3873774], [8.5252572, 47.3874495], [8.5252651, 47.3874536], [8.5252705, 47.3874581], [8.5252744, 47.3874632], [8.5252765, 47.3874688], [8.5252769, 47.3874755], [8.5252752, 47.3874812], [8.5252718, 47.3874865], [8.5252669, 47.3874912], [8.5252605, 47.387495], [8.525574, 47.3875414], [8.5256209, 47.3875616], [8.5256395, 47.3875706], [8.5258714, 47.3876824], [8.5260664, 47.3877926], [8.5262559, 47.3879136], [8.5264617, 47.388063], [8.5262902, 47.3881603], [8.5261219, 47.3882557], [8.5263396, 47.3883784], [8.5263766, 47.3883574], [8.5264688, 47.3883052], [8.5264518, 47.3883636], [8.5264503, 47.3883706], [8.5264498, 47.388374], [8.5264495, 47.3883775], [8.5264495, 47.388381], [8.5264496, 47.3883845], [8.5264499, 47.388388], [8.5264505, 47.3883915], [8.5264521, 47.3883984], [8.5264532, 47.3884019], [8.5264545, 47.3884053], [8.526456, 47.3884086], [8.5264576, 47.3884119], [8.5264595, 47.3884152], [8.5264616, 47.3884184], [8.5266598, 47.3887109], [8.5268142, 47.3889385], [8.5268582, 47.3890034], [8.5268628, 47.3890095], [8.5268654, 47.3890124], [8.5268681, 47.3890153], [8.5268709, 47.3890181], [8.526874, 47.3890209], [8.5268771, 47.3890235], [8.5268804, 47.3890261], [8.5268839, 47.3890286], [8.5268912, 47.3890333], [8.5268951, 47.3890355], [8.5268991, 47.3890376], [8.5269032, 47.3890397], [8.5269074, 47.3890416], [8.5269117, 47.3890433], [8.5269161, 47.389045], [8.5269206, 47.3890466], [8.5270575, 47.3890922], [8.5271525, 47.3890817], [8.5272337, 47.3890662], [8.5272086, 47.389148], [8.5271933, 47.3891979], [8.5274867, 47.3892964], [8.5274954, 47.389313], [8.5275284, 47.3893738], [8.5275374, 47.3893904], [8.5275706, 47.3894513], [8.5275744, 47.3894587], [8.527567, 47.3894604], [8.5275784, 47.3894816], [8.5275397, 47.3894928], [8.5275092, 47.3895102], [8.527395, 47.389588], [8.5274137, 47.3899187], [8.528331, 47.3893912], [8.5298705, 47.3883068], [8.5301396, 47.3881287], [8.5315159, 47.3872173], [8.5328639, 47.3863945], [8.5336784, 47.3859283], [8.5361883, 47.3844919], [8.5369419, 47.3840607], [8.5388478, 47.3829698], [8.5384685, 47.3826641], [8.5385604, 47.3824976], [8.5386024, 47.3824214], [8.5386238, 47.3824266], [8.5387715, 47.3820824], [8.5387498, 47.3820783], [8.538769, 47.3820317], [8.5387889, 47.3820354], [8.538835, 47.3819277], [8.5388714, 47.3818181], [8.5389323, 47.381597], [8.5389779, 47.381374], [8.5390043, 47.3811498], [8.5390145, 47.3809251], [8.5390113, 47.3807907], [8.5390092, 47.3807008], [8.5389845, 47.3804757], [8.538939, 47.380253], [8.5388755, 47.3800324], [8.5388013, 47.3798134], [8.5387919, 47.3797932], [8.5387205, 47.3796398], [8.5386683, 47.3796565], [8.5384547, 47.3792907], [8.5384124, 47.3792181], [8.537674, 47.3795845], [8.5375556, 47.3793834], [8.5375282, 47.3793954], [8.5374646, 47.3794176], [8.5374356, 47.3794272], [8.5373771, 47.3794456], [8.5373476, 47.3794544], [8.5372881, 47.3794713], [8.5369964, 47.3795502], [8.5370162, 47.3795845], [8.5366422, 47.3796853], [8.5366435, 47.3796856], [8.5366447, 47.379686], [8.536646, 47.3796864], [8.5366472, 47.3796868], [8.5366485, 47.3796873], [8.5366497, 47.3796878], [8.5366508, 47.3796883], [8.536652, 47.3796889], [8.5366531, 47.3796895], [8.5366541, 47.3796901], [8.5366552, 47.3796907], [8.5366562, 47.3796914], [8.5366572, 47.379692], [8.5366581, 47.3796927], [8.536659, 47.3796935], [8.5366599, 47.3796942], [8.5366607, 47.379695], [8.5366615, 47.3796958], [8.5366622, 47.3796966], [8.5366629, 47.3796974], [8.5366636, 47.3796982], [8.5366642, 47.3796991], [8.5366648, 47.3797], [8.5366653, 47.3797008], [8.5366658, 47.3797017], [8.5366662, 47.3797026], [8.5366666, 47.3797035], [8.536667, 47.3797045], [8.5366672, 47.3797054], [8.5366675, 47.3797063], [8.5366677, 47.3797073], [8.5366678, 47.3797082], [8.5366679, 47.3797092], [8.536668, 47.3797111], [8.5366679, 47.379712], [8.5366678, 47.379713], [8.5366677, 47.3797139], [8.5366675, 47.3797149], [8.5366673, 47.3797158], [8.536667, 47.3797168], [8.5366667, 47.3797177], [8.5366663, 47.3797186], [8.5366659, 47.3797195], [8.5366654, 47.3797204], [8.5366649, 47.3797213], [8.5366643, 47.3797222], [8.5366637, 47.379723], [8.536663, 47.3797239], [8.5366623, 47.3797247], [8.5366616, 47.3797255], [8.5366608, 47.3797263], [8.53666, 47.3797271], [8.5366591, 47.3797278], [8.5366582, 47.3797286], [8.5366573, 47.3797293], [8.5366563, 47.3797299], [8.5366553, 47.3797306], [8.5366543, 47.3797312], [8.5366532, 47.3797319], [8.5366521, 47.3797324], [8.5366509, 47.379733], [8.5366498, 47.3797335], [8.5366486, 47.379734], [8.5366474, 47.3797345], [8.5366461, 47.379735], [8.5366449, 47.3797354], [8.5366436, 47.3797358], [8.5366409, 47.3797364], [8.536588, 47.3797511], [8.5360671, 47.379892], [8.5360425, 47.3799149], [8.5350297, 47.3801892], [8.5341489, 47.3804283], [8.5332465, 47.3806727], [8.5323465, 47.3809166], [8.5319777, 47.3810166], [8.5316333, 47.38111], [8.5311863, 47.3812266], [8.5311536, 47.3811679], [8.530975, 47.3812049], [8.5304525, 47.3812766], [8.5301665, 47.3813164], [8.5299215, 47.3813519], [8.5297181, 47.38138], [8.5295229, 47.3814017], [8.5292758, 47.3814216], [8.5291463, 47.3814353], [8.5290752, 47.3814413], [8.5290457, 47.3814485], [8.5287278, 47.3815259], [8.5288638, 47.3817553], [8.5286909, 47.3819138], [8.5286917, 47.3819146], [8.5286925, 47.3819154], [8.5286932, 47.3819162], [8.5286939, 47.381917], [8.5286945, 47.3819179], [8.5286951, 47.3819187], [8.5286956, 47.3819196], [8.5286961, 47.3819205], [8.5286966, 47.3819214], [8.528697, 47.3819223], [8.5286973, 47.3819232], [8.5286976, 47.3819241], [8.5286979, 47.381925], [8.5286981, 47.381926], [8.5286983, 47.3819269], [8.5286984, 47.3819279], [8.5286985, 47.3819288], [8.5286985, 47.3819298], [8.5286985, 47.3819307], [8.5286984, 47.3819316], [8.5286983, 47.3819326], [8.5286981, 47.3819335], [8.5286979, 47.3819345], [8.5286976, 47.3819354], [8.5286973, 47.3819363], [8.5286969, 47.3819372], [8.5286965, 47.3819381], [8.528696, 47.381939], [8.5286955, 47.3819399], [8.528695, 47.3819408], [8.5286944, 47.3819416], [8.5286937, 47.3819425], [8.5286931, 47.3819433], [8.5286923, 47.3819441], [8.5286916, 47.3819449], [8.5286908, 47.3819457], [8.528689, 47.3819472], [8.5284434, 47.3821763], [8.5283817, 47.3822074], [8.5283444, 47.3822398], [8.5268655, 47.3827263], [8.5268448, 47.3827328], [8.5268033, 47.3827453], [8.5267351, 47.3827642], [8.5266661, 47.3827814], [8.5265961, 47.382797], [8.526454, 47.3828229], [8.5264504, 47.3828234], [8.5262708, 47.3828515], [8.526212, 47.3828614], [8.5260961, 47.3828848], [8.52602, 47.382902], [8.5259371, 47.3829219], [8.5257748, 47.3829678], [8.5256785, 47.3829979], [8.5205554, 47.3844654]]]]}}, {"type": "Feature", "properties": {"name": "Oberstrass"}, "geometry": {"type": "MultiPolygon", "coordinates": [[[[8.5479254, 47.3991669], [8.5479563, 47.3991502], [8.5481155, 47.3992746], [8.5481971, 47.3993355], [8.5483643, 47.399455], [8.5484498, 47.3995135], [8.5486243, 47.3996281], [8.5487126, 47.3996845], [8.5488915, 47.3997959], [8.5489821, 47.3998507], [8.5490761, 47.3999052], [8.5491253, 47.3999306], [8.5491902, 47.3999613], [8.5492234, 47.3999758], [8.5492615, 47.3999916], [8.5492807, 47.3999992], [8.5493954, 47.4000471], [8.5493868, 47.4001247], [8.549731, 47.4003252], [8.5498972, 47.4004232], [8.5499798, 47.4004725], [8.5501044, 47.400548], [8.5501664, 47.400586], [8.5502056, 47.4006103], [8.5502252, 47.4006225], [8.5503206, 47.4006822], [8.550368, 47.4007122], [8.5504623, 47.4007728], [8.5505091, 47.4008033], [8.5506759, 47.4009126], [8.5507439, 47.400957], [8.550778, 47.4009791], [8.5508463, 47.4010234], [8.5508805, 47.4010454], [8.551114, 47.4011892], [8.5512342, 47.4012585], [8.5514812, 47.4013915], [8.5516079, 47.4014552], [8.5518898, 47.4015934], [8.5520023, 47.4015885], [8.5520033, 47.4015941], [8.5520041, 47.4015969], [8.5520049, 47.4015996], [8.5520059, 47.4016024], [8.5520071, 47.4016051], [8.5520084, 47.4016078], [8.5520099, 47.4016104], [8.5520114, 47.401613], [8.5520132, 47.4016156], [8.552015, 47.4016181], [8.552017, 47.4016206], [8.5520213, 47.4016253], [8.5520237, 47.4016276], [8.5520261, 47.4016298], [8.5520287, 47.4016319], [8.5520314, 47.401634], [8.5520342, 47.4016361], [8.5520371, 47.401638], [8.5520401, 47.4016399], [8.5520432, 47.4016417], [8.5520464, 47.4016434], [8.5520497, 47.4016451], [8.5523044, 47.4017687], [8.5524121, 47.4018251], [8.552464, 47.4018549], [8.5525127, 47.4018844], [8.5525365, 47.4018995], [8.5526482, 47.401782], [8.5527979, 47.4016244], [8.5532696, 47.4011278], [8.5533177, 47.4010772], [8.5537854, 47.4008647], [8.5544295, 47.4005722], [8.5544405, 47.4005672], [8.5544848, 47.400547], [8.5545226, 47.400478], [8.5547079, 47.4006644], [8.5548444, 47.4008011], [8.5549805, 47.4009378], [8.5551167, 47.4010745], [8.5552528, 47.4012112], [8.5554167, 47.4013757], [8.5556075, 47.4012882], [8.5555826, 47.4012486], [8.5555255, 47.4011474], [8.5555044, 47.4010959], [8.5554344, 47.4009287], [8.5554298, 47.4009166], [8.5553488, 47.4007691], [8.5552605, 47.4006103], [8.555223, 47.4005418], [8.5551036, 47.4004829], [8.5548188, 47.4003422], [8.5545207, 47.4001944], [8.5544583, 47.4001541], [8.5542633, 47.4000283], [8.5539412, 47.3997779], [8.5537359, 47.3995511], [8.5535637, 47.3993482], [8.5535134, 47.3992889], [8.5536398, 47.3991701], [8.5538835, 47.3989409], [8.5539167, 47.3989079], [8.5539449, 47.398881], [8.5540943, 47.3987477], [8.5541361, 47.3987089], [8.5543007, 47.3985527], [8.5545912, 47.3984664], [8.5546085, 47.3984606], [8.554632, 47.3984622], [8.5549768, 47.3984904], [8.5551922, 47.3985068], [8.5555873, 47.3985344], [8.5571652, 47.398729], [8.5574191, 47.3990477], [8.5575806, 47.3988807], [8.5579314, 47.3987804], [8.5579099, 47.3987307], [8.5582595, 47.3987858], [8.5588467, 47.3987541], [8.559399, 47.398612], [8.5598798, 47.3983265], [8.5603312, 47.3979856], [8.5607642, 47.3976506], [8.5613245, 47.3970781], [8.561475, 47.3969486], [8.5617929, 47.3967526], [8.562083, 47.3965746], [8.562364, 47.3963352], [8.5625438, 47.3962436], [8.5627547, 47.396093], [8.5629244, 47.3959615], [8.5630828, 47.3957442], [8.5633097, 47.3956292], [8.5654679, 47.3945931], [8.5668826, 47.3934671], [8.568271, 47.3923644], [8.5687875, 47.3917455], [8.5689605, 47.3917006], [8.5681797, 47.391361], [8.5674102, 47.3910259], [8.5671372, 47.3907034], [8.5668821, 47.3904017], [8.5667832, 47.3903065], [8.5666507, 47.3902323], [8.5662581, 47.3900499], [8.5657341, 47.3898052], [8.5656888, 47.3897644], [8.5656566, 47.389745], [8.5655318, 47.389688], [8.5653771, 47.3896892], [8.5653908, 47.389663], [8.5653329, 47.3896356], [8.5649329, 47.3893449], [8.5645199, 47.3890433], [8.5641002, 47.3887373], [8.5638865, 47.3883622], [8.5638419, 47.3882744], [8.5637724, 47.3881375], [8.5637092, 47.3880614], [8.5632943, 47.387634], [8.5629787, 47.3874015], [8.5630042, 47.3874524], [8.5629661, 47.3874957], [8.5624137, 47.3878074], [8.5622654, 47.3878899], [8.5619051, 47.3880836], [8.5614721, 47.3884037], [8.5612746, 47.3885705], [8.5611017, 47.3886831], [8.5609175, 47.3888234], [8.5605608, 47.3885921], [8.5602337, 47.3883742], [8.5600789, 47.3882296], [8.5598835, 47.3880473], [8.5595401, 47.3878615], [8.5593182, 47.3876984], [8.558957, 47.3873907], [8.5586427, 47.3871465], [8.5585011, 47.3870357], [8.5583479, 47.3870624], [8.5581733, 47.3870856], [8.5576255, 47.3870788], [8.5576107, 47.3871089], [8.5570495, 47.3869011], [8.5566545, 47.3867538], [8.5565902, 47.3867298], [8.5565034, 47.3866359], [8.5564159, 47.3865415], [8.5562545, 47.3863574], [8.5562288, 47.386338], [8.5562152, 47.3863325], [8.5562736, 47.3863016], [8.5561666, 47.3862273], [8.5562817, 47.3861665], [8.5560035, 47.3859243], [8.555937, 47.3858362], [8.5559332, 47.3858275], [8.5558875, 47.3857248], [8.5558629, 47.3856351], [8.5558447, 47.3855619], [8.555816, 47.3854468], [8.5558077, 47.385419], [8.5557727, 47.3853019], [8.5556891, 47.3851527], [8.5556063, 47.3850701], [8.555551, 47.385044], [8.555531, 47.3850109], [8.5554141, 47.3849269], [8.555249, 47.3848082], [8.5551339, 47.3847252], [8.5550157, 47.384642], [8.5546767, 47.3844033], [8.5546361, 47.3843746], [8.5545917, 47.3843455], [8.5545198, 47.3842983], [8.554232, 47.3841094], [8.5542206, 47.384102], [8.5539087, 47.3839209], [8.5538356, 47.3838538], [8.5538505, 47.3837198], [8.5538487, 47.3837183], [8.5538479, 47.3837175], [8.5538471, 47.3837168], [8.5538464, 47.383716], [8.5538457, 47.3837151], [8.553845, 47.3837143], [8.5538444, 47.3837135], [8.5538438, 47.3837126], [8.5538433, 47.3837117], [8.5538428, 47.3837108], [8.5538424, 47.3837099], [8.553842, 47.383709], [8.5538417, 47.3837081], [8.5538414, 47.3837072], [8.5538411, 47.3837062], [8.5538409, 47.3837053], [8.5538408, 47.3837033], [8.5538409, 47.3837023], [8.5538409, 47.3837013], [8.5538411, 47.3837004], [8.5538413, 47.3836994], [8.5538415, 47.3836984], [8.5538418, 47.3836974], [8.5538421, 47.3836965], [8.5538425, 47.3836955], [8.553843, 47.3836946], [8.5538435, 47.3836937], [8.553844, 47.3836928], [8.5538446, 47.3836919], [8.5538453, 47.383691], [8.553846, 47.3836901], [8.5538578, 47.3836737], [8.553863, 47.3836653], [8.5538676, 47.3836567], [8.5538718, 47.383648], [8.5538754, 47.3836392], [8.5538811, 47.3836214], [8.5538832, 47.3836123], [8.5538848, 47.3836033], [8.5538858, 47.3835942], [8.5538862, 47.3835851], [8.5538864, 47.3835831], [8.5538864, 47.3835821], [8.5538863, 47.3835811], [8.5538862, 47.3835801], [8.553886, 47.3835792], [8.5538858, 47.3835782], [8.5538856, 47.3835772], [8.5538852, 47.3835763], [8.5538849, 47.3835753], [8.5538844, 47.3835744], [8.553884, 47.3835735], [8.5538828, 47.3835716], [8.5538822, 47.3835708], [8.5538815, 47.3835699], [8.5538808, 47.3835691], [8.55388, 47.3835682], [8.5538792, 47.3835674], [8.5538783, 47.3835666], [8.5538774, 47.3835659], [8.5538765, 47.3835651], [8.5538755, 47.3835644], [8.5538744, 47.3835637], [8.5538025, 47.3835136], [8.5537998, 47.3835117], [8.5537983, 47.3835109], [8.5537969, 47.3835101], [8.5537953, 47.3835093], [8.5537938, 47.3835085], [8.5537922, 47.3835078], [8.5537905, 47.3835072], [8.5537888, 47.3835065], [8.5537871, 47.383506], [8.5537854, 47.3835054], [8.5537836, 47.3835049], [8.5537818, 47.3835045], [8.55378, 47.383504], [8.5537782, 47.3835037], [8.5537763, 47.3835034], [8.5537744, 47.3835031], [8.5537725, 47.3835029], [8.5537707, 47.3835027], [8.5537687, 47.3835025], [8.5537668, 47.3835025], [8.5537649, 47.3835024], [8.5537612, 47.3835025], [8.5537593, 47.3835026], [8.5537574, 47.3835028], [8.5537555, 47.383503], [8.5537537, 47.3835032], [8.5537519, 47.3835035], [8.55375, 47.3835039], [8.5537482, 47.3835043], [8.5537465, 47.3835047], [8.5537447, 47.3835052], [8.553743, 47.3835057], [8.5537413, 47.3835062], [8.5537396, 47.3835068], [8.553738, 47.3835075], [8.5537364, 47.3835081], [8.5537348, 47.3835088], [8.5537333, 47.3835096], [8.5537318, 47.3835104], [8.5537303, 47.3835112], [8.5537289, 47.3835121], [8.5537276, 47.3835129], [8.5537084, 47.3835256], [8.5535211, 47.3833995], [8.5535573, 47.3833753], [8.5533815, 47.3832663], [8.5533009, 47.3832305], [8.5532961, 47.3832285], [8.5532937, 47.3832276], [8.5532912, 47.3832268], [8.5532887, 47.383226], [8.5532861, 47.3832253], [8.5532835, 47.3832246], [8.5532809, 47.383224], [8.5532782, 47.3832235], [8.5532755, 47.383223], [8.5532728, 47.3832226], [8.5532701, 47.3832223], [8.5532673, 47.383222], [8.5532646, 47.3832218], [8.5532618, 47.3832217], [8.553259, 47.3832216], [8.5532562, 47.3832216], [8.5532534, 47.3832216], [8.5532507, 47.3832217], [8.5532479, 47.3832219], [8.5532424, 47.3832225], [8.5532397, 47.3832229], [8.553237, 47.3832234], [8.5532343, 47.3832239], [8.5532317, 47.3832245], [8.5532291, 47.3832252], [8.5532265, 47.3832259], [8.553224, 47.3832267], [8.5532215, 47.3832275], [8.553219, 47.3832284], [8.5532166, 47.3832294], [8.5532143, 47.3832304], [8.553212, 47.3832315], [8.5532097, 47.3832326], [8.5532075, 47.3832337], [8.5532054, 47.383235], [8.5532034, 47.3832362], [8.5532014, 47.3832376], [8.5531994, 47.3832389], [8.5530639, 47.3832024], [8.5529639, 47.3831518], [8.5529576, 47.3831575], [8.5528938, 47.3831142], [8.5528194, 47.3830638], [8.5526454, 47.3829459], [8.5525439, 47.3828772], [8.5523254, 47.3827292], [8.5521546, 47.3826333], [8.5519754, 47.3825306], [8.5518545, 47.3824613], [8.5515296, 47.3822526], [8.5515105, 47.3822403], [8.551322, 47.3821505], [8.551165, 47.3820756], [8.551111, 47.3820497], [8.5510058, 47.3819996], [8.5509652, 47.3819801], [8.5507069, 47.3818568], [8.5506524, 47.3818462], [8.550543, 47.3818718], [8.5505718, 47.3816484], [8.5511578, 47.3812417], [8.5512304, 47.3811904], [8.551288, 47.3811473], [8.5513156, 47.381125], [8.5513678, 47.381079], [8.5513926, 47.3810552], [8.5514079, 47.3810614], [8.551565, 47.3808816], [8.5517176, 47.3807127], [8.5517286, 47.3807006], [8.5519035, 47.380534], [8.5519572, 47.3804878], [8.5520729, 47.3803881], [8.5522028, 47.3802858], [8.5523326, 47.3801889], [8.5523373, 47.3801853], [8.5524431, 47.3801097], [8.5524738, 47.3800878], [8.5525178, 47.3800573], [8.5526141, 47.3799905], [8.5526326, 47.379978], [8.552755, 47.3798949], [8.5528857, 47.3798105], [8.5530928, 47.3796767], [8.5530508, 47.3796297], [8.552961, 47.3795498], [8.5528592, 47.3794657], [8.5528432, 47.3794764], [8.5526104, 47.3792769], [8.5524495, 47.3791452], [8.5524495, 47.3791414], [8.5524493, 47.3791395], [8.552449, 47.3791376], [8.5524486, 47.3791357], [8.5524481, 47.3791338], [8.5524475, 47.3791319], [8.5524468, 47.37913], [8.552446, 47.3791282], [8.5524452, 47.3791264], [8.5524442, 47.3791246], [8.5524431, 47.3791228], [8.552442, 47.379121], [8.5524407, 47.3791193], [8.5524394, 47.3791176], [8.5524379, 47.379116], [8.5524364, 47.3791143], [8.5524348, 47.3791128], [8.5524331, 47.3791112], [8.5524314, 47.3791097], [8.5523439, 47.3790374], [8.5523102, 47.3790097], [8.5520388, 47.3787886], [8.5518851, 47.3786752], [8.5517742, 47.3786085], [8.5517353, 47.3785709], [8.5516935, 47.3785466], [8.5517043, 47.3785387], [8.5516604, 47.3785122], [8.5516707, 47.3785045], [8.5516184, 47.3784739], [8.5516291, 47.3784654], [8.5515793, 47.3784357], [8.5515893, 47.3784273], [8.5513891, 47.3783098], [8.5514174, 47.3782874], [8.5513954, 47.3782743], [8.5514154, 47.3782581], [8.5512939, 47.3781864], [8.5513088, 47.3781745], [8.5512753, 47.3781543], [8.551277, 47.378153], [8.5512683, 47.3781477], [8.5512773, 47.3781401], [8.5512616, 47.3781308], [8.551243, 47.3781453], [8.5512568, 47.3781537], [8.5512364, 47.3781696], [8.5512453, 47.3781747], [8.5512257, 47.3781901], [8.5510817, 47.3781539], [8.5510902, 47.3781359], [8.5510937, 47.3781267], [8.5510967, 47.3781175], [8.5510992, 47.3781082], [8.5511012, 47.3780988], [8.5511027, 47.3780894], [8.5511037, 47.37808], [8.5511042, 47.3780705], [8.5511042, 47.3780611], [8.5511037, 47.3780516], [8.5511026, 47.3780422], [8.5511011, 47.3780328], [8.5510991, 47.3780234], [8.5510966, 47.3780141], [8.5510936, 47.3780049], [8.5510901, 47.3779958], [8.5510816, 47.3779777], [8.5510767, 47.3779689], [8.5510713, 47.3779602], [8.5510654, 47.3779516], [8.5510591, 47.3779432], [8.5510523, 47.3779349], [8.5510451, 47.3779269], [8.5510375, 47.3779189], [8.5510295, 47.3779112], [8.551021, 47.3779037], [8.5510122, 47.3778964], [8.5510029, 47.3778893], [8.5509933, 47.3778825], [8.5509834, 47.3778759], [8.5509731, 47.3778695], [8.5509624, 47.3778635], [8.55086, 47.37781], [8.5508334, 47.3777937], [8.5507384, 47.377735], [8.5506887, 47.3777075], [8.5506376, 47.3776811], [8.5506215, 47.3776732], [8.5506134, 47.3776693], [8.5504989, 47.3776185], [8.5504397, 47.3775953], [8.5503792, 47.3775737], [8.5503311, 47.3775578], [8.5503068, 47.3775503], [8.5499225, 47.3774324], [8.5493876, 47.3772688], [8.5492075, 47.3772126], [8.5490006, 47.3771126], [8.5488003, 47.3770464], [8.5487934, 47.3770443], [8.5487898, 47.3770434], [8.5487862, 47.3770425], [8.5487826, 47.3770418], [8.5487789, 47.3770411], [8.5487752, 47.3770406], [8.5487714, 47.3770401], [8.5487676, 47.3770397], [8.5487639, 47.3770394], [8.5487601, 47.3770392], [8.5487563, 47.3770391], [8.5487524, 47.3770391], [8.5487486, 47.3770392], [8.5487448, 47.3770394], [8.548741, 47.3770396], [8.5487373, 47.37704], [8.5487335, 47.3770404], [8.5487298, 47.377041], [8.5487261, 47.3770416], [8.5487224, 47.3770423], [8.5487188, 47.3770431], [8.5487153, 47.377044], [8.5487117, 47.377045], [8.5487049, 47.3770472], [8.5487015, 47.3770485], [8.5486982, 47.3770498], [8.548695, 47.3770512], [8.5486919, 47.3770527], [8.5486888, 47.3770542], [8.5486859, 47.3770558], [8.548683, 47.3770575], [8.5486802, 47.3770593], [8.5486775, 47.3770611], [8.5486749, 47.377063], [8.5486724, 47.3770649], [8.54867, 47.377067], [8.5486677, 47.377069], [8.5486656, 47.3770712], [8.5486635, 47.3770733], [8.5486616, 47.3770756], [8.5486597, 47.3770778], [8.548658, 47.3770801], [8.5486565, 47.3770825], [8.548655, 47.3770849], [8.5486537, 47.3770873], [8.5486525, 47.3770898], [8.5484916, 47.3774407], [8.5481424, 47.3773673], [8.5480913, 47.3773944], [8.5473557, 47.3772401], [8.5471744, 47.377202], [8.5471845, 47.3771799], [8.5471782, 47.3771744], [8.5471748, 47.3771718], [8.5471713, 47.3771693], [8.5471637, 47.3771646], [8.5471597, 47.3771624], [8.5471556, 47.3771604], [8.5466882, 47.3770622], [8.5466748, 47.3770627], [8.5466492, 47.3770708], [8.54664, 47.3770773], [8.5466235, 47.3770844], [8.5466155, 47.3770882], [8.5466077, 47.3770923], [8.5466002, 47.3770965], [8.5465929, 47.377101], [8.5465859, 47.3771056], [8.5465791, 47.3771104], [8.5465665, 47.3771205], [8.5465606, 47.3771258], [8.546555, 47.3771312], [8.5465497, 47.3771368], [8.5465447, 47.3771425], [8.5465401, 47.3771483], [8.5465358, 47.3771542], [8.5461102, 47.377813], [8.5459189, 47.3781095], [8.5459107, 47.3781222], [8.5459028, 47.3781344], [8.5457623, 47.3783507], [8.5456842, 47.378471], [8.5456574, 47.3785122], [8.5455872, 47.3786204], [8.545512, 47.3787362], [8.5454909, 47.3787679], [8.5454318, 47.3788575], [8.5454069, 47.378895], [8.5453757, 47.3789436], [8.5453175, 47.3790341], [8.5452968, 47.3790277], [8.5450234, 47.3792136], [8.5450144, 47.3792219], [8.5449966, 47.3792456], [8.5450047, 47.3792486], [8.5452045, 47.3793233], [8.5454054, 47.3793916], [8.5455026, 47.3794242], [8.5455599, 47.3794434], [8.5457939, 47.3795217], [8.5457816, 47.379541], [8.5456501, 47.3797168], [8.5456163, 47.379762], [8.5455431, 47.3798599], [8.5454788, 47.3799459], [8.545443, 47.3799939], [8.5453984, 47.3800674], [8.5452699, 47.3802791], [8.5451024, 47.3805565], [8.5450768, 47.3805988], [8.5450687, 47.3806121], [8.5449199, 47.380859], [8.544871, 47.3808747], [8.5448035, 47.3809856], [8.544806, 47.3809862], [8.5448854, 47.3810073], [8.544678, 47.3814109], [8.5446028, 47.3815832], [8.5445236, 47.3817643], [8.5443878, 47.3820183], [8.544388, 47.3820444], [8.5444159, 47.3820634], [8.5447173, 47.3821266], [8.5447935, 47.3821428], [8.5448241, 47.3821472], [8.5447455, 47.3822499], [8.5447353, 47.3822627], [8.5449442, 47.3823119], [8.544757, 47.3824684], [8.5447212, 47.3824486], [8.5445125, 47.3826232], [8.5445227, 47.3826289], [8.5447182, 47.382737], [8.5446657, 47.382863], [8.5446338, 47.3829394], [8.5446019, 47.3830163], [8.5445594, 47.3831184], [8.5445443, 47.383155], [8.544497, 47.3832687], [8.5446722, 47.3834124], [8.5448659, 47.3833036], [8.544969, 47.3833743], [8.5452151, 47.383486], [8.5451168, 47.3837788], [8.5450851, 47.3838769], [8.5450668, 47.3839333], [8.5450033, 47.3841303], [8.5449659, 47.3842459], [8.5449407, 47.3843237], [8.5448783, 47.3845169], [8.5448467, 47.384615], [8.5448087, 47.3847325], [8.5447676, 47.3848593], [8.5447273, 47.3849841], [8.5447221, 47.3850508], [8.5447402, 47.385102], [8.5447588, 47.3851291], [8.5447332, 47.3851344], [8.5447238, 47.3851216], [8.5447017, 47.3851168], [8.5444388, 47.3852], [8.5442467, 47.3852607], [8.5441259, 47.3852989], [8.5440198, 47.3853324], [8.5439891, 47.3853734], [8.5439152, 47.3854645], [8.543783, 47.3856272], [8.5437765, 47.3856455], [8.5437845, 47.3856635], [8.5438032, 47.3856757], [8.543817, 47.3856794], [8.5437084, 47.3857824], [8.5438895, 47.3858115], [8.5441149, 47.3858477], [8.5441448, 47.38588], [8.5440754, 47.3860774], [8.5439922, 47.3863145], [8.5439636, 47.3863958], [8.5439146, 47.3864165], [8.5438782, 47.3864471], [8.5439942, 47.3864907], [8.5438136, 47.3867133], [8.5438251, 47.3867177], [8.5439975, 47.3867843], [8.5442231, 47.3868716], [8.5442376, 47.3868773], [8.5444486, 47.3869589], [8.5446159, 47.3870236], [8.5446505, 47.3870369], [8.5445337, 47.3871765], [8.5444912, 47.3872273], [8.5443693, 47.3873725], [8.5442771, 47.3874826], [8.5442383, 47.3875249], [8.5444248, 47.3876569], [8.5443993, 47.3876864], [8.5443868, 47.3877146], [8.5443452, 47.3878671], [8.5442589, 47.3880889], [8.5442722, 47.3880742], [8.5442855, 47.3880671], [8.5443178, 47.3880618], [8.5443342, 47.3880639], [8.5443556, 47.3880726], [8.5447053, 47.3883077], [8.5450321, 47.3885276], [8.5450981, 47.3885721], [8.5451709, 47.3886211], [8.5455074, 47.3888474], [8.5455686, 47.3888886], [8.5456127, 47.388918], [8.54579, 47.3890373], [8.5457823, 47.3890448], [8.545635, 47.3891888], [8.5455844, 47.3892369], [8.5454602, 47.389358], [8.5453698, 47.3894725], [8.5452122, 47.3897294], [8.5450691, 47.3898267], [8.5450597, 47.3898331], [8.5451611, 47.3899019], [8.5450671, 47.3899654], [8.5451258, 47.3900051], [8.5451165, 47.3900114], [8.5448277, 47.3902076], [8.5446871, 47.3901607], [8.5445544, 47.3901163], [8.5443595, 47.3902756], [8.5444697, 47.3903567], [8.5445728, 47.3904295], [8.5446343, 47.390473], [8.5448006, 47.390588], [8.5448399, 47.390614], [8.544866, 47.3906313], [8.5449339, 47.390673], [8.5451903, 47.3908249], [8.5451999, 47.390829], [8.5452094, 47.390831], [8.5452194, 47.3908314], [8.5452291, 47.39083], [8.545238, 47.3908271], [8.5452456, 47.3908227], [8.5452513, 47.3908172], [8.5452549, 47.390811], [8.5452552, 47.39081], [8.5452188, 47.3909699], [8.5452268, 47.3909756], [8.5452354, 47.3909851], [8.5452402, 47.3909958], [8.5452409, 47.3910069], [8.5452395, 47.3910132], [8.5451563, 47.391278], [8.5451476, 47.3913059], [8.5450914, 47.391484], [8.5450867, 47.3914986], [8.5450614, 47.3915954], [8.5450472, 47.3916854], [8.545046, 47.3916929], [8.545011, 47.3920255], [8.5449865, 47.3922562], [8.5449846, 47.3922741], [8.5449715, 47.3923978], [8.5449244, 47.3928416], [8.544902, 47.3930547], [8.5448947, 47.3931217], [8.5448895, 47.3931415], [8.544898, 47.3932671], [8.5448722, 47.3934379], [8.5448205, 47.3934467], [8.5448122, 47.3935231], [8.5447698, 47.3940733], [8.5447943, 47.3941587], [8.5448089, 47.3942011], [8.5448228, 47.3942385], [8.5448301, 47.3942571], [8.5448882, 47.3944839], [8.5448974, 47.3945194], [8.5449278, 47.3946384], [8.5451885, 47.3946073], [8.5452125, 47.3946992], [8.5452543, 47.3948629], [8.5452588, 47.3948807], [8.5453062, 47.3950654], [8.5453351, 47.3950725], [8.5453695, 47.3952058], [8.5454267, 47.3951653], [8.5457506, 47.395271], [8.545762, 47.3952497], [8.5459992, 47.3953269], [8.5458666, 47.3955137], [8.5456985, 47.3955333], [8.5457311, 47.3956585], [8.5457623, 47.3956863], [8.5458439, 47.3957953], [8.5459102, 47.395884], [8.5460298, 47.3960445], [8.5459365, 47.3961542], [8.5458743, 47.3962271], [8.5456511, 47.3962558], [8.545624, 47.3962592], [8.5456519, 47.3963188], [8.5456663, 47.3963485], [8.5456961, 47.3964076], [8.5457114, 47.3964371], [8.5459484, 47.3968755], [8.5460536, 47.3970346], [8.5461086, 47.3971134], [8.546223, 47.3972695], [8.5462826, 47.3973467], [8.5464057, 47.3974998], [8.5464685, 47.3975759], [8.5465965, 47.3977269], [8.5466618, 47.3978019], [8.5468035, 47.3979621], [8.5472071, 47.398421], [8.5475777, 47.3988423], [8.5476866, 47.398954], [8.5477437, 47.3990086], [8.5478631, 47.3991151], [8.5479254, 47.3991669]]]]}}, {"type": "Feature", "properties": {"name": "Unterstrass"}, "geometry": {"type": "MultiPolygon", "coordinates": [[[[8.5449966, 47.3792456], [8.5450047, 47.3792486], [8.5452045, 47.3793233], [8.5454054, 47.3793916], [8.5455026, 47.3794242], [8.5455599, 47.3794434], [8.5457939, 47.3795217], [8.5457816, 47.379541], [8.5456501, 47.3797168], [8.5456163, 47.379762], [8.5455431, 47.3798599], [8.5454788, 47.3799459], [8.545443, 47.3799939], [8.5453984, 47.3800674], [8.5452699, 47.3802791], [8.5451024, 47.3805565], [8.5450768, 47.3805988], [8.5450687, 47.3806121], [8.5449199, 47.380859], [8.544871, 47.3808747], [8.5448035, 47.3809856], [8.544806, 47.3809862], [8.5448854, 47.3810073], [8.544678, 47.3814109], [8.5446028, 47.3815832], [8.5445236, 47.3817643], [8.5443878, 47.3820183], [8.544388, 47.3820444], [8.5444159, 47.3820634], [8.5447173, 47.3821266], [8.5447935, 47.3821428], [8.5448241, 47.3821472], [8.5447455, 47.3822499], [8.5447353, 47.3822627], [8.5449442, 47.3823119], [8.544757, 47.3824684], [8.5447212, 47.3824486], [8.5445125, 47.3826232], [8.5445227, 47.3826289], [8.5447182, 47.382737], [8.5446657, 47.382863], [8.5446338, 47.3829394], [8.5446019, 47.3830163], [8.5445594, 47.3831184], [8.5445443, 47.383155], [8.544497, 47.3832687], [8.5446722, 47.3834124], [8.5448659, 47.3833036], [8.544969, 47.3833743], [8.5452151, 47.383486], [8.5451168, 47.3837788], [8.5450851, 47.3838769], [8.5450668, 47.3839333], [8.5450033, 47.3841303], [8.5449659, 47.3842459], [8.5449407, 47.3843237], [8.5448783, 47.3845169], [8.5448467, 47.384615], [8.5448087, 47.3847325], [8.5447676, 47.3848593], [8.5447273, 47.3849841], [8.5447221, 47.3850508], [8.5447402, 47.385102], [8.5447588, 47.3851291], [8.5447332, 47.3851344], [8.5447238, 47.3851216], [8.5447017, 47.3851168], [8.5444388, 47.3852], [8.5442467, 47.3852607], [8.5441259, 47.3852989], [8.5440198, 47.3853324], [8.5439891, 47.3853734], [8.5439152, 47.3854645], [8.543783, 47.3856272], [8.5437765, 47.3856455], [8.5437845, 47.3856635], [8.5438032, 47.3856757], [8.543817, 47.3856794], [8.5437084, 47.3857824], [8.5438895, 47.3858115], [8.5441149, 47.3858477], [8.5441448, 47.38588], [8.5440754, 47.3860774], [8.5439922, 47.3863145], [8.5439636, 47.3863958], [8.5439146, 47.3864165], [8.5438782, 47.3864471], [8.5439942, 47.3864907], [8.5438136, 47.3867133], [8.5438251, 47.3867177], [8.5439975, 47.3867843], [8.5442231, 47.3868716], [8.5442376, 47.3868773], [8.5444486, 47.3869589], [8.5446159, 47.3870236], [8.5446505, 47.3870369], [8.5445337, 47.3871765], [8.5444912, 47.3872273], [8.5443693, 47.3873725], [8.5442771, 47.3874826], [8.5442383, 47.3875249], [8.5444248, 47.3876569], [8.5443993, 47.3876864], [8.5443868, 47.3877146], [8.5443452, 47.3878671], [8.5442589, 47.3880889], [8.5442722, 47.3880742], [8.5442855, 47.3880671], [8.5443178, 47.3880618], [8.5443342, 47.3880639], [8.5443556, 47.3880726], [8.5447053, 47.3883077], [8.5450321, 47.3885276], [8.5450981, 47.3885721], [8.5451709, 47.3886211], [8.5455074, 47.3888474], [8.5455686, 47.3888886], [8.5456127, 47.388918], [8.54579, 47.3890373], [8.5457823, 47.3890448], [8.545635, 47.3891888], [8.5455844, 47.3892369], [8.5454602, 47.389358], [8.5453698, 47.3894725], [8.5452122, 47.3897294], [8.5450691, 47.3898267], [8.5450597, 47.3898331], [8.5451611, 47.3899019], [8.5450671, 47.3899654], [8.5451258, 47.3900051], [8.5451165, 47.3900114], [8.5448277, 47.3902076], [8.5446871, 47.3901607], [8.5445544, 47.3901163], [8.5443595, 47.3902756], [8.5444697, 47.3903567], [8.5445728, 47.3904295], [8.5446343, 47.390473], [8.5448006, 47.390588], [8.5448399, 47.390614], [8.544866, 47.3906313], [8.5449339, 47.390673], [8.5451903, 47.3908249], [8.5451999, 47.390829], [8.5452094, 47.390831], [8.5452194, 47.3908314], [8.5452291, 47.39083], [8.545238, 47.3908271], [8.5452456, 47.3908227], [8.5452513, 47.3908172], [8.5452549, 47.390811], [8.5452552, 47.39081], [8.5452188, 47.3909699], [8.5452268, 47.3909756], [8.5452354, 47.3909851], [8.5452402, 47.3909958], [8.5452409, 47.3910069], [8.5452395, 47.3910132], [8.5451563, 47.391278], [8.5451476, 47.3913059], [8.5450914, 47.391484], [8.5450867, 47.3914986], [8.5450614, 47.3915954], [8.5450472, 47.3916854], [8.545046, 47.3916929], [8.545011, 47.3920255], [8.5449865, 47.3922562], [8.5449846, 47.3922741], [8.5449715, 47.3923978], [8.5449244, 47.3928416], [8.544902, 47.3930547], [8.5448947, 47.3931217], [8.5448895, 47.3931415], [8.544898, 47.3932671], [8.5448722, 47.3934379], [8.5448205, 47.3934467], [8.5448122, 47.3935231], [8.5447698, 47.3940733], [8.5447943, 47.3941587], [8.5448089, 47.3942011], [8.5448228, 47.3942385], [8.5448301, 47.3942571], [8.5448882, 47.3944839], [8.5448974, 47.3945194], [8.5449278, 47.3946384], [8.5451885, 47.3946073], [8.5452125, 47.3946992], [8.5452543, 47.3948629], [8.5452588, 47.3948807], [8.5453062, 47.3950654], [8.5453351, 47.3950725], [8.5453695, 47.3952058], [8.5454267, 47.3951653], [8.5457506, 47.395271], [8.545762, 47.3952497], [8.5459992, 47.3953269], [8.5458666, 47.3955137], [8.5456985, 47.3955333], [8.5457311, 47.3956585], [8.5457623, 47.3956863], [8.5458439, 47.3957953], [8.5459102, 47.395884], [8.5460298, 47.3960445], [8.5459365, 47.3961542], [8.5458743, 47.3962271], [8.5456511, 47.3962558], [8.545624, 47.3962592], [8.5456519, 47.3963188], [8.5456663, 47.3963485], [8.5456961, 47.3964076], [8.5457114, 47.3964371], [8.5459484, 47.3968755], [8.5460536, 47.3970346], [8.5461086, 47.3971134], [8.546223, 47.3972695], [8.5462826, 47.3973467], [8.5464057, 47.3974998], [8.5464685, 47.3975759], [8.5465965, 47.3977269], [8.5466618, 47.3978019], [8.5468035, 47.3979621], [8.5472071, 47.398421], [8.5475777, 47.3988423], [8.5476866, 47.398954], [8.5477437, 47.3990086], [8.5478631, 47.3991151], [8.5479254, 47.3991669], [8.5474516, 47.399385], [8.547461, 47.3994455], [8.5474586, 47.3994914], [8.54746, 47.3995368], [8.5474556, 47.3995672], [8.5474484, 47.3995947], [8.5474436, 47.3996084], [8.5474381, 47.3996219], [8.5474317, 47.3996352], [8.5474247, 47.3996484], [8.5474169, 47.3996613], [8.547399, 47.3996866], [8.5473891, 47.3996989], [8.5473784, 47.3997109], [8.5473671, 47.3997226], [8.5473551, 47.399734], [8.5473424, 47.3997451], [8.5473044, 47.3997781], [8.5472841, 47.3997938], [8.5472629, 47.399809], [8.5472409, 47.3998237], [8.5472182, 47.3998378], [8.5471946, 47.3998513], [8.5471704, 47.3998642], [8.5471454, 47.3998765], [8.5471198, 47.3998882], [8.5470668, 47.3999095], [8.5470395, 47.3999191], [8.5470117, 47.399928], [8.5469834, 47.3999362], [8.5469546, 47.3999437], [8.5469255, 47.3999505], [8.5468961, 47.3999565], [8.5468663, 47.3999618], [8.5468362, 47.3999663], [8.5467033, 47.3999813], [8.5466363, 47.3999864], [8.5465691, 47.3999898], [8.5465012, 47.4003653], [8.5464088, 47.4003529], [8.5463629, 47.4003458], [8.5462763, 47.4003308], [8.5462333, 47.4003226], [8.5462306, 47.4003219], [8.5462293, 47.4003216], [8.5462279, 47.4003214], [8.5462265, 47.4003211], [8.5462251, 47.400321], [8.5462236, 47.4003208], [8.5462222, 47.4003207], [8.5462208, 47.4003206], [8.5462193, 47.4003206], [8.5462179, 47.4003206], [8.5462165, 47.4003206], [8.546215, 47.4003206], [8.5462136, 47.4003207], [8.5462122, 47.4003209], [8.5462108, 47.400321], [8.5462093, 47.4003212], [8.546208, 47.4003215], [8.5462066, 47.4003217], [8.5462052, 47.400322], [8.5462039, 47.4003224], [8.5462013, 47.4003232], [8.5462, 47.4003236], [8.5461988, 47.400324], [8.5461976, 47.4003245], [8.5461964, 47.4003251], [8.5461952, 47.4003256], [8.5461941, 47.4003262], [8.546193, 47.4003268], [8.5461919, 47.4003274], [8.5461909, 47.4003281], [8.5461899, 47.4003288], [8.5461889, 47.4003295], [8.546188, 47.4003302], [8.5461871, 47.4003309], [8.5461863, 47.4003317], [8.5461855, 47.4003325], [8.5461847, 47.4003333], [8.546184, 47.4003341], [8.5461833, 47.400335], [8.5461827, 47.4003358], [8.5461761, 47.4003477], [8.5461195, 47.4003411], [8.5457, 47.4002614], [8.5451306, 47.4001528], [8.5443653, 47.4000069], [8.5441293, 47.3999619], [8.5440464, 47.4001628], [8.5438227, 47.4003203], [8.5445066, 47.400768], [8.5444696, 47.400794], [8.5447801, 47.4009972], [8.5446239, 47.4011072], [8.5446002, 47.4010916], [8.5445257, 47.4010429], [8.544497, 47.4010241], [8.5442856, 47.4011731], [8.5443204, 47.4011959], [8.5444123, 47.4012562], [8.5442761, 47.4013519], [8.5440527, 47.4014306], [8.5440861, 47.4014741], [8.5439865, 47.4015425], [8.5437522, 47.4016258], [8.5437654, 47.4016433], [8.5435992, 47.4017374], [8.5435255, 47.4017791], [8.543523, 47.4017805], [8.5432226, 47.4019504], [8.5429952, 47.4020789], [8.5429443, 47.4021077], [8.5429277, 47.4021173], [8.5427471, 47.4022195], [8.5426304, 47.4022853], [8.5425775, 47.4023153], [8.5423528, 47.4024426], [8.5422803, 47.4024834], [8.5421181, 47.4025752], [8.5420276, 47.4026263], [8.5419869, 47.4026493], [8.5419542, 47.4026729], [8.5418106, 47.4027759], [8.5416835, 47.4028671], [8.5416746, 47.4028735], [8.5416621, 47.4028823], [8.5414136, 47.4030605], [8.5412694, 47.403164], [8.5411857, 47.4032241], [8.5412031, 47.4032377], [8.5412636, 47.403279], [8.5412956, 47.4032984], [8.5413287, 47.4033169], [8.5413629, 47.4033345], [8.5413981, 47.4033512], [8.5414381, 47.4033697], [8.5412224, 47.4035244], [8.5410582, 47.4036423], [8.5410085, 47.403613], [8.5408275, 47.4034808], [8.5405494, 47.4036801], [8.5404587, 47.4036429], [8.5403362, 47.4037742], [8.5401712, 47.4039512], [8.5402524, 47.4039862], [8.5402927, 47.4040041], [8.5403689, 47.4040386], [8.5404067, 47.4040562], [8.5404641, 47.4040839], [8.5404926, 47.404098], [8.5405495, 47.4041265], [8.5405777, 47.404141], [8.5406446, 47.4041761], [8.5406778, 47.4041939], [8.5407641, 47.4042419], [8.5408067, 47.4042664], [8.5408119, 47.4042692], [8.5408146, 47.4042705], [8.5408173, 47.4042717], [8.5408201, 47.4042729], [8.540823, 47.404274], [8.540826, 47.404275], [8.540829, 47.404276], [8.540832, 47.4042768], [8.5408351, 47.4042776], [8.5408382, 47.4042784], [8.5408414, 47.404279], [8.5408446, 47.4042796], [8.5408478, 47.4042801], [8.5408511, 47.4042805], [8.5408543, 47.4042809], [8.5408576, 47.4042811], [8.5408609, 47.4042813], [8.5408642, 47.4042814], [8.5408675, 47.4042814], [8.5408708, 47.4042814], [8.5408741, 47.4042812], [8.5408774, 47.404281], [8.5408839, 47.4042804], [8.5408871, 47.4042799], [8.5408903, 47.4042794], [8.5408934, 47.4042788], [8.5408965, 47.4042781], [8.5408996, 47.4042774], [8.5409027, 47.4042766], [8.5409056, 47.4042757], [8.5409086, 47.4042747], [8.5409115, 47.4042737], [8.5409143, 47.4042726], [8.5409171, 47.4042714], [8.5409198, 47.4042702], [8.5409225, 47.4042689], [8.5409251, 47.4042675], [8.5409276, 47.4042661], [8.54093, 47.4042646], [8.5409324, 47.4042631], [8.5409347, 47.4042615], [8.5409369, 47.4042598], [8.540939, 47.4042581], [8.540941, 47.4042564], [8.5410003, 47.4043104], [8.5408941, 47.4044023], [8.5408399, 47.4044476], [8.5407887, 47.4044893], [8.5407629, 47.4045101], [8.540704, 47.404557], [8.5406742, 47.4045803], [8.5406262, 47.4046172], [8.540602, 47.4046356], [8.5405259, 47.4046923], [8.5404875, 47.4047204], [8.5404692, 47.4047336], [8.5404601, 47.4047402], [8.540444, 47.4047519], [8.5404359, 47.4047577], [8.5402554, 47.4048868], [8.5400414, 47.4050402], [8.5399091, 47.405135], [8.5397265, 47.4052655], [8.539503, 47.4054254], [8.5390473, 47.4057517], [8.5385914, 47.4060782], [8.5384951, 47.4061468], [8.5381539, 47.4063911], [8.5381512, 47.406393], [8.5381384, 47.4064032], [8.5381325, 47.4064085], [8.5381268, 47.406414], [8.5381214, 47.4064196], [8.5381164, 47.4064253], [8.5381116, 47.4064311], [8.5381072, 47.4064371], [8.5381031, 47.4064432], [8.5380994, 47.4064494], [8.538096, 47.4064556], [8.5380929, 47.406462], [8.5380902, 47.4064684], [8.5380878, 47.4064749], [8.5380844, 47.4064875], [8.5380831, 47.4064938], [8.5380822, 47.4065002], [8.5380817, 47.4065066], [8.5380814, 47.406513], [8.5380815, 47.4065194], [8.538082, 47.4065258], [8.5380828, 47.4065322], [8.5380839, 47.4065385], [8.5380853, 47.4065449], [8.5380871, 47.4065512], [8.5380892, 47.4065574], [8.5380916, 47.4065636], [8.5380944, 47.4065697], [8.537896, 47.4066816], [8.5378668, 47.4066233], [8.537851, 47.4065945], [8.5378175, 47.4065373], [8.5377996, 47.406509], [8.5377474, 47.4064267], [8.5377483, 47.4064282], [8.5377487, 47.406429], [8.537749, 47.4064298], [8.5377493, 47.4064306], [8.5377495, 47.4064314], [8.5377497, 47.4064322], [8.5377499, 47.406433], [8.53775, 47.4064338], [8.53775, 47.4064346], [8.5377501, 47.4064355], [8.53775, 47.4064363], [8.53775, 47.4064371], [8.5377499, 47.4064379], [8.5377497, 47.4064387], [8.5377495, 47.4064395], [8.5377493, 47.4064403], [8.537749, 47.4064411], [8.5377487, 47.4064419], [8.5377483, 47.4064427], [8.5377479, 47.4064435], [8.5377474, 47.4064442], [8.5377469, 47.406445], [8.5377458, 47.4064464], [8.5377452, 47.406447], [8.5377446, 47.4064477], [8.5377439, 47.4064484], [8.5377432, 47.406449], [8.5377425, 47.4064496], [8.5377417, 47.4064502], [8.5377409, 47.4064508], [8.5377401, 47.4064513], [8.5377392, 47.4064519], [8.5377383, 47.4064524], [8.5377374, 47.4064529], [8.5377365, 47.4064534], [8.5377355, 47.4064538], [8.5377346, 47.4064542], [8.5377335, 47.4064546], [8.5377325, 47.406455], [8.5377315, 47.4064554], [8.5377304, 47.4064557], [8.5377293, 47.406456], [8.5377282, 47.4064563], [8.5377271, 47.4064565], [8.5374952, 47.4065073], [8.5373311, 47.4065432], [8.5371794, 47.4065765], [8.5371607, 47.4065805], [8.5366846, 47.4066841], [8.5366814, 47.4066848], [8.5362479, 47.4067797], [8.5362446, 47.4067803], [8.5362433, 47.4067806], [8.536241, 47.406781], [8.5362386, 47.4067813], [8.5362363, 47.4067815], [8.5362339, 47.4067817], [8.5362316, 47.4067819], [8.5362292, 47.4067819], [8.5362268, 47.406782], [8.5362244, 47.4067819], [8.5362221, 47.4067818], [8.5362197, 47.4067817], [8.5362173, 47.4067815], [8.536215, 47.4067812], [8.5362127, 47.4067809], [8.5362103, 47.4067805], [8.5362081, 47.4067801], [8.5362058, 47.4067796], [8.5362036, 47.406779], [8.5362013, 47.4067784], [8.5361992, 47.4067778], [8.5361949, 47.4067763], [8.5361928, 47.4067755], [8.5361908, 47.4067746], [8.5361888, 47.4067737], [8.5361869, 47.4067727], [8.536185, 47.4067717], [8.5361832, 47.4067706], [8.5361814, 47.4067695], [8.5361797, 47.4067684], [8.536178, 47.4067672], [8.5361764, 47.406766], [8.5361749, 47.4067647], [8.5361735, 47.4067634], [8.5361721, 47.4067621], [8.5361708, 47.4067607], [8.5361695, 47.4067593], [8.5361683, 47.4067579], [8.5361672, 47.4067564], [8.5361662, 47.4067549], [8.5361653, 47.4067534], [8.5359983, 47.4068323], [8.5360908, 47.4069695], [8.5360457, 47.4069617], [8.5359426, 47.4069325], [8.5357379, 47.4069853], [8.5349486, 47.4072656], [8.5345377, 47.4074097], [8.5343856, 47.4074635], [8.5339086, 47.4076323], [8.5331858, 47.4078879], [8.5324472, 47.4081515], [8.5323673, 47.4081757], [8.5319711, 47.4083161], [8.5319322, 47.4083297], [8.5317055, 47.4084102], [8.531582, 47.408454], [8.531553, 47.4084655], [8.5314832, 47.4083465], [8.5314665, 47.4083185], [8.5314579, 47.4083045], [8.5314553, 47.4083004], [8.5314097, 47.4082345], [8.5313854, 47.408202], [8.5313397, 47.4081438], [8.5313156, 47.4081151], [8.5313089, 47.4081074], [8.5313117, 47.4081109], [8.531313, 47.4081128], [8.5313142, 47.4081147], [8.5313153, 47.4081166], [8.5313162, 47.4081185], [8.5313171, 47.4081204], [8.5313179, 47.4081224], [8.5313186, 47.4081244], [8.5313191, 47.4081264], [8.5313196, 47.4081284], [8.5313199, 47.4081304], [8.5313202, 47.4081325], [8.5313203, 47.4081345], [8.5313204, 47.4081365], [8.53132, 47.4081406], [8.5313197, 47.4081426], [8.5313192, 47.4081446], [8.5313186, 47.4081466], [8.531318, 47.4081486], [8.5313172, 47.4081505], [8.5313163, 47.4081524], [8.5313153, 47.4081544], [8.5313142, 47.4081562], [8.531313, 47.4081581], [8.5313117, 47.4081599], [8.5313104, 47.4081617], [8.5313089, 47.4081635], [8.5313073, 47.4081652], [8.5312449, 47.4082304], [8.531115, 47.4083661], [8.5309909, 47.4084958], [8.5309532, 47.4085385], [8.530936, 47.4085606], [8.53092, 47.408583], [8.5309051, 47.4086058], [8.5308915, 47.408629], [8.530865, 47.4086833], [8.5308542, 47.4087109], [8.5308451, 47.4087388], [8.5308377, 47.408767], [8.5308273, 47.4088311], [8.5308254, 47.4088633], [8.5308122, 47.408863], [8.5305735, 47.4088589], [8.5305459, 47.4088699], [8.5304719, 47.4088997], [8.5304494, 47.4089087], [8.53032, 47.4089606], [8.530245, 47.4089907], [8.5300693, 47.4090611], [8.5300354, 47.4090747], [8.5300239, 47.4090794], [8.5300125, 47.4090839], [8.5298411, 47.4091527], [8.5296922, 47.4092125], [8.5294835, 47.4092964], [8.5292917, 47.4093735], [8.529115, 47.4094444], [8.5289797, 47.4092752], [8.5289482, 47.409236], [8.5289725, 47.4091894], [8.5287881, 47.4093539], [8.5285949, 47.4095272], [8.5284414, 47.409448], [8.5282345, 47.4096237], [8.5281261, 47.4097088], [8.5281204, 47.4097132], [8.5281118, 47.4097063], [8.5280755, 47.409677], [8.5279014, 47.4095366], [8.5278672, 47.4095092], [8.5277284, 47.4093974], [8.5273241, 47.4090718], [8.5269634, 47.4088924], [8.5269235, 47.408874], [8.5266632, 47.408754], [8.5264679, 47.4086638], [8.5263417, 47.4086054], [8.5262334, 47.4085544], [8.5260037, 47.4084459], [8.5261635, 47.4082518], [8.526272, 47.408109], [8.5263207, 47.4080357], [8.5263381, 47.4080073], [8.5264099, 47.4079836], [8.5264543, 47.4079022], [8.5264611, 47.4078883], [8.5264945, 47.4078198], [8.5266852, 47.4074044], [8.5267386, 47.4072965], [8.5267684, 47.4072434], [8.5268345, 47.4071388], [8.5268705, 47.4070874], [8.5271611, 47.4066846], [8.527445, 47.406292], [8.5276716, 47.4059782], [8.5277406, 47.4058904], [8.5277773, 47.4058473], [8.527855, 47.4057629], [8.5278959, 47.4057216], [8.5279823, 47.4056401], [8.5280284, 47.4056009], [8.5281264, 47.405526], [8.5281782, 47.4054902], [8.5282002, 47.4054789], [8.5283398, 47.4055271], [8.5285291, 47.4052765], [8.528554, 47.4052503], [8.5285774, 47.4052349], [8.5286104, 47.4052206], [8.5294715, 47.4049123], [8.5295421, 47.4048847], [8.5295766, 47.4048701], [8.5296439, 47.4048392], [8.5296768, 47.4048229], [8.5297363, 47.404791], [8.5297927, 47.4047568], [8.5298465, 47.4047206], [8.5298969, 47.4046822], [8.5299438, 47.4046413], [8.529987, 47.4045992], [8.5300263, 47.4045554], [8.5300621, 47.40451], [8.5300933, 47.4044632], [8.5301228, 47.4044154], [8.5303575, 47.4040361], [8.5306289, 47.4035984], [8.5306228, 47.4032852], [8.5305764, 47.4028997], [8.530572, 47.4028323], [8.5305726, 47.4027985], [8.5305752, 47.4027648], [8.5305797, 47.4027312], [8.5305861, 47.4026977], [8.5305945, 47.4026644], [8.5306047, 47.4026314], [8.5306167, 47.4025986], [8.5306444, 47.402538], [8.5306607, 47.4025083], [8.5306785, 47.4024789], [8.5307224, 47.4024176], [8.530747, 47.4023879], [8.5307732, 47.4023588], [8.5308011, 47.4023304], [8.5312369, 47.4019047], [8.5313566, 47.4017807], [8.5314128, 47.4017171], [8.5315174, 47.401587], [8.5315658, 47.4015206], [8.5316547, 47.4013851], [8.531695, 47.4013162], [8.5317674, 47.4011764], [8.5317994, 47.4011056], [8.5319381, 47.4007848], [8.5319955, 47.400633], [8.5320185, 47.4005561], [8.5320304, 47.40051], [8.5320358, 47.4004869], [8.5320564, 47.4003779], [8.5320638, 47.4003232], [8.5320748, 47.4001668], [8.5320744, 47.4000885], [8.5319285, 47.4000905], [8.531904, 47.3998044], [8.5318527, 47.3995275], [8.5318407, 47.3994568], [8.5318176, 47.39932], [8.5317462, 47.3992377], [8.5318341, 47.3991085], [8.5319853, 47.3988657], [8.5319984, 47.398844], [8.532017, 47.398813], [8.5321059, 47.3986648], [8.5321961, 47.3985055], [8.5322307, 47.3984433], [8.5322478, 47.3984121], [8.5322784, 47.3983555], [8.5322935, 47.3983271], [8.5323023, 47.3982975], [8.5323105, 47.3982267], [8.532311, 47.3982191], [8.532311, 47.3982154], [8.5323108, 47.3982116], [8.5323103, 47.3982078], [8.5323097, 47.398204], [8.5323089, 47.3982003], [8.5323079, 47.3981965], [8.5323067, 47.3981928], [8.5323053, 47.3981891], [8.5323038, 47.3981855], [8.532302, 47.3981819], [8.5323001, 47.3981783], [8.5322979, 47.3981748], [8.5322956, 47.3981714], [8.5322931, 47.398168], [8.5322905, 47.3981646], [8.5322877, 47.3981614], [8.5322847, 47.3981582], [8.5322815, 47.398155], [8.5322782, 47.398152], [8.5322711, 47.3981461], [8.5322673, 47.3981433], [8.5322634, 47.3981406], [8.5322594, 47.398138], [8.5322552, 47.3981355], [8.5322509, 47.3981331], [8.5322465, 47.3981307], [8.5322419, 47.3981285], [8.5322373, 47.3981264], [8.5322325, 47.3981245], [8.5322277, 47.3981226], [8.5322227, 47.3981208], [8.5322177, 47.3981192], [8.5322125, 47.3981177], [8.5322073, 47.3981163], [8.5322021, 47.398115], [8.5321968, 47.3981139], [8.5321914, 47.3981129], [8.5321859, 47.398112], [8.5321805, 47.3981112], [8.5322347, 47.3979937], [8.5322413, 47.3979944], [8.5322446, 47.3979947], [8.5322479, 47.3979948], [8.5322513, 47.3979949], [8.5322546, 47.3979949], [8.532258, 47.3979949], [8.5322613, 47.3979947], [8.5322646, 47.3979945], [8.5322679, 47.3979942], [8.5322712, 47.3979938], [8.5322745, 47.3979933], [8.5322777, 47.3979927], [8.5322809, 47.3979921], [8.5322841, 47.3979914], [8.5322872, 47.3979906], [8.5322903, 47.3979897], [8.5322934, 47.3979888], [8.5322964, 47.3979878], [8.5322993, 47.3979867], [8.5323022, 47.3979855], [8.532305, 47.3979843], [8.5323077, 47.397983], [8.5323104, 47.3979816], [8.532313, 47.3979802], [8.5323179, 47.3979771], [8.5323203, 47.3979755], [8.5323226, 47.3979739], [8.5323247, 47.3979722], [8.5323268, 47.3979704], [8.5323288, 47.3979686], [8.5323307, 47.3979667], [8.5323325, 47.3979648], [8.5323342, 47.3979628], [8.5323357, 47.3979608], [8.5323372, 47.3979588], [8.5323386, 47.3979567], [8.5323398, 47.3979546], [8.532341, 47.3979525], [8.532342, 47.3979503], [8.5323429, 47.3979481], [8.5323437, 47.3979459], [8.5323444, 47.3979437], [8.532345, 47.3979415], [8.5323454, 47.3979392], [8.5323457, 47.397937], [8.5323459, 47.3979347], [8.532346, 47.3979324], [8.532346, 47.3979302], [8.5323453, 47.3979163], [8.5323448, 47.3979094], [8.5323441, 47.3979007], [8.5323437, 47.3978963], [8.5323412, 47.3978738], [8.5323397, 47.3978626], [8.5323363, 47.397846], [8.5323339, 47.3978377], [8.532331, 47.3978295], [8.5323277, 47.3978214], [8.5323239, 47.3978134], [8.5323153, 47.3977981], [8.5323104, 47.3977907], [8.5323051, 47.3977833], [8.5322994, 47.3977761], [8.5322933, 47.3977691], [8.5322868, 47.3977621], [8.53228, 47.3977554], [8.5322988, 47.3974007], [8.5323611, 47.3972971], [8.5323449, 47.3969522], [8.5323373, 47.3968718], [8.53233, 47.3968364], [8.5323262, 47.3968187], [8.5322991, 47.3967123], [8.5322832, 47.3966593], [8.5322787, 47.3966451], [8.5321835, 47.3963445], [8.5320998, 47.39608], [8.5320332, 47.3959377], [8.5319987, 47.3958403], [8.5318894, 47.3954895], [8.5320827, 47.3953886], [8.532224, 47.3952585], [8.5323708, 47.3951396], [8.532471, 47.3950877], [8.5325548, 47.3950111], [8.5325554, 47.3950105], [8.5325538, 47.3950099], [8.532574, 47.3949913], [8.532662, 47.3949082], [8.5327467, 47.3948229], [8.5327611, 47.3948075], [8.5328277, 47.3947362], [8.532905, 47.3946479], [8.5329461, 47.3945982], [8.5329722, 47.3945664], [8.5330526, 47.3944609], [8.5330908, 47.3944075], [8.5331636, 47.3942993], [8.533198, 47.3942447], [8.533347, 47.3940098], [8.5334731, 47.3938109], [8.5335576, 47.3936782], [8.5335918, 47.393628], [8.5336592, 47.3935361], [8.5337313, 47.3934459], [8.5337927, 47.3933757], [8.5338086, 47.3933575], [8.5338765, 47.3932862], [8.5338907, 47.3932713], [8.5339649, 47.3931994], [8.5339774, 47.3931873], [8.5340713, 47.3930995], [8.5340737, 47.3930971], [8.5340758, 47.3930946], [8.5340776, 47.393092], [8.5340792, 47.3930893], [8.5340804, 47.3930866], [8.5340814, 47.3930838], [8.5340821, 47.393081], [8.5340825, 47.3930781], [8.5340826, 47.3930753], [8.5340826, 47.3930738], [8.5340819, 47.3930695], [8.5340811, 47.3930666], [8.5340799, 47.3930638], [8.5340785, 47.3930611], [8.5340768, 47.3930584], [8.5340748, 47.3930558], [8.5340725, 47.3930533], [8.53407, 47.393051], [8.5340672, 47.3930487], [8.5342487, 47.3928816], [8.534388, 47.3927533], [8.534609, 47.3925459], [8.5347045, 47.3924568], [8.5348066, 47.3923609], [8.534914, 47.3922631], [8.5349688, 47.3922148], [8.5350045, 47.392184], [8.5350225, 47.3921687], [8.5351732, 47.3920442], [8.5352506, 47.3919831], [8.5353639, 47.391895], [8.535541, 47.3917571], [8.5357114, 47.3916245], [8.5358831, 47.391491], [8.5358351, 47.3914307], [8.5362048, 47.3914286], [8.5360294, 47.3912678], [8.536131, 47.3911888], [8.5361326, 47.3911499], [8.5361396, 47.3909773], [8.5361466, 47.3908083], [8.5361547, 47.3906096], [8.5361558, 47.3905834], [8.5361637, 47.3903902], [8.5361731, 47.3901604], [8.536187, 47.3898207], [8.5362098, 47.3892637], [8.5362254, 47.3888884], [8.536242, 47.3884791], [8.5362419, 47.3884761], [8.5362418, 47.3884746], [8.5362416, 47.388473], [8.5362413, 47.3884715], [8.5362409, 47.38847], [8.5362404, 47.3884685], [8.5362399, 47.388467], [8.5362393, 47.3884655], [8.5362386, 47.3884641], [8.5362379, 47.3884626], [8.536237, 47.3884612], [8.5362361, 47.3884598], [8.5362351, 47.3884584], [8.5362341, 47.3884571], [8.536233, 47.3884558], [8.5362318, 47.3884545], [8.5362305, 47.3884532], [8.5362292, 47.3884519], [8.5362278, 47.3884507], [8.5362264, 47.3884496], [8.5362249, 47.3884484], [8.5362233, 47.3884473], [8.5362217, 47.3884463], [8.53622, 47.3884452], [8.5362183, 47.3884443], [8.5362165, 47.3884433], [8.5362147, 47.3884424], [8.5362128, 47.3884416], [8.5362109, 47.3884407], [8.536209, 47.38844], [8.536207, 47.3884393], [8.5362049, 47.3884386], [8.5362029, 47.388438], [8.5362008, 47.3884374], [8.5361965, 47.3884364], [8.5361944, 47.388436], [8.5361922, 47.3884356], [8.5361899, 47.3884353], [8.5361877, 47.388435], [8.5361855, 47.3884348], [8.5361832, 47.3884347], [8.536181, 47.3884346], [8.5361787, 47.3884345], [8.5361765, 47.3884345], [8.5361742, 47.3884346], [8.5361719, 47.3884347], [8.5361697, 47.3884349], [8.5361675, 47.3884351], [8.5361652, 47.3884354], [8.536163, 47.3884357], [8.5361609, 47.3884361], [8.5361587, 47.3884365], [8.5361565, 47.388437], [8.5361544, 47.3884376], [8.5361523, 47.3884382], [8.5361503, 47.3884388], [8.5361483, 47.3884395], [8.5361463, 47.3884402], [8.5361443, 47.388441], [8.5361424, 47.3884418], [8.5361406, 47.3884427], [8.5361388, 47.3884436], [8.536137, 47.3884446], [8.5361353, 47.3884456], [8.5361336, 47.3884466], [8.536132, 47.3884477], [8.5361305, 47.3884488], [8.536129, 47.38845], [8.5359847, 47.3883391], [8.5360027, 47.3883066], [8.5360104, 47.3882901], [8.5360172, 47.3882733], [8.536023, 47.3882565], [8.536028, 47.3882394], [8.536032, 47.3882223], [8.536035, 47.3882051], [8.5360384, 47.3881678], [8.5360384, 47.3881491], [8.5360373, 47.3881304], [8.5360352, 47.3881118], [8.5360319, 47.3880933], [8.5360283, 47.3880757], [8.5360261, 47.3880669], [8.5360141, 47.3880331], [8.5360067, 47.3880164], [8.5359984, 47.388], [8.5359893, 47.3879837], [8.5359792, 47.3879677], [8.5359683, 47.387952], [8.5359565, 47.3879365], [8.5359435, 47.3879201], [8.5358823, 47.3878489], [8.535849, 47.3878144], [8.5358331, 47.3877991], [8.535825, 47.3877915], [8.5357375, 47.3877153], [8.5356903, 47.3876791], [8.5356835, 47.3876739], [8.5353209, 47.3874102], [8.5350859, 47.3872393], [8.5349583, 47.3871464], [8.5349525, 47.3871425], [8.5349495, 47.3871407], [8.5349463, 47.3871389], [8.5349431, 47.3871372], [8.5349398, 47.3871356], [8.5349364, 47.3871341], [8.5349329, 47.3871326], [8.5349294, 47.3871313], [8.5349258, 47.38713], [8.5349221, 47.3871288], [8.5349184, 47.3871277], [8.5349146, 47.3871267], [8.5349107, 47.3871258], [8.5349069, 47.387125], [8.5349029, 47.3871242], [8.534899, 47.3871236], [8.534895, 47.3871231], [8.534891, 47.3871227], [8.5348869, 47.3871223], [8.5348829, 47.3871221], [8.5348788, 47.3871219], [8.5346977, 47.3869964], [8.5345204, 47.3868672], [8.5344039, 47.3869408], [8.5343736, 47.3869187], [8.5342767, 47.3869807], [8.5341989, 47.3870333], [8.5341513, 47.3870615], [8.534112, 47.3870352], [8.5339717, 47.38699], [8.5340066, 47.3869024], [8.5339961, 47.3868703], [8.5339673, 47.3868713], [8.5339529, 47.3868712], [8.5339386, 47.3868706], [8.53391, 47.3868684], [8.5338958, 47.3868666], [8.5338818, 47.3868645], [8.5338827, 47.3868611], [8.5336072, 47.3868212], [8.5336005, 47.3868259], [8.5334785, 47.386808], [8.5334739, 47.3868074], [8.5334715, 47.3868072], [8.5334692, 47.3868071], [8.5334668, 47.386807], [8.5334644, 47.386807], [8.5334621, 47.386807], [8.5334597, 47.3868071], [8.5334574, 47.3868072], [8.533455, 47.3868074], [8.5334527, 47.3868077], [8.5334504, 47.386808], [8.5334481, 47.3868084], [8.5334458, 47.3868088], [8.5334435, 47.3868093], [8.5334392, 47.3868103], [8.533437, 47.3868109], [8.5334349, 47.3868116], [8.5334328, 47.3868123], [8.5334308, 47.386813], [8.5334288, 47.3868138], [8.5334268, 47.3868147], [8.5334249, 47.3868156], [8.5334231, 47.3868165], [8.5334213, 47.3868175], [8.5334195, 47.3868185], [8.5334178, 47.3868196], [8.5334161, 47.3868207], [8.5334145, 47.3868218], [8.5333657, 47.3868499], [8.5333561, 47.3868554], [8.5333254, 47.3868301], [8.5332926, 47.3868043], [8.533211, 47.3867409], [8.5332002, 47.3867323], [8.5332014, 47.3867315], [8.5331893, 47.3867223], [8.5331927, 47.3867203], [8.5332394, 47.3866928], [8.5328639, 47.3863945], [8.5336784, 47.3859283], [8.5361883, 47.3844919], [8.5369419, 47.3840607], [8.5388478, 47.3829698], [8.5392481, 47.3827408], [8.5395054, 47.3824699], [8.5399952, 47.3819542], [8.5404853, 47.381276], [8.5416618, 47.3796482], [8.5419408, 47.3797159], [8.5419463, 47.3797173], [8.5421282, 47.3797611], [8.542165, 47.37977], [8.542415, 47.3798305], [8.5426788, 47.3798592], [8.5429602, 47.3799277], [8.5430112, 47.3798267], [8.5430457, 47.379749], [8.5431844, 47.3794231], [8.5433229, 47.3790974], [8.543364, 47.3789909], [8.5433976, 47.3788834], [8.5434284, 47.378749], [8.5436424, 47.3788857], [8.5438665, 47.378902], [8.5439598, 47.3789022], [8.5440344, 47.3789055], [8.5441545, 47.3789104], [8.5441693, 47.3789133], [8.5441815, 47.3789197], [8.5444178, 47.3790157], [8.5444848, 47.3790429], [8.5447434, 47.3791493], [8.5449966, 47.3792456]]]]}}, {"type": "Feature", "properties": {"name": "Fluntern"}, "geometry": {"type": "MultiPolygon", "coordinates": [[[[8.5506447, 47.3725187], [8.5506421, 47.3725251], [8.5506398, 47.3725315], [8.550638, 47.372538], [8.5506364, 47.3725445], [8.5506352, 47.3725511], [8.5506344, 47.3725577], [8.550634, 47.3725643], [8.5506343, 47.3725775], [8.5506349, 47.3725841], [8.5506359, 47.3725907], [8.5506372, 47.3725973], [8.550639, 47.3726038], [8.5506411, 47.3726103], [8.5506435, 47.3726167], [8.5506464, 47.372623], [8.5506531, 47.3726355], [8.5506569, 47.3726416], [8.5506611, 47.3726475], [8.5506656, 47.3726534], [8.5506704, 47.3726591], [8.5506756, 47.3726648], [8.5506811, 47.3726702], [8.5506868, 47.3726756], [8.5506993, 47.3726858], [8.5507059, 47.3726906], [8.5507128, 47.3726953], [8.55072, 47.3726997], [8.5507274, 47.372704], [8.5507351, 47.3727081], [8.550743, 47.372712], [8.5507511, 47.3727157], [8.5507678, 47.3727225], [8.5509233, 47.3727795], [8.5514852, 47.3729773], [8.5516594, 47.373027], [8.5516607, 47.3730253], [8.5517016, 47.3730372], [8.5519169, 47.3730994], [8.5520839, 47.3731438], [8.552108, 47.3731542], [8.5521133, 47.3731523], [8.5521335, 47.3731576], [8.552326, 47.3732081], [8.5525951, 47.37328], [8.552615, 47.3732506], [8.5528022, 47.3730329], [8.5528328, 47.3729974], [8.5527617, 47.372968], [8.5528579, 47.3728616], [8.5530067, 47.3726969], [8.5532012, 47.3724816], [8.5532637, 47.3724123], [8.5535088, 47.3721404], [8.5535428, 47.3721026], [8.5537227, 47.3719024], [8.5537865, 47.3718314], [8.5538832, 47.3717237], [8.5539905, 47.3716047], [8.5542259, 47.371344], [8.5542294, 47.3713401], [8.5542406, 47.3713448], [8.5548007, 47.3715786], [8.5547844, 47.3716098], [8.5548017, 47.3716186], [8.5549529, 47.3716534], [8.5550621, 47.3716777], [8.5550748, 47.3716805], [8.5550349, 47.3717356], [8.555151, 47.3717786], [8.5551526, 47.3717766], [8.5551543, 47.3717746], [8.5551561, 47.3717727], [8.555158, 47.3717708], [8.55516, 47.371769], [8.5551621, 47.3717672], [8.5551643, 47.3717655], [8.5551666, 47.3717638], [8.555169, 47.3717622], [8.5551714, 47.3717606], [8.555174, 47.3717591], [8.5551766, 47.3717577], [8.5551793, 47.3717563], [8.5551821, 47.371755], [8.5551849, 47.3717538], [8.5551878, 47.3717526], [8.5551908, 47.3717515], [8.5551938, 47.3717505], [8.5551969, 47.3717496], [8.5552, 47.3717487], [8.5552032, 47.3717479], [8.5552096, 47.3717466], [8.5552129, 47.3717461], [8.5552162, 47.3717456], [8.5552195, 47.3717452], [8.5552229, 47.3717449], [8.5552262, 47.3717447], [8.5552296, 47.3717446], [8.555233, 47.3717446], [8.5552363, 47.3717446], [8.5552397, 47.3717447], [8.5552431, 47.371745], [8.5552464, 47.3717452], [8.5552497, 47.3717456], [8.555253, 47.3717461], [8.5552563, 47.3717466], [8.5552596, 47.3717472], [8.5552628, 47.3717479], [8.5552659, 47.3717487], [8.5552691, 47.3717496], [8.5552721, 47.3717505], [8.5552752, 47.3717515], [8.5552781, 47.3717526], [8.5552839, 47.371755], [8.5555806, 47.3718871], [8.555682, 47.3719322], [8.5559455, 47.3720493], [8.5561115, 47.372123], [8.5561144, 47.3721244], [8.5561172, 47.3721258], [8.55612, 47.3721272], [8.5561226, 47.3721288], [8.5561252, 47.3721304], [8.5561277, 47.372132], [8.5561301, 47.3721338], [8.5561325, 47.3721355], [8.5561347, 47.3721374], [8.5561368, 47.3721393], [8.5561388, 47.3721412], [8.5561407, 47.3721432], [8.5561425, 47.3721453], [8.5561442, 47.3721473], [8.5561458, 47.3721495], [8.5561473, 47.3721516], [8.5561486, 47.3721538], [8.5561498, 47.372156], [8.556151, 47.3721583], [8.5561528, 47.3721629], [8.5561535, 47.3721652], [8.5561541, 47.3721675], [8.5561545, 47.3721699], [8.5561549, 47.3721722], [8.5561551, 47.3721746], [8.5561551, 47.372177], [8.5561551, 47.3721794], [8.5561549, 47.3721817], [8.5561546, 47.3721841], [8.5561542, 47.3721864], [8.5561536, 47.3721888], [8.5561529, 47.3721911], [8.5561521, 47.3721934], [8.5561512, 47.3721957], [8.5561502, 47.372198], [8.556149, 47.3722002], [8.5561477, 47.3722024], [8.5561463, 47.3722046], [8.5561448, 47.3722067], [8.5561414, 47.3722109], [8.556245, 47.3722518], [8.5563145, 47.3721719], [8.5563164, 47.3721726], [8.5563623, 47.3721943], [8.556659, 47.372341], [8.5569116, 47.3724669], [8.55694, 47.3724811], [8.5570535, 47.3725348], [8.5570759, 47.3725443], [8.5571633, 47.3725815], [8.5572127, 47.3726006], [8.5572812, 47.3726271], [8.5573252, 47.3726427], [8.5574005, 47.3726694], [8.5575202, 47.37271], [8.5577179, 47.372777], [8.5576223, 47.3729055], [8.5578502, 47.3730566], [8.5578733, 47.3730411], [8.5579225, 47.3730123], [8.5579304, 47.373008], [8.5579464, 47.3729997], [8.5579677, 47.3729895], [8.5579894, 47.3729799], [8.5580117, 47.3729708], [8.5580344, 47.3729622], [8.5580575, 47.3729541], [8.558081, 47.3729466], [8.5581291, 47.3729333], [8.5581538, 47.3729275], [8.5581787, 47.3729223], [8.5582039, 47.3729177], [8.5582293, 47.3729137], [8.5582549, 47.3729103], [8.5582806, 47.3729075], [8.5583325, 47.3729038], [8.5583633, 47.3729028], [8.5583941, 47.3729026], [8.558425, 47.3729033], [8.5584864, 47.3729073], [8.5585041, 47.3729091], [8.5585393, 47.3729136], [8.5586704, 47.3729326], [8.5586455, 47.3730116], [8.558703, 47.3730175], [8.5587287, 47.373019], [8.5587803, 47.3730196], [8.5588005, 47.373019], [8.5588206, 47.3730178], [8.5588406, 47.3730162], [8.5588804, 47.3730114], [8.5589055, 47.3730075], [8.5589548, 47.3729973], [8.5591495, 47.3732875], [8.559242, 47.3733183], [8.5593575, 47.3733889], [8.5593777, 47.3734034], [8.5594072, 47.3734214], [8.5594652, 47.3734569], [8.5596497, 47.3734925], [8.5597193, 47.3736588], [8.5597229, 47.3736674], [8.5598356, 47.3736451], [8.559869, 47.3737229], [8.5598727, 47.3737315], [8.5599699, 47.3739587], [8.559983, 47.3739893], [8.5601546, 47.3742157], [8.560173, 47.3742253], [8.560195, 47.3742369], [8.5602055, 47.3742343], [8.5602649, 47.3744426], [8.5602657, 47.3744456], [8.5602651, 47.3745301], [8.5602644, 47.3746133], [8.5602634, 47.3747501], [8.5602304, 47.3749697], [8.5604258, 47.3750431], [8.5604722, 47.3750605], [8.5604536, 47.3750875], [8.5604127, 47.3751402], [8.5605324, 47.3751975], [8.5606202, 47.3752744], [8.560876, 47.3752921], [8.5611825, 47.3753133], [8.5614318, 47.3753494], [8.5621174, 47.3754147], [8.5621016, 47.375429], [8.5621664, 47.3754355], [8.5624479, 47.3754637], [8.5626383, 47.3754822], [8.562642, 47.3754647], [8.5628552, 47.3754848], [8.5629375, 47.3754914], [8.5631028, 47.3754973], [8.5631173, 47.3754973], [8.5631464, 47.3754972], [8.5632149, 47.3754958], [8.5633514, 47.375488], [8.5635853, 47.3754686], [8.5636133, 47.37544], [8.5638577, 47.3755369], [8.5640421, 47.3755837], [8.564057, 47.3755822], [8.564072, 47.375581], [8.564087, 47.3755803], [8.5641021, 47.3755799], [8.5641322, 47.3755804], [8.5641484, 47.3755826], [8.5641806, 47.3755874], [8.5642262, 47.3755953], [8.5643159, 47.3756147], [8.5643591, 47.3756258], [8.5644016, 47.3756379], [8.5644845, 47.3756654], [8.5645957, 47.3757057], [8.5647745, 47.3757707], [8.5650044, 47.3758541], [8.5652515, 47.3759438], [8.5653121, 47.3759658], [8.5653618, 47.3759829], [8.5654125, 47.3759987], [8.5655165, 47.376026], [8.5655621, 47.3760361], [8.5656548, 47.376053], [8.5656905, 47.3760582], [8.5657624, 47.3760668], [8.5657883, 47.3760692], [8.5658405, 47.3760732], [8.5658666, 47.3760747], [8.565919, 47.3760766], [8.5659352, 47.376077], [8.5659677, 47.3760773], [8.5659848, 47.3760771], [8.5660188, 47.3760763], [8.5663753, 47.3760673], [8.5664936, 47.3760643], [8.5665401, 47.3760637], [8.5665865, 47.3760643], [8.5666328, 47.3760662], [8.566679, 47.3760692], [8.5667708, 47.3760788], [8.5667972, 47.3760824], [8.5668496, 47.3760909], [8.5668972, 47.3761001], [8.5669442, 47.3761105], [8.5670363, 47.3761352], [8.5671332, 47.3761646], [8.5674089, 47.3762478], [8.5677194, 47.3763416], [8.5679948, 47.3764247], [8.5682744, 47.3765091], [8.5683783, 47.3765411], [8.5685836, 47.3766088], [8.5686, 47.3766146], [8.5686327, 47.3766262], [8.5687499, 47.3766685], [8.5689804, 47.3767578], [8.5698355, 47.3771056], [8.5699053, 47.3771333], [8.5700472, 47.3771858], [8.5701192, 47.3772106], [8.5702654, 47.3772572], [8.5707609, 47.3774074], [8.5708456, 47.3774317], [8.5709317, 47.377454], [8.5711072, 47.3774917], [8.5711964, 47.3775072], [8.5712863, 47.3775205], [8.5714681, 47.37754], [8.5714735, 47.3775404], [8.5714844, 47.3775412], [8.5715003, 47.3775584], [8.5712346, 47.3778168], [8.5709252, 47.3781276], [8.5708376, 47.3781823], [8.5709458, 47.3781921], [8.5713627, 47.3782757], [8.5719684, 47.3784678], [8.5724861, 47.3786473], [8.5729426, 47.3787689], [8.5731458, 47.378854], [8.5734454, 47.3790067], [8.5737953, 47.3791749], [8.5739025, 47.3792059], [8.5740207, 47.3792049], [8.5738487, 47.3793188], [8.5734035, 47.3797072], [8.5727649, 47.3802642], [8.5723405, 47.3806345], [8.5720729, 47.380868], [8.5715966, 47.3812836], [8.5717567, 47.3813377], [8.5717856, 47.3813528], [8.5717734, 47.3813634], [8.5717712, 47.3813654], [8.571769, 47.3813675], [8.5717669, 47.3813697], [8.571765, 47.3813719], [8.5717632, 47.3813741], [8.5717615, 47.3813764], [8.5717599, 47.3813787], [8.5717585, 47.3813811], [8.5717571, 47.3813835], [8.5717559, 47.3813859], [8.5717548, 47.3813883], [8.5717539, 47.3813908], [8.5717524, 47.3813958], [8.5717518, 47.3813984], [8.5717514, 47.3814009], [8.5717511, 47.3814034], [8.571751, 47.381406], [8.571751, 47.3814085], [8.5717511, 47.3814111], [8.5717514, 47.3814136], [8.5717517, 47.3814161], [8.5717523, 47.3814187], [8.5717529, 47.3814212], [8.5717537, 47.3814237], [8.5717546, 47.3814261], [8.5717568, 47.381431], [8.5720928, 47.382095], [8.5724284, 47.3827584], [8.5724538, 47.3828057], [8.5724817, 47.3828523], [8.5725122, 47.3828982], [8.5725803, 47.3829876], [8.5726047, 47.3830163], [8.5726565, 47.3830725], [8.5726988, 47.3831143], [8.5727902, 47.3831947], [8.5728386, 47.3832328], [8.5728891, 47.3832697], [8.5729416, 47.3833054], [8.573052, 47.3833726], [8.5731098, 47.3834041], [8.5731694, 47.3834342], [8.5732305, 47.3834628], [8.573357, 47.3835153], [8.5741402, 47.3838145], [8.5742842, 47.3838695], [8.5743997, 47.3839137], [8.5744242, 47.3839229], [8.5744739, 47.3839403], [8.5744992, 47.3839484], [8.5745505, 47.3839635], [8.5747787, 47.3840273], [8.5748653, 47.3840322], [8.5748713, 47.384063], [8.5749471, 47.3840571], [8.5750994, 47.3840515], [8.5751757, 47.3840518], [8.5753281, 47.3840586], [8.5754159, 47.3840647], [8.5755909, 47.3840809], [8.5756778, 47.3840909], [8.5758506, 47.3841147], [8.5759307, 47.3841284], [8.5760099, 47.3841442], [8.5761653, 47.3841821], [8.5762415, 47.3842043], [8.5763163, 47.3842284], [8.5764614, 47.3842826], [8.5765486, 47.3843188], [8.5767208, 47.3843937], [8.5768009, 47.3844301], [8.5769589, 47.3845051], [8.5771187, 47.3845851], [8.5774285, 47.3847538], [8.577492, 47.384791], [8.577617, 47.3848668], [8.5776787, 47.3849055], [8.5778, 47.3849844], [8.5778125, 47.3849929], [8.5778245, 47.3850017], [8.5778471, 47.3850201], [8.5778578, 47.3850297], [8.5778679, 47.3850396], [8.5778866, 47.3850601], [8.5778956, 47.3850712], [8.5779039, 47.3850825], [8.5779117, 47.385094], [8.5779188, 47.3851057], [8.5779252, 47.3851176], [8.577931, 47.3851296], [8.5779407, 47.385154], [8.5779688, 47.3852382], [8.5779701, 47.3852415], [8.5779716, 47.3852447], [8.5779732, 47.3852479], [8.577975, 47.3852511], [8.577977, 47.3852542], [8.5779792, 47.3852572], [8.5779815, 47.3852602], [8.577984, 47.3852631], [8.5779866, 47.385266], [8.5779924, 47.3852715], [8.5779954, 47.3852741], [8.5779985, 47.3852765], [8.5780017, 47.3852789], [8.5780051, 47.3852813], [8.5780086, 47.3852835], [8.5780122, 47.3852856], [8.578016, 47.3852877], [8.5780198, 47.3852897], [8.5780237, 47.3852915], [8.5780319, 47.385295], [8.5783184, 47.3854156], [8.5786003, 47.3855239], [8.578787, 47.3856882], [8.5789029, 47.3858315], [8.5792365, 47.386244], [8.5793715, 47.3866031], [8.5797898, 47.3870785], [8.5802148, 47.3872699], [8.5811298, 47.3874856], [8.581644, 47.3876291], [8.5819905, 47.3877609], [8.582139, 47.3878769], [8.5821806, 47.3879428], [8.582122, 47.3879785], [8.5820113, 47.388046], [8.5822372, 47.3883548], [8.5824642, 47.3886643], [8.5820015, 47.3890578], [8.5815839, 47.3894166], [8.5812208, 47.389744], [8.5808481, 47.3900813], [8.5808386, 47.3900899], [8.5808251, 47.3901021], [8.5804525, 47.3903964], [8.5803291, 47.3904932], [8.5801023, 47.3906716], [8.5798453, 47.3908403], [8.5796724, 47.3911429], [8.5795208, 47.3914131], [8.5791044, 47.3915425], [8.5785854, 47.3917023], [8.5785169, 47.391379], [8.5783615, 47.3912559], [8.578258, 47.3909076], [8.5777251, 47.391016], [8.5774421, 47.3907553], [8.5772471, 47.3906068], [8.5765926, 47.3906527], [8.5760858, 47.3906629], [8.5756637, 47.3905701], [8.5752259, 47.3903208], [8.5751312, 47.3902376], [8.574248, 47.3905297], [8.5738016, 47.3906684], [8.5736351, 47.3907201], [8.573519, 47.3906386], [8.5733607, 47.3906014], [8.5731962, 47.3906008], [8.5722251, 47.3908536], [8.571423, 47.3910702], [8.5706769, 47.3912718], [8.5705952, 47.3912939], [8.5698057, 47.3915071], [8.56901, 47.3917221], [8.5689605, 47.3917006], [8.5681797, 47.391361], [8.5674102, 47.3910259], [8.5671372, 47.3907034], [8.5668821, 47.3904017], [8.5667832, 47.3903065], [8.5666507, 47.3902323], [8.5662581, 47.3900499], [8.5657341, 47.3898052], [8.5656888, 47.3897644], [8.5656566, 47.389745], [8.5655318, 47.389688], [8.5653771, 47.3896892], [8.5653908, 47.389663], [8.5653329, 47.3896356], [8.5649329, 47.3893449], [8.5645199, 47.3890433], [8.5641002, 47.3887373], [8.5638865, 47.3883622], [8.5638419, 47.3882744], [8.5637724, 47.3881375], [8.5637092, 47.3880614], [8.5632943, 47.387634], [8.5629787, 47.3874015], [8.5630042, 47.3874524], [8.5629661, 47.3874957], [8.5624137, 47.3878074], [8.5622654, 47.3878899], [8.5619051, 47.3880836], [8.5614721, 47.3884037], [8.5612746, 47.3885705], [8.5611017, 47.3886831], [8.5609175, 47.3888234], [8.5605608, 47.3885921], [8.5602337, 47.3883742], [8.5600789, 47.3882296], [8.5598835, 47.3880473], [8.5595401, 47.3878615], [8.5593182, 47.3876984], [8.558957, 47.3873907], [8.5586427, 47.3871465], [8.5585011, 47.3870357], [8.5583479, 47.3870624], [8.5581733, 47.3870856], [8.5576255, 47.3870788], [8.5576107, 47.3871089], [8.5570495, 47.3869011], [8.5566545, 47.3867538], [8.5565902, 47.3867298], [8.5565034, 47.3866359], [8.5564159, 47.3865415], [8.5562545, 47.3863574], [8.5562288, 47.386338], [8.5562152, 47.3863325], [8.5562736, 47.3863016], [8.5561666, 47.3862273], [8.5562817, 47.3861665], [8.5560035, 47.3859243], [8.555937, 47.3858362], [8.5559332, 47.3858275], [8.5558875, 47.3857248], [8.5558629, 47.3856351], [8.5558447, 47.3855619], [8.555816, 47.3854468], [8.5558077, 47.385419], [8.5557727, 47.3853019], [8.5556891, 47.3851527], [8.5556063, 47.3850701], [8.555551, 47.385044], [8.555531, 47.3850109], [8.5554141, 47.3849269], [8.555249, 47.3848082], [8.5551339, 47.3847252], [8.5550157, 47.384642], [8.5546767, 47.3844033], [8.5546361, 47.3843746], [8.5545917, 47.3843455], [8.5545198, 47.3842983], [8.554232, 47.3841094], [8.5542206, 47.384102], [8.5539087, 47.3839209], [8.5538356, 47.3838538], [8.5538505, 47.3837198], [8.5538487, 47.3837183], [8.5538479, 47.3837175], [8.5538471, 47.3837168], [8.5538464, 47.383716], [8.5538457, 47.3837151], [8.553845, 47.3837143], [8.5538444, 47.3837135], [8.5538438, 47.3837126], [8.5538433, 47.3837117], [8.5538428, 47.3837108], [8.5538424, 47.3837099], [8.553842, 47.383709], [8.5538417, 47.3837081], [8.5538414, 47.3837072], [8.5538411, 47.3837062], [8.5538409, 47.3837053], [8.5538408, 47.3837033], [8.5538409, 47.3837023], [8.5538409, 47.3837013], [8.5538411, 47.3837004], [8.5538413, 47.3836994], [8.5538415, 47.3836984], [8.5538418, 47.3836974], [8.5538421, 47.3836965], [8.5538425, 47.3836955], [8.553843, 47.3836946], [8.5538435, 47.3836937], [8.553844, 47.3836928], [8.5538446, 47.3836919], [8.5538453, 47.383691], [8.553846, 47.3836901], [8.5538578, 47.3836737], [8.553863, 47.3836653], [8.5538676, 47.3836567], [8.5538718, 47.383648], [8.5538754, 47.3836392], [8.5538811, 47.3836214], [8.5538832, 47.3836123], [8.5538848, 47.3836033], [8.5538858, 47.3835942], [8.5538862, 47.3835851], [8.5538864, 47.3835831], [8.5538864, 47.3835821], [8.5538863, 47.3835811], [8.5538862, 47.3835801], [8.553886, 47.3835792], [8.5538858, 47.3835782], [8.5538856, 47.3835772], [8.5538852, 47.3835763], [8.5538849, 47.3835753], [8.5538844, 47.3835744], [8.553884, 47.3835735], [8.5538828, 47.3835716], [8.5538822, 47.3835708], [8.5538815, 47.3835699], [8.5538808, 47.3835691], [8.55388, 47.3835682], [8.5538792, 47.3835674], [8.5538783, 47.3835666], [8.5538774, 47.3835659], [8.5538765, 47.3835651], [8.5538755, 47.3835644], [8.5538744, 47.3835637], [8.5538025, 47.3835136], [8.5537998, 47.3835117], [8.5537983, 47.3835109], [8.5537969, 47.3835101], [8.5537953, 47.3835093], [8.5537938, 47.3835085], [8.5537922, 47.3835078], [8.5537905, 47.3835072], [8.5537888, 47.3835065], [8.5537871, 47.383506], [8.5537854, 47.3835054], [8.5537836, 47.3835049], [8.5537818, 47.3835045], [8.55378, 47.383504], [8.5537782, 47.3835037], [8.5537763, 47.3835034], [8.5537744, 47.3835031], [8.5537725, 47.3835029], [8.5537707, 47.3835027], [8.5537687, 47.3835025], [8.5537668, 47.3835025], [8.5537649, 47.3835024], [8.5537612, 47.3835025], [8.5537593, 47.3835026], [8.5537574, 47.3835028], [8.5537555, 47.383503], [8.5537537, 47.3835032], [8.5537519, 47.3835035], [8.55375, 47.3835039], [8.5537482, 47.3835043], [8.5537465, 47.3835047], [8.5537447, 47.3835052], [8.553743, 47.3835057], [8.5537413, 47.3835062], [8.5537396, 47.3835068], [8.553738, 47.3835075], [8.5537364, 47.3835081], [8.5537348, 47.3835088], [8.5537333, 47.3835096], [8.5537318, 47.3835104], [8.5537303, 47.3835112], [8.5537289, 47.3835121], [8.5537276, 47.3835129], [8.5537084, 47.3835256], [8.5535211, 47.3833995], [8.5535573, 47.3833753], [8.5533815, 47.3832663], [8.5533009, 47.3832305], [8.5532961, 47.3832285], [8.5532937, 47.3832276], [8.5532912, 47.3832268], [8.5532887, 47.383226], [8.5532861, 47.3832253], [8.5532835, 47.3832246], [8.5532809, 47.383224], [8.5532782, 47.3832235], [8.5532755, 47.383223], [8.5532728, 47.3832226], [8.5532701, 47.3832223], [8.5532673, 47.383222], [8.5532646, 47.3832218], [8.5532618, 47.3832217], [8.553259, 47.3832216], [8.5532562, 47.3832216], [8.5532534, 47.3832216], [8.5532507, 47.3832217], [8.5532479, 47.3832219], [8.5532424, 47.3832225], [8.5532397, 47.3832229], [8.553237, 47.3832234], [8.5532343, 47.3832239], [8.5532317, 47.3832245], [8.5532291, 47.3832252], [8.5532265, 47.3832259], [8.553224, 47.3832267], [8.5532215, 47.3832275], [8.553219, 47.3832284], [8.5532166, 47.3832294], [8.5532143, 47.3832304], [8.553212, 47.3832315], [8.5532097, 47.3832326], [8.5532075, 47.3832337], [8.5532054, 47.383235], [8.5532034, 47.3832362], [8.5532014, 47.3832376], [8.5531994, 47.3832389], [8.5530639, 47.3832024], [8.5529639, 47.3831518], [8.5529576, 47.3831575], [8.5528938, 47.3831142], [8.5528194, 47.3830638], [8.5526454, 47.3829459], [8.5525439, 47.3828772], [8.5523254, 47.3827292], [8.5521546, 47.3826333], [8.5519754, 47.3825306], [8.5518545, 47.3824613], [8.5515296, 47.3822526], [8.5515105, 47.3822403], [8.551322, 47.3821505], [8.551165, 47.3820756], [8.551111, 47.3820497], [8.5510058, 47.3819996], [8.5509652, 47.3819801], [8.5507069, 47.3818568], [8.5506524, 47.3818462], [8.550543, 47.3818718], [8.5505718, 47.3816484], [8.5511578, 47.3812417], [8.5512304, 47.3811904], [8.551288, 47.3811473], [8.5513156, 47.381125], [8.5513678, 47.381079], [8.5513926, 47.3810552], [8.5514079, 47.3810614], [8.551565, 47.3808816], [8.5517176, 47.3807127], [8.5517286, 47.3807006], [8.5519035, 47.380534], [8.5519572, 47.3804878], [8.5520729, 47.3803881], [8.5522028, 47.3802858], [8.5523326, 47.3801889], [8.5523373, 47.3801853], [8.5524431, 47.3801097], [8.5524738, 47.3800878], [8.5525178, 47.3800573], [8.5526141, 47.3799905], [8.5526326, 47.379978], [8.552755, 47.3798949], [8.5528857, 47.3798105], [8.5530928, 47.3796767], [8.5530508, 47.3796297], [8.552961, 47.3795498], [8.5528592, 47.3794657], [8.5528432, 47.3794764], [8.5526104, 47.3792769], [8.5524495, 47.3791452], [8.5524495, 47.3791414], [8.5524493, 47.3791395], [8.552449, 47.3791376], [8.5524486, 47.3791357], [8.5524481, 47.3791338], [8.5524475, 47.3791319], [8.5524468, 47.37913], [8.552446, 47.3791282], [8.5524452, 47.3791264], [8.5524442, 47.3791246], [8.5524431, 47.3791228], [8.552442, 47.379121], [8.5524407, 47.3791193], [8.5524394, 47.3791176], [8.5524379, 47.379116], [8.5524364, 47.3791143], [8.5524348, 47.3791128], [8.5524331, 47.3791112], [8.5524314, 47.3791097], [8.5523439, 47.3790374], [8.5523102, 47.3790097], [8.5520388, 47.3787886], [8.5518851, 47.3786752], [8.5517742, 47.3786085], [8.5517353, 47.3785709], [8.5516935, 47.3785466], [8.5517043, 47.3785387], [8.5516604, 47.3785122], [8.5516707, 47.3785045], [8.5516184, 47.3784739], [8.5516291, 47.3784654], [8.5515793, 47.3784357], [8.5515893, 47.3784273], [8.5513891, 47.3783098], [8.5514174, 47.3782874], [8.5513954, 47.3782743], [8.5514154, 47.3782581], [8.5512939, 47.3781864], [8.5513088, 47.3781745], [8.5512753, 47.3781543], [8.551277, 47.378153], [8.5512683, 47.3781477], [8.5512773, 47.3781401], [8.5512616, 47.3781308], [8.551243, 47.3781453], [8.5512568, 47.3781537], [8.5512364, 47.3781696], [8.5512453, 47.3781747], [8.5512257, 47.3781901], [8.5510817, 47.3781539], [8.5510902, 47.3781359], [8.5510937, 47.3781267], [8.5510967, 47.3781175], [8.5510992, 47.3781082], [8.5511012, 47.3780988], [8.5511027, 47.3780894], [8.5511037, 47.37808], [8.5511042, 47.3780705], [8.5511042, 47.3780611], [8.5511037, 47.3780516], [8.5511026, 47.3780422], [8.5511011, 47.3780328], [8.5510991, 47.3780234], [8.5510966, 47.3780141], [8.5510936, 47.3780049], [8.5510901, 47.3779958], [8.5510816, 47.3779777], [8.5510767, 47.3779689], [8.5510713, 47.3779602], [8.5510654, 47.3779516], [8.5510591, 47.3779432], [8.5510523, 47.3779349], [8.5510451, 47.3779269], [8.5510375, 47.3779189], [8.5510295, 47.3779112], [8.551021, 47.3779037], [8.5510122, 47.3778964], [8.5510029, 47.3778893], [8.5509933, 47.3778825], [8.5509834, 47.3778759], [8.5509731, 47.3778695], [8.5509624, 47.3778635], [8.55086, 47.37781], [8.5508334, 47.3777937], [8.5507384, 47.377735], [8.5506887, 47.3777075], [8.5506376, 47.3776811], [8.5506215, 47.3776732], [8.5506134, 47.3776693], [8.5504989, 47.3776185], [8.5504397, 47.3775953], [8.5503792, 47.3775737], [8.5503311, 47.3775578], [8.5503068, 47.3775503], [8.5499225, 47.3774324], [8.5493876, 47.3772688], [8.5492075, 47.3772126], [8.5490006, 47.3771126], [8.5488003, 47.3770464], [8.5487934, 47.3770443], [8.5487898, 47.3770434], [8.5487862, 47.3770425], [8.5487826, 47.3770418], [8.5487789, 47.3770411], [8.5487752, 47.3770406], [8.5487714, 47.3770401], [8.5487676, 47.3770397], [8.5487639, 47.3770394], [8.5487601, 47.3770392], [8.5487563, 47.3770391], [8.5487524, 47.3770391], [8.5487486, 47.3770392], [8.5487448, 47.3770394], [8.548741, 47.3770396], [8.5487373, 47.37704], [8.5487335, 47.3770404], [8.5487298, 47.377041], [8.5487261, 47.3770416], [8.5487224, 47.3770423], [8.5487188, 47.3770431], [8.5487153, 47.377044], [8.5487117, 47.377045], [8.5487049, 47.3770472], [8.5487015, 47.3770485], [8.5486982, 47.3770498], [8.548695, 47.3770512], [8.5486919, 47.3770527], [8.5486888, 47.3770542], [8.5486859, 47.3770558], [8.548683, 47.3770575], [8.5486802, 47.3770593], [8.5486775, 47.3770611], [8.5486749, 47.377063], [8.5486724, 47.3770649], [8.54867, 47.377067], [8.5486677, 47.377069], [8.5486656, 47.3770712], [8.5486635, 47.3770733], [8.5486616, 47.3770756], [8.5486597, 47.3770778], [8.548658, 47.3770801], [8.5486565, 47.3770825], [8.548655, 47.3770849], [8.5486537, 47.3770873], [8.5486525, 47.3770898], [8.5487462, 47.3768668], [8.5487453, 47.3768647], [8.5487444, 47.3768627], [8.5487437, 47.3768606], [8.548743, 47.3768585], [8.5487425, 47.3768564], [8.5487421, 47.3768542], [8.5487417, 47.3768521], [8.5487415, 47.37685], [8.5487414, 47.3768478], [8.5487415, 47.3768457], [8.5487416, 47.3768435], [8.5487418, 47.3768414], [8.5487422, 47.3768392], [8.5487426, 47.3768371], [8.5487432, 47.376835], [8.5487439, 47.3768329], [8.5487456, 47.3768288], [8.548974, 47.376329], [8.5491285, 47.3759914], [8.5492603, 47.3757562], [8.5492845, 47.3757629], [8.5492982, 47.3757352], [8.5492759, 47.3757287], [8.5493102, 47.3756668], [8.5493118, 47.3756641], [8.5493136, 47.3756615], [8.5493155, 47.3756589], [8.5493198, 47.3756538], [8.5493222, 47.3756514], [8.5493248, 47.375649], [8.5493275, 47.3756467], [8.5493333, 47.3756423], [8.5494436, 47.3755623], [8.5494354, 47.3755569], [8.5494302, 47.3755534], [8.5494252, 47.3755498], [8.5494204, 47.375546], [8.5494158, 47.3755421], [8.5494114, 47.3755382], [8.5494072, 47.3755341], [8.5494033, 47.3755299], [8.5493995, 47.3755256], [8.5493961, 47.3755212], [8.5493928, 47.3755168], [8.5493898, 47.3755122], [8.5493846, 47.3755029], [8.5493823, 47.3754982], [8.5493804, 47.3754934], [8.5493786, 47.3754886], [8.5493772, 47.3754838], [8.549376, 47.3754789], [8.5493751, 47.375474], [8.5493744, 47.375469], [8.549374, 47.3754641], [8.5493739, 47.3754591], [8.549374, 47.3754542], [8.5493744, 47.3754492], [8.5493761, 47.3754394], [8.5493789, 47.3754272], [8.5493849, 47.3754028], [8.5493931, 47.3753725], [8.5494118, 47.3753122], [8.5494265, 47.3752702], [8.5494605, 47.3751871], [8.5495271, 47.3750387], [8.5498845, 47.3742573], [8.5499364, 47.3741409], [8.5499624, 47.3740821], [8.5500118, 47.3739639], [8.5500352, 47.3739046], [8.5500793, 47.3737856], [8.5501757, 47.3735155], [8.5502156, 47.3734113], [8.5502934, 47.3732192], [8.5504863, 47.3727915], [8.5506447, 47.3725187]]]]}}, {"type": "Feature", "properties": {"name": "Hottingen"}, "geometry": {"type": "MultiPolygon", "coordinates": [[[[8.5542104, 47.3645806], [8.5544499, 47.3646344], [8.5544621, 47.3646382], [8.5548444, 47.3647683], [8.554976, 47.364713], [8.5551025, 47.3646599], [8.5553264, 47.3645659], [8.5553985, 47.3644607], [8.5553989, 47.3644592], [8.5553994, 47.3644576], [8.5554, 47.3644561], [8.5554007, 47.3644545], [8.5554015, 47.364453], [8.5554023, 47.3644515], [8.5554032, 47.3644501], [8.5554042, 47.3644486], [8.5554052, 47.3644472], [8.5554064, 47.3644458], [8.5554076, 47.3644444], [8.5554088, 47.3644431], [8.5554102, 47.3644418], [8.5554116, 47.3644405], [8.5554131, 47.3644393], [8.5554146, 47.3644381], [8.5554162, 47.3644369], [8.5554179, 47.3644358], [8.5554196, 47.3644347], [8.5554213, 47.3644337], [8.5554232, 47.3644327], [8.555425, 47.3644317], [8.555427, 47.3644308], [8.5554289, 47.3644299], [8.555431, 47.3644291], [8.555433, 47.3644284], [8.5554351, 47.3644276], [8.5554394, 47.3644264], [8.5557649, 47.3643388], [8.5559931, 47.3642775], [8.5561289, 47.3642412], [8.5563181, 47.3641903], [8.5563203, 47.3641898], [8.5563226, 47.3641893], [8.5563248, 47.3641888], [8.5563271, 47.3641884], [8.5563295, 47.3641881], [8.5563318, 47.3641878], [8.5563341, 47.3641875], [8.5563365, 47.3641874], [8.5563389, 47.3641872], [8.5563412, 47.3641872], [8.5563436, 47.3641872], [8.556346, 47.3641872], [8.5563483, 47.3641873], [8.5563507, 47.3641875], [8.556353, 47.3641877], [8.5563554, 47.364188], [8.5563577, 47.3641884], [8.55636, 47.3641888], [8.5563623, 47.3641892], [8.5563645, 47.3641897], [8.5563667, 47.3641903], [8.5563689, 47.3641909], [8.5563711, 47.3641916], [8.5563732, 47.3641923], [8.5563753, 47.3641931], [8.5563773, 47.3641939], [8.5563793, 47.3641947], [8.5563813, 47.3641957], [8.5563832, 47.3641966], [8.5563868, 47.3641987], [8.5566055, 47.3641615], [8.5566893, 47.3640545], [8.5568129, 47.3641033], [8.5569841, 47.3641539], [8.5571711, 47.3642091], [8.5573929, 47.3642746], [8.5574575, 47.3642935], [8.5576494, 47.3643502], [8.5579188, 47.3644301], [8.5579805, 47.3644483], [8.5581754, 47.364506], [8.5583623, 47.3645613], [8.5584448, 47.3645857], [8.5587246, 47.3646681], [8.5589248, 47.3647273], [8.5591558, 47.3647951], [8.559206, 47.3648099], [8.5593278, 47.3648456], [8.5594177, 47.3648723], [8.5596202, 47.3649319], [8.5596794, 47.3649494], [8.5599577, 47.3650314], [8.5601081, 47.3650758], [8.560176, 47.3650867], [8.5602465, 47.3650767], [8.5602975, 47.3650513], [8.5604026, 47.3651168], [8.5606198, 47.3649616], [8.560789, 47.3648408], [8.5608488, 47.3647979], [8.561097, 47.36462], [8.5613735, 47.3644218], [8.561607, 47.3642545], [8.5616081, 47.3642537], [8.5616093, 47.364253], [8.5616105, 47.3642523], [8.5616117, 47.3642516], [8.5616129, 47.3642509], [8.5616142, 47.3642503], [8.5616156, 47.3642498], [8.5616169, 47.3642492], [8.5616183, 47.3642487], [8.5616197, 47.3642482], [8.5616212, 47.3642478], [8.5616226, 47.3642474], [8.5616241, 47.364247], [8.5616256, 47.3642467], [8.5616271, 47.3642464], [8.5616286, 47.3642461], [8.5616317, 47.3642457], [8.5616333, 47.3642456], [8.5616349, 47.3642455], [8.5616364, 47.3642454], [8.561638, 47.3642454], [8.5616396, 47.3642454], [8.5616411, 47.3642455], [8.5616427, 47.3642456], [8.5616442, 47.3642457], [8.5616458, 47.3642459], [8.5616473, 47.3642461], [8.5616488, 47.3642463], [8.5616504, 47.3642466], [8.5616519, 47.3642469], [8.5616533, 47.3642473], [8.5616548, 47.3642477], [8.5616562, 47.3642481], [8.561659, 47.3642491], [8.5619787, 47.3643713], [8.5622283, 47.3644667], [8.562236, 47.3644695], [8.5624667, 47.3645577], [8.5627451, 47.3646639], [8.5629456, 47.3647403], [8.5631567, 47.364821], [8.563295, 47.3648741], [8.5635366, 47.3649664], [8.5637546, 47.3650497], [8.5638436, 47.3650837], [8.5639506, 47.3651245], [8.5642291, 47.3652308], [8.564583, 47.3653646], [8.5645985, 47.3653717], [8.5648032, 47.3654618], [8.5648495, 47.3654824], [8.5649708, 47.3655359], [8.5651637, 47.3656212], [8.5653335, 47.3656959], [8.5653263, 47.3657035], [8.5654783, 47.3657659], [8.5654793, 47.3657665], [8.565481, 47.3657675], [8.5654827, 47.3657686], [8.5654844, 47.3657697], [8.5654859, 47.3657709], [8.5654874, 47.365772], [8.5654889, 47.3657733], [8.5654903, 47.3657745], [8.5654916, 47.3657758], [8.5654928, 47.3657772], [8.565494, 47.3657785], [8.565495, 47.3657799], [8.5654961, 47.3657813], [8.5654979, 47.3657842], [8.5656776, 47.3658158], [8.5659272, 47.365926], [8.565928, 47.3659263], [8.5659288, 47.3659267], [8.5659295, 47.3659271], [8.5659302, 47.3659275], [8.5659309, 47.365928], [8.5659316, 47.3659284], [8.5659323, 47.3659289], [8.5659329, 47.3659294], [8.5659335, 47.3659299], [8.5659341, 47.3659304], [8.5659346, 47.3659309], [8.5659352, 47.3659314], [8.5659357, 47.365932], [8.5659361, 47.3659326], [8.5659366, 47.3659331], [8.565937, 47.3659337], [8.5659373, 47.3659343], [8.5659377, 47.3659349], [8.565938, 47.3659355], [8.5659383, 47.3659361], [8.5659387, 47.3659374], [8.5659389, 47.365938], [8.5659391, 47.3659387], [8.5659392, 47.3659393], [8.5659392, 47.36594], [8.5659393, 47.3659406], [8.5659393, 47.3659412], [8.5659393, 47.3659419], [8.5659392, 47.3659425], [8.5659391, 47.3659432], [8.565939, 47.3659438], [8.5659388, 47.3659445], [8.5659386, 47.3659451], [8.5659384, 47.3659457], [8.5659381, 47.3659463], [8.5659378, 47.3659469], [8.5659375, 47.3659475], [8.5659371, 47.3659481], [8.5659368, 47.3659487], [8.5659363, 47.3659493], [8.5659359, 47.3659499], [8.5659349, 47.365951], [8.5660017, 47.3659804], [8.5660025, 47.3659807], [8.5660034, 47.365981], [8.5660042, 47.3659813], [8.566005, 47.3659816], [8.5660059, 47.3659819], [8.5660068, 47.3659821], [8.5660077, 47.3659823], [8.5660086, 47.3659825], [8.5660095, 47.3659827], [8.5660104, 47.3659829], [8.5660113, 47.365983], [8.5660122, 47.3659831], [8.5660132, 47.3659832], [8.5660141, 47.3659832], [8.5660151, 47.3659833], [8.566016, 47.3659833], [8.5660169, 47.3659833], [8.5660179, 47.3659832], [8.5660188, 47.3659832], [8.5660198, 47.3659831], [8.5660216, 47.3659829], [8.5660225, 47.3659827], [8.5660234, 47.3659826], [8.5660243, 47.3659824], [8.5660252, 47.3659822], [8.5660261, 47.3659819], [8.566027, 47.3659817], [8.5660278, 47.3659814], [8.5660286, 47.3659811], [8.5660295, 47.3659808], [8.5660303, 47.3659804], [8.566031, 47.3659801], [8.5660318, 47.3659797], [8.5660325, 47.3659793], [8.5660333, 47.3659789], [8.566034, 47.3659784], [8.5660346, 47.365978], [8.5660353, 47.3659775], [8.5660359, 47.365977], [8.5660365, 47.3659765], [8.5660371, 47.365976], [8.5660382, 47.365975], [8.5660453, 47.3659674], [8.566425, 47.3661352], [8.5665304, 47.3662419], [8.5668888, 47.3663469], [8.5670112, 47.3663928], [8.5671631, 47.3664499], [8.5671376, 47.3664812], [8.567232, 47.3665168], [8.5672534, 47.3664904], [8.5673658, 47.3663525], [8.5673499, 47.3663071], [8.567429, 47.3662099], [8.5676406, 47.3659502], [8.5676702, 47.365947], [8.5676714, 47.3659455], [8.5677478, 47.3659691], [8.5680031, 47.3660651], [8.5681496, 47.3661789], [8.5683652, 47.3663223], [8.5684001, 47.3663448], [8.5685172, 47.3664206], [8.5687432, 47.3665668], [8.5687697, 47.3665838], [8.5687833, 47.3665774], [8.5688169, 47.3666108], [8.5687764, 47.3666304], [8.568699, 47.3666727], [8.5686576, 47.3666983], [8.56858, 47.3667531], [8.5685753, 47.3667567], [8.5685708, 47.3667604], [8.5685665, 47.3667643], [8.5685624, 47.3667682], [8.5685586, 47.3667723], [8.5685549, 47.3667764], [8.5685515, 47.3667807], [8.5685483, 47.366785], [8.5685453, 47.3667894], [8.5685401, 47.3667984], [8.5685379, 47.366803], [8.5685359, 47.3668077], [8.5685342, 47.3668124], [8.5685327, 47.3668172], [8.5685315, 47.366822], [8.5685305, 47.3668268], [8.5685298, 47.3668316], [8.5685294, 47.3668365], [8.5685292, 47.3668414], [8.5685297, 47.3668511], [8.5685576, 47.366884], [8.5686188, 47.3668582], [8.5688933, 47.3670992], [8.5689766, 47.367055], [8.5691345, 47.3671207], [8.5691596, 47.3671313], [8.5694968, 47.3672716], [8.5698355, 47.3674127], [8.5702642, 47.3675892], [8.5703189, 47.3676007], [8.5707802, 47.3676975], [8.5713312, 47.3679037], [8.5714508, 47.367929], [8.5717943, 47.3680016], [8.5718644, 47.3680118], [8.5723158, 47.3680774], [8.5726698, 47.3681591], [8.5730681, 47.3683502], [8.5735364, 47.3684971], [8.5735941, 47.3685152], [8.5739392, 47.3686445], [8.5743354, 47.3688059], [8.5743435, 47.3688092], [8.5747198, 47.3689662], [8.575386, 47.36925], [8.5757701, 47.3694173], [8.5762483, 47.3695561], [8.5766054, 47.36966], [8.5767639, 47.3697203], [8.5768112, 47.3697385], [8.5769915, 47.3698114], [8.5770127, 47.36982], [8.5770426, 47.3698321], [8.5770723, 47.3698471], [8.5770829, 47.3698525], [8.5775893, 47.370108], [8.5778204, 47.3702106], [8.5780161, 47.3703022], [8.5783028, 47.370499], [8.5782589, 47.3706027], [8.5782009, 47.3707985], [8.5781754, 47.371], [8.5781173, 47.3711938], [8.5780393, 47.3713865], [8.57791, 47.3717084], [8.5778732, 47.3719788], [8.5778299, 47.3721392], [8.5778211, 47.3721718], [8.5778202, 47.3721754], [8.5777544, 47.3723365], [8.5775938, 47.3725431], [8.5772403, 47.3728654], [8.5770378, 47.3730667], [8.5769255, 47.3732274], [8.5768363, 47.3734567], [8.5766589, 47.3739698], [8.5769027, 47.3740251], [8.5773618, 47.3741251], [8.5777635, 47.374208], [8.5781383, 47.3742859], [8.578657, 47.3743586], [8.5791392, 47.3744258], [8.5797647, 47.3745129], [8.5801114, 47.3745417], [8.5805898, 47.3746216], [8.5805955, 47.3746137], [8.5806334, 47.3745607], [8.5806876, 47.3745703], [8.5808594, 47.3745767], [8.5810303, 47.3745655], [8.5813619, 47.3745379], [8.5816338, 47.3744735], [8.5819669, 47.3743413], [8.5822389, 47.3742011], [8.5825874, 47.3739811], [8.5828461, 47.3738652], [8.5831159, 47.3737715], [8.5832535, 47.3737088], [8.5834611, 47.3736908], [8.5838561, 47.3736811], [8.5841694, 47.3736712], [8.5843724, 47.3736213], [8.5846508, 47.3735794], [8.5847959, 47.3732544], [8.5847478, 47.3728337], [8.5846861, 47.3724895], [8.5846105, 47.3722546], [8.5846965, 47.3720146], [8.5848083, 47.3717031], [8.5850023, 47.3711587], [8.5851225, 47.3709695], [8.5852246, 47.370807], [8.585468, 47.3705266], [8.5857272, 47.3702261], [8.5860434, 47.3697962], [8.5863725, 47.3693504], [8.5866914, 47.3690525], [8.5870534, 47.3689511], [8.5876412, 47.3688864], [8.5881773, 47.3688281], [8.5885355, 47.3688443], [8.5889068, 47.3689655], [8.5893375, 47.3691074], [8.5897912, 47.3690595], [8.5904093, 47.3689503], [8.5909307, 47.3688585], [8.5909821, 47.3688507], [8.5910746, 47.3688331], [8.591762, 47.3687045], [8.5920725, 47.3686463], [8.5921336, 47.3686349], [8.5922302, 47.3686168], [8.5924354, 47.3685785], [8.5928116, 47.3685082], [8.593103, 47.3685079], [8.5936122, 47.3685055], [8.5939163, 47.3685041], [8.5942061, 47.3685232], [8.5949728, 47.368629], [8.5954593, 47.3687516], [8.5960036, 47.3688846], [8.5960991, 47.368546], [8.5962176, 47.3680639], [8.59696, 47.3681518], [8.5979624, 47.3683545], [8.5984144, 47.3676926], [8.5991292, 47.3681715], [8.5995301, 47.3682465], [8.6002391, 47.3678025], [8.6006764, 47.3679237], [8.6009146, 47.3673586], [8.6009753, 47.3673334], [8.6010914, 47.3674637], [8.6011644, 47.3674332], [8.6011842, 47.3674579], [8.6012281, 47.3675054], [8.6012522, 47.3675281], [8.6013044, 47.3675715], [8.6017861, 47.3678943], [8.6017689, 47.3679561], [8.6022699, 47.3682251], [8.6023401, 47.3682644], [8.6024078, 47.3683057], [8.6025353, 47.3683937], [8.602595, 47.3684405], [8.6026517, 47.3684888], [8.6027561, 47.3685901], [8.6027803, 47.3686212], [8.6028029, 47.3686529], [8.6028431, 47.3687177], [8.6028606, 47.3687509], [8.6028764, 47.3687845], [8.6029026, 47.3688528], [8.6030691, 47.3693628], [8.6030723, 47.3693939], [8.6030739, 47.369425], [8.6030739, 47.3694561], [8.6030722, 47.3694872], [8.6030639, 47.3695492], [8.6030574, 47.3695799], [8.6030492, 47.3696105], [8.6030393, 47.3696408], [8.6030279, 47.3696709], [8.6030004, 47.3697301], [8.6029846, 47.3697609], [8.6029672, 47.3697912], [8.6029481, 47.369821], [8.6029273, 47.3698504], [8.602881, 47.3699073], [8.6028555, 47.3699349], [8.6028284, 47.3699619], [8.6027999, 47.3699881], [8.6027699, 47.3700136], [8.6027058, 47.3700621], [8.6024493, 47.3702317], [8.6024175, 47.3702511], [8.6023868, 47.3702713], [8.6023573, 47.3702923], [8.6023022, 47.3703366], [8.6022765, 47.3703599], [8.6022523, 47.3703837], [8.6022294, 47.3704083], [8.602188, 47.370459], [8.6019948, 47.3708245], [8.6018366, 47.3711512], [8.6016343, 47.3717202], [8.601633, 47.3717244], [8.601632, 47.3717286], [8.6016312, 47.3717328], [8.6016307, 47.3717371], [8.6016303, 47.3717414], [8.6016303, 47.3717456], [8.6016308, 47.3717542], [8.6016313, 47.3717583], [8.6016321, 47.3717624], [8.6016331, 47.3717666], [8.6016344, 47.3717706], [8.6016358, 47.3717747], [8.6016375, 47.3717787], [8.6016414, 47.3717866], [8.6016438, 47.3717905], [8.6016463, 47.3717944], [8.6016491, 47.3717983], [8.601652, 47.371802], [8.6016552, 47.3718057], [8.6016586, 47.3718093], [8.6016621, 47.3718128], [8.6016659, 47.3718163], [8.6016698, 47.3718196], [8.6016739, 47.3718228], [8.6016781, 47.3718259], [8.6016826, 47.371829], [8.6016872, 47.3718319], [8.6016919, 47.3718347], [8.6017019, 47.3718399], [8.6017552, 47.3718709], [8.6018521, 47.3719186], [8.6019511, 47.3719802], [8.6017309, 47.3720986], [8.6013926, 47.3725216], [8.6012153, 47.372813], [8.600971, 47.3731148], [8.6005391, 47.3733975], [8.6002086, 47.3733038], [8.5995074, 47.3736986], [8.599133, 47.3739807], [8.5986461, 47.3742063], [8.5981411, 47.3744652], [8.5983692, 47.3745818], [8.5985657, 47.3747306], [8.5982942, 47.3750995], [8.5977921, 47.3755699], [8.5974225, 47.375739], [8.5970607, 47.3758885], [8.5973139, 47.3762393], [8.5976149, 47.3766039], [8.5974529, 47.3767464], [8.5971792, 47.3770017], [8.5970273, 47.3771575], [8.5969918, 47.3773842], [8.5967863, 47.377707], [8.5967534, 47.3778157], [8.5968288, 47.3778962], [8.5969467, 47.3779791], [8.5971201, 47.37822], [8.5972256, 47.3784901], [8.5967755, 47.378752], [8.5965784, 47.3788845], [8.5962751, 47.3790675], [8.5957567, 47.3792726], [8.5955683, 47.3795996], [8.5951326, 47.3797323], [8.5949928, 47.3798266], [8.594073, 47.3802918], [8.5940822, 47.380604], [8.5938496, 47.3808036], [8.5935004, 47.381025], [8.5928305, 47.3814264], [8.5926677, 47.38152], [8.5924569, 47.3817271], [8.5921214, 47.3819688], [8.591521, 47.3824394], [8.5918829, 47.3827087], [8.5918461, 47.3827288], [8.5920713, 47.38292], [8.5921945, 47.3830515], [8.5922047, 47.3830783], [8.5921913, 47.3831027], [8.5921733, 47.3831137], [8.5920478, 47.3831607], [8.5917885, 47.383244], [8.5916512, 47.3832823], [8.5914231, 47.383336], [8.5909689, 47.3834258], [8.5909852, 47.3834674], [8.5903078, 47.3835964], [8.5895733, 47.3837297], [8.5895548, 47.3837586], [8.5896747, 47.3839982], [8.590138, 47.3838065], [8.5903151, 47.3840973], [8.5908304, 47.3847568], [8.5913647, 47.3845585], [8.59169, 47.3844562], [8.5922354, 47.3843245], [8.5927475, 47.3841705], [8.5930067, 47.3843711], [8.5931174, 47.3844939], [8.5933902, 47.3849378], [8.5935557, 47.3852223], [8.593004, 47.3852319], [8.593085, 47.3856475], [8.5928376, 47.3858276], [8.5926658, 47.3859635], [8.5923885, 47.3861282], [8.5921328, 47.3862507], [8.5918224, 47.3863763], [8.5915142, 47.3864761], [8.5911791, 47.3865924], [8.5907629, 47.386694], [8.5907557, 47.3866745], [8.590296, 47.3868432], [8.5901123, 47.3869282], [8.5894625, 47.3871384], [8.5886143, 47.3874258], [8.5869926, 47.3879279], [8.5874269, 47.3886106], [8.587635, 47.388973], [8.5876608, 47.3890516], [8.5875614, 47.389081], [8.5875229, 47.3891768], [8.5874734, 47.3892161], [8.5873734, 47.3893752], [8.5873268, 47.389397], [8.5872762, 47.3894422], [8.5872571, 47.3894768], [8.5870723, 47.3895785], [8.587029, 47.3895983], [8.5870263, 47.3896198], [8.5870335, 47.3896498], [8.5870126, 47.3896929], [8.5869167, 47.3897648], [8.5869157, 47.3897775], [8.5868552, 47.3899181], [8.5868541, 47.3899716], [8.5869132, 47.3900032], [8.5869698, 47.3900149], [8.586976, 47.39002], [8.5869674, 47.3900856], [8.5869721, 47.3901691], [8.5868509, 47.3901784], [8.5864884, 47.3901875], [8.5861994, 47.3902333], [8.5858614, 47.39028], [8.5852937, 47.3903948], [8.5852656, 47.3903628], [8.5851399, 47.3902746], [8.5850369, 47.3901446], [8.584935, 47.3901071], [8.5849138, 47.3900694], [8.5849171, 47.3899983], [8.5848227, 47.3898351], [8.5848221, 47.3897655], [8.5848397, 47.3897344], [8.5848128, 47.3897022], [8.5847536, 47.3896639], [8.5846691, 47.389518], [8.5846461, 47.3894241], [8.5845904, 47.3893153], [8.584538, 47.3892671], [8.5844885, 47.389245], [8.5844617, 47.3892], [8.5844661, 47.3890837], [8.5844137, 47.3889951], [8.5843325, 47.388942], [8.5843295, 47.3888494], [8.584366, 47.3888057], [8.5843979, 47.3887333], [8.5843495, 47.3886234], [8.58435, 47.3884937], [8.5843689, 47.3884227], [8.5843822, 47.3883339], [8.5831708, 47.3883048], [8.5826704, 47.3881308], [8.5822686, 47.3878893], [8.5821806, 47.3879428], [8.582139, 47.3878769], [8.5819905, 47.3877609], [8.581644, 47.3876291], [8.5811298, 47.3874856], [8.5802148, 47.3872699], [8.5797898, 47.3870785], [8.5793715, 47.3866031], [8.5792365, 47.386244], [8.5789029, 47.3858315], [8.578787, 47.3856882], [8.5786003, 47.3855239], [8.5783184, 47.3854156], [8.5780319, 47.385295], [8.5780237, 47.3852915], [8.5780198, 47.3852897], [8.578016, 47.3852877], [8.5780122, 47.3852856], [8.5780086, 47.3852835], [8.5780051, 47.3852813], [8.5780017, 47.3852789], [8.5779985, 47.3852765], [8.5779954, 47.3852741], [8.5779924, 47.3852715], [8.5779866, 47.385266], [8.577984, 47.3852631], [8.5779815, 47.3852602], [8.5779792, 47.3852572], [8.577977, 47.3852542], [8.577975, 47.3852511], [8.5779732, 47.3852479], [8.5779716, 47.3852447], [8.5779701, 47.3852415], [8.5779688, 47.3852382], [8.5779407, 47.385154], [8.577931, 47.3851296], [8.5779252, 47.3851176], [8.5779188, 47.3851057], [8.5779117, 47.385094], [8.5779039, 47.3850825], [8.5778956, 47.3850712], [8.5778866, 47.3850601], [8.5778679, 47.3850396], [8.5778578, 47.3850297], [8.5778471, 47.3850201], [8.5778245, 47.3850017], [8.5778125, 47.3849929], [8.5778, 47.3849844], [8.5776787, 47.3849055], [8.577617, 47.3848668], [8.577492, 47.384791], [8.5774285, 47.3847538], [8.5771187, 47.3845851], [8.5769589, 47.3845051], [8.5768009, 47.3844301], [8.5767208, 47.3843937], [8.5765486, 47.3843188], [8.5764614, 47.3842826], [8.5763163, 47.3842284], [8.5762415, 47.3842043], [8.5761653, 47.3841821], [8.5760099, 47.3841442], [8.5759307, 47.3841284], [8.5758506, 47.3841147], [8.5756778, 47.3840909], [8.5755909, 47.3840809], [8.5754159, 47.3840647], [8.5753281, 47.3840586], [8.5751757, 47.3840518], [8.5750994, 47.3840515], [8.5749471, 47.3840571], [8.5748713, 47.384063], [8.5748653, 47.3840322], [8.5747787, 47.3840273], [8.5745505, 47.3839635], [8.5744992, 47.3839484], [8.5744739, 47.3839403], [8.5744242, 47.3839229], [8.5743997, 47.3839137], [8.5742842, 47.3838695], [8.5741402, 47.3838145], [8.573357, 47.3835153], [8.5732305, 47.3834628], [8.5731694, 47.3834342], [8.5731098, 47.3834041], [8.573052, 47.3833726], [8.5729416, 47.3833054], [8.5728891, 47.3832697], [8.5728386, 47.3832328], [8.5727902, 47.3831947], [8.5726988, 47.3831143], [8.5726565, 47.3830725], [8.5726047, 47.3830163], [8.5725803, 47.3829876], [8.5725122, 47.3828982], [8.5724817, 47.3828523], [8.5724538, 47.3828057], [8.5724284, 47.3827584], [8.5720928, 47.382095], [8.5717568, 47.381431], [8.5717546, 47.3814261], [8.5717537, 47.3814237], [8.5717529, 47.3814212], [8.5717523, 47.3814187], [8.5717517, 47.3814161], [8.5717514, 47.3814136], [8.5717511, 47.3814111], [8.571751, 47.3814085], [8.571751, 47.381406], [8.5717511, 47.3814034], [8.5717514, 47.3814009], [8.5717518, 47.3813984], [8.5717524, 47.3813958], [8.5717539, 47.3813908], [8.5717548, 47.3813883], [8.5717559, 47.3813859], [8.5717571, 47.3813835], [8.5717585, 47.3813811], [8.5717599, 47.3813787], [8.5717615, 47.3813764], [8.5717632, 47.3813741], [8.571765, 47.3813719], [8.5717669, 47.3813697], [8.571769, 47.3813675], [8.5717712, 47.3813654], [8.5717734, 47.3813634], [8.5717856, 47.3813528], [8.5717567, 47.3813377], [8.5715966, 47.3812836], [8.5720729, 47.380868], [8.5723405, 47.3806345], [8.5727649, 47.3802642], [8.5734035, 47.3797072], [8.5738487, 47.3793188], [8.5740207, 47.3792049], [8.5739025, 47.3792059], [8.5737953, 47.3791749], [8.5734454, 47.3790067], [8.5731458, 47.378854], [8.5729426, 47.3787689], [8.5724861, 47.3786473], [8.5719684, 47.3784678], [8.5713627, 47.3782757], [8.5709458, 47.3781921], [8.5708376, 47.3781823], [8.5709252, 47.3781276], [8.5712346, 47.3778168], [8.5715003, 47.3775584], [8.5714844, 47.3775412], [8.5714735, 47.3775404], [8.5714681, 47.37754], [8.5712863, 47.3775205], [8.5711964, 47.3775072], [8.5711072, 47.3774917], [8.5709317, 47.377454], [8.5708456, 47.3774317], [8.5707609, 47.3774074], [8.5702654, 47.3772572], [8.5701192, 47.3772106], [8.5700472, 47.3771858], [8.5699053, 47.3771333], [8.5698355, 47.3771056], [8.5689804, 47.3767578], [8.5687499, 47.3766685], [8.5686327, 47.3766262], [8.5686, 47.3766146], [8.5685836, 47.3766088], [8.5683783, 47.3765411], [8.5682744, 47.3765091], [8.5679948, 47.3764247], [8.5677194, 47.3763416], [8.5674089, 47.3762478], [8.5671332, 47.3761646], [8.5670363, 47.3761352], [8.5669442, 47.3761105], [8.5668972, 47.3761001], [8.5668496, 47.3760909], [8.5667972, 47.3760824], [8.5667708, 47.3760788], [8.566679, 47.3760692], [8.5666328, 47.3760662], [8.5665865, 47.3760643], [8.5665401, 47.3760637], [8.5664936, 47.3760643], [8.5663753, 47.3760673], [8.5660188, 47.3760763], [8.5659848, 47.3760771], [8.5659677, 47.3760773], [8.5659352, 47.376077], [8.565919, 47.3760766], [8.5658666, 47.3760747], [8.5658405, 47.3760732], [8.5657883, 47.3760692], [8.5657624, 47.3760668], [8.5656905, 47.3760582], [8.5656548, 47.376053], [8.5655621, 47.3760361], [8.5655165, 47.376026], [8.5654125, 47.3759987], [8.5653618, 47.3759829], [8.5653121, 47.3759658], [8.5652515, 47.3759438], [8.5650044, 47.3758541], [8.5647745, 47.3757707], [8.5645957, 47.3757057], [8.5644845, 47.3756654], [8.5644016, 47.3756379], [8.5643591, 47.3756258], [8.5643159, 47.3756147], [8.5642262, 47.3755953], [8.5641806, 47.3755874], [8.5641484, 47.3755826], [8.5641322, 47.3755804], [8.5641021, 47.3755799], [8.564087, 47.3755803], [8.564072, 47.375581], [8.564057, 47.3755822], [8.5640421, 47.3755837], [8.5638577, 47.3755369], [8.5636133, 47.37544], [8.5635853, 47.3754686], [8.5633514, 47.375488], [8.5632149, 47.3754958], [8.5631464, 47.3754972], [8.5631173, 47.3754973], [8.5631028, 47.3754973], [8.5629375, 47.3754914], [8.5628552, 47.3754848], [8.562642, 47.3754647], [8.5626383, 47.3754822], [8.5624479, 47.3754637], [8.5621664, 47.3754355], [8.5621016, 47.375429], [8.5621174, 47.3754147], [8.5614318, 47.3753494], [8.5611825, 47.3753133], [8.560876, 47.3752921], [8.5606202, 47.3752744], [8.5605324, 47.3751975], [8.5604127, 47.3751402], [8.5604536, 47.3750875], [8.5604722, 47.3750605], [8.5604258, 47.3750431], [8.5602304, 47.3749697], [8.5602634, 47.3747501], [8.5602644, 47.3746133], [8.5602651, 47.3745301], [8.5602657, 47.3744456], [8.5602649, 47.3744426], [8.5602055, 47.3742343], [8.560195, 47.3742369], [8.560173, 47.3742253], [8.5601546, 47.3742157], [8.559983, 47.3739893], [8.5599699, 47.3739587], [8.5598727, 47.3737315], [8.559869, 47.3737229], [8.5598356, 47.3736451], [8.5597229, 47.3736674], [8.5597193, 47.3736588], [8.5596497, 47.3734925], [8.5594652, 47.3734569], [8.5594072, 47.3734214], [8.5593777, 47.3734034], [8.5593575, 47.3733889], [8.559242, 47.3733183], [8.5591495, 47.3732875], [8.5589548, 47.3729973], [8.5589055, 47.3730075], [8.5588804, 47.3730114], [8.5588406, 47.3730162], [8.5588206, 47.3730178], [8.5588005, 47.373019], [8.5587803, 47.3730196], [8.5587287, 47.373019], [8.558703, 47.3730175], [8.5586455, 47.3730116], [8.5586704, 47.3729326], [8.5585393, 47.3729136], [8.5585041, 47.3729091], [8.5584864, 47.3729073], [8.558425, 47.3729033], [8.5583941, 47.3729026], [8.5583633, 47.3729028], [8.5583325, 47.3729038], [8.5582806, 47.3729075], [8.5582549, 47.3729103], [8.5582293, 47.3729137], [8.5582039, 47.3729177], [8.5581787, 47.3729223], [8.5581538, 47.3729275], [8.5581291, 47.3729333], [8.558081, 47.3729466], [8.5580575, 47.3729541], [8.5580344, 47.3729622], [8.5580117, 47.3729708], [8.5579894, 47.3729799], [8.5579677, 47.3729895], [8.5579464, 47.3729997], [8.5579304, 47.373008], [8.5579225, 47.3730123], [8.5578733, 47.3730411], [8.5578502, 47.3730566], [8.5576223, 47.3729055], [8.5577179, 47.372777], [8.5575202, 47.37271], [8.5574005, 47.3726694], [8.5573252, 47.3726427], [8.5572812, 47.3726271], [8.5572127, 47.3726006], [8.5571633, 47.3725815], [8.5570759, 47.3725443], [8.5570535, 47.3725348], [8.55694, 47.3724811], [8.5569116, 47.3724669], [8.556659, 47.372341], [8.5563623, 47.3721943], [8.5563164, 47.3721726], [8.5563145, 47.3721719], [8.556245, 47.3722518], [8.5561414, 47.3722109], [8.5561448, 47.3722067], [8.5561463, 47.3722046], [8.5561477, 47.3722024], [8.556149, 47.3722002], [8.5561502, 47.372198], [8.5561512, 47.3721957], [8.5561521, 47.3721934], [8.5561529, 47.3721911], [8.5561536, 47.3721888], [8.5561542, 47.3721864], [8.5561546, 47.3721841], [8.5561549, 47.3721817], [8.5561551, 47.3721794], [8.5561551, 47.372177], [8.5561551, 47.3721746], [8.5561549, 47.3721722], [8.5561545, 47.3721699], [8.5561541, 47.3721675], [8.5561535, 47.3721652], [8.5561528, 47.3721629], [8.556151, 47.3721583], [8.5561498, 47.372156], [8.5561486, 47.3721538], [8.5561473, 47.3721516], [8.5561458, 47.3721495], [8.5561442, 47.3721473], [8.5561425, 47.3721453], [8.5561407, 47.3721432], [8.5561388, 47.3721412], [8.5561368, 47.3721393], [8.5561347, 47.3721374], [8.5561325, 47.3721355], [8.5561301, 47.3721338], [8.5561277, 47.372132], [8.5561252, 47.3721304], [8.5561226, 47.3721288], [8.55612, 47.3721272], [8.5561172, 47.3721258], [8.5561144, 47.3721244], [8.5561115, 47.372123], [8.5559455, 47.3720493], [8.555682, 47.3719322], [8.5555806, 47.3718871], [8.5552839, 47.371755], [8.5552781, 47.3717526], [8.5552752, 47.3717515], [8.5552721, 47.3717505], [8.5552691, 47.3717496], [8.5552659, 47.3717487], [8.5552628, 47.3717479], [8.5552596, 47.3717472], [8.5552563, 47.3717466], [8.555253, 47.3717461], [8.5552497, 47.3717456], [8.5552464, 47.3717452], [8.5552431, 47.371745], [8.5552397, 47.3717447], [8.5552363, 47.3717446], [8.555233, 47.3717446], [8.5552296, 47.3717446], [8.5552262, 47.3717447], [8.5552229, 47.3717449], [8.5552195, 47.3717452], [8.5552162, 47.3717456], [8.5552129, 47.3717461], [8.5552096, 47.3717466], [8.5552032, 47.3717479], [8.5552, 47.3717487], [8.5551969, 47.3717496], [8.5551938, 47.3717505], [8.5551908, 47.3717515], [8.5551878, 47.3717526], [8.5551849, 47.3717538], [8.5551821, 47.371755], [8.5551793, 47.3717563], [8.5551766, 47.3717577], [8.555174, 47.3717591], [8.5551714, 47.3717606], [8.555169, 47.3717622], [8.5551666, 47.3717638], [8.5551643, 47.3717655], [8.5551621, 47.3717672], [8.55516, 47.371769], [8.555158, 47.3717708], [8.5551561, 47.3717727], [8.5551543, 47.3717746], [8.5551526, 47.3717766], [8.555151, 47.3717786], [8.5550349, 47.3717356], [8.5550748, 47.3716805], [8.5550621, 47.3716777], [8.5549529, 47.3716534], [8.5548017, 47.3716186], [8.5547844, 47.3716098], [8.5548007, 47.3715786], [8.5542406, 47.3713448], [8.5542294, 47.3713401], [8.5542259, 47.371344], [8.5539905, 47.3716047], [8.5538832, 47.3717237], [8.5537865, 47.3718314], [8.5537227, 47.3719024], [8.5535428, 47.3721026], [8.5535088, 47.3721404], [8.5532637, 47.3724123], [8.5532012, 47.3724816], [8.5530067, 47.3726969], [8.5528579, 47.3728616], [8.5527617, 47.372968], [8.5528328, 47.3729974], [8.5528022, 47.3730329], [8.552615, 47.3732506], [8.5525951, 47.37328], [8.552326, 47.3732081], [8.5521335, 47.3731576], [8.5521133, 47.3731523], [8.552108, 47.3731542], [8.5520839, 47.3731438], [8.5519169, 47.3730994], [8.5517016, 47.3730372], [8.5516607, 47.3730253], [8.5516594, 47.373027], [8.5514852, 47.3729773], [8.5509233, 47.3727795], [8.5507678, 47.3727225], [8.5507511, 47.3727157], [8.550743, 47.372712], [8.5507351, 47.3727081], [8.5507274, 47.372704], [8.55072, 47.3726997], [8.5507128, 47.3726953], [8.5507059, 47.3726906], [8.5506993, 47.3726858], [8.5506868, 47.3726756], [8.5506811, 47.3726702], [8.5506756, 47.3726648], [8.5506704, 47.3726591], [8.5506656, 47.3726534], [8.5506611, 47.3726475], [8.5506569, 47.3726416], [8.5506531, 47.3726355], [8.5506464, 47.372623], [8.5506435, 47.3726167], [8.5506411, 47.3726103], [8.550639, 47.3726038], [8.5506372, 47.3725973], [8.5506359, 47.3725907], [8.5506349, 47.3725841], [8.5506343, 47.3725775], [8.550634, 47.3725643], [8.5506344, 47.3725577], [8.5506352, 47.3725511], [8.5506364, 47.3725445], [8.550638, 47.372538], [8.5506398, 47.3725315], [8.5506421, 47.3725251], [8.5506447, 47.3725187], [8.5507256, 47.3723409], [8.5507324, 47.3723253], [8.5507444, 47.3722938], [8.5507524, 47.3722687], [8.550759, 47.3722435], [8.5507684, 47.3721925], [8.5507709, 47.3721673], [8.5507722, 47.3721421], [8.5507722, 47.3721168], [8.5507709, 47.3720916], [8.5507643, 47.3720413], [8.5507522, 47.3720055], [8.5507389, 47.3719767], [8.5507215, 47.3719475], [8.5506998, 47.3719196], [8.5506169, 47.3718326], [8.5504246, 47.371633], [8.5502786, 47.3714784], [8.5502336, 47.3714351], [8.5502285, 47.3714303], [8.550071, 47.3712633], [8.5499211, 47.3711044], [8.5499978, 47.3710711], [8.5497352, 47.3707942], [8.5495826, 47.3706335], [8.5493468, 47.3704144], [8.5493423, 47.3704102], [8.5493208, 47.370405], [8.5493128, 47.370403], [8.5492293, 47.3703145], [8.5492261, 47.3703112], [8.5490308, 47.3701044], [8.5489788, 47.3700486], [8.5489317, 47.3700008], [8.5491293, 47.369843], [8.5491856, 47.369799], [8.5494432, 47.369591], [8.5494443, 47.3695902], [8.5496525, 47.3694215], [8.549728, 47.3693609], [8.5500659, 47.3690878], [8.550054, 47.3690813], [8.5501197, 47.3690282], [8.5501675, 47.3689896], [8.5501789, 47.3689959], [8.550199, 47.3689795], [8.5501878, 47.3689732], [8.5502184, 47.3689485], [8.5502294, 47.3689546], [8.5502446, 47.3689424], [8.5503636, 47.3688457], [8.550394, 47.3688211], [8.5504777, 47.3687536], [8.5508003, 47.3684915], [8.5503851, 47.368189], [8.5500446, 47.3679399], [8.5497782, 47.367746], [8.5499326, 47.3676163], [8.5500785, 47.3674938], [8.5502631, 47.3673387], [8.5504552, 47.3671774], [8.5504254, 47.3671597], [8.5503835, 47.3671327], [8.5501464, 47.3669805], [8.5498807, 47.3668096], [8.549723, 47.3667096], [8.5495211, 47.3665795], [8.5494357, 47.3665936], [8.5492241, 47.3666925], [8.5491567, 47.3666248], [8.5490827, 47.3665505], [8.5489181, 47.3663811], [8.5489043, 47.3663675], [8.5489022, 47.3663682], [8.5488315, 47.3662962], [8.5488324, 47.3662928], [8.5488535, 47.3662118], [8.5488541, 47.3660366], [8.5488386, 47.3660215], [8.5489964, 47.3660129], [8.5490225, 47.3659869], [8.5490544, 47.3659852], [8.5490556, 47.3659851], [8.5490569, 47.365985], [8.5490581, 47.3659849], [8.5490593, 47.3659847], [8.5490605, 47.3659845], [8.5490617, 47.3659843], [8.5490629, 47.365984], [8.5490641, 47.3659837], [8.5490652, 47.3659834], [8.5490675, 47.3659827], [8.5490687, 47.3659823], [8.5490698, 47.3659818], [8.549071, 47.3659814], [8.5490721, 47.3659809], [8.5490732, 47.3659803], [8.5490742, 47.3659798], [8.5490752, 47.3659792], [8.5490762, 47.3659785], [8.5490781, 47.3659772], [8.5493178, 47.3659476], [8.5493635, 47.3659367], [8.5493615, 47.3659324], [8.5494865, 47.3659019], [8.5494888, 47.365906], [8.5495509, 47.3658906], [8.5495456, 47.3658806], [8.5496527, 47.3658541], [8.5496425, 47.365835], [8.5497159, 47.3658171], [8.5498025, 47.3657955], [8.5498542, 47.3657834], [8.549959, 47.3657619], [8.5500182, 47.3657514], [8.5501379, 47.3657339], [8.5501445, 47.365758], [8.5502086, 47.3657602], [8.5503028, 47.3657371], [8.5503217, 47.3657462], [8.5503637, 47.3657433], [8.5504184, 47.3657313], [8.5504188, 47.3657319], [8.5504495, 47.3657255], [8.5504532, 47.3657332], [8.5504653, 47.3657301], [8.5506592, 47.3657139], [8.5509197, 47.3656914], [8.55092, 47.3656927], [8.5509738, 47.3656876], [8.5509734, 47.3656865], [8.5509983, 47.3656838], [8.5510482, 47.3656781], [8.551073, 47.3656752], [8.5511227, 47.3656691], [8.5511556, 47.3656648], [8.5512212, 47.3656558], [8.5512542, 47.365651], [8.5513201, 47.3656411], [8.5513857, 47.3656296], [8.5515157, 47.3656034], [8.5515801, 47.3655887], [8.5517071, 47.3655562], [8.5517138, 47.3655543], [8.5517133, 47.3655533], [8.5517514, 47.3655425], [8.5518271, 47.3655201], [8.5518647, 47.3655084], [8.5519391, 47.365484], [8.5519639, 47.3654771], [8.5520146, 47.3654653], [8.5520336, 47.3654617], [8.5520722, 47.3654556], [8.5520951, 47.3654527], [8.5521182, 47.3654504], [8.5521413, 47.3654487], [8.5521646, 47.3654475], [8.5522112, 47.3654468], [8.5523295, 47.3653942], [8.5523302, 47.3653948], [8.5523869, 47.3653699], [8.5523862, 47.3653691], [8.5524098, 47.3653588], [8.552421, 47.365354], [8.552444, 47.3653447], [8.5524558, 47.3653403], [8.5524798, 47.365332], [8.5528109, 47.3652234], [8.5528141, 47.3652273], [8.552948, 47.3651837], [8.5532844, 47.3650418], [8.5536232, 47.3648918], [8.5537709, 47.3648068], [8.5538163, 47.3647806], [8.5538728, 47.3648395], [8.553979, 47.3647853], [8.5540784, 47.3647163], [8.5541516, 47.3646531], [8.5542104, 47.3645806]]]]}}, {"type": "Feature", "properties": {"name": "Hirslanden"}, "geometry": {"type": "MultiPolygon", "coordinates": [[[[8.5566893, 47.3640545], [8.5568129, 47.3641033], [8.5569841, 47.3641539], [8.5571711, 47.3642091], [8.5573929, 47.3642746], [8.5574575, 47.3642935], [8.5576494, 47.3643502], [8.5579188, 47.3644301], [8.5579805, 47.3644483], [8.5581754, 47.364506], [8.5583623, 47.3645613], [8.5584448, 47.3645857], [8.5587246, 47.3646681], [8.5589248, 47.3647273], [8.5591558, 47.3647951], [8.559206, 47.3648099], [8.5593278, 47.3648456], [8.5594177, 47.3648723], [8.5596202, 47.3649319], [8.5596794, 47.3649494], [8.5599577, 47.3650314], [8.5601081, 47.3650758], [8.560176, 47.3650867], [8.5602465, 47.3650767], [8.5602975, 47.3650513], [8.5604026, 47.3651168], [8.5606198, 47.3649616], [8.560789, 47.3648408], [8.5608488, 47.3647979], [8.561097, 47.36462], [8.5613735, 47.3644218], [8.561607, 47.3642545], [8.5616081, 47.3642537], [8.5616093, 47.364253], [8.5616105, 47.3642523], [8.5616117, 47.3642516], [8.5616129, 47.3642509], [8.5616142, 47.3642503], [8.5616156, 47.3642498], [8.5616169, 47.3642492], [8.5616183, 47.3642487], [8.5616197, 47.3642482], [8.5616212, 47.3642478], [8.5616226, 47.3642474], [8.5616241, 47.364247], [8.5616256, 47.3642467], [8.5616271, 47.3642464], [8.5616286, 47.3642461], [8.5616317, 47.3642457], [8.5616333, 47.3642456], [8.5616349, 47.3642455], [8.5616364, 47.3642454], [8.561638, 47.3642454], [8.5616396, 47.3642454], [8.5616411, 47.3642455], [8.5616427, 47.3642456], [8.5616442, 47.3642457], [8.5616458, 47.3642459], [8.5616473, 47.3642461], [8.5616488, 47.3642463], [8.5616504, 47.3642466], [8.5616519, 47.3642469], [8.5616533, 47.3642473], [8.5616548, 47.3642477], [8.5616562, 47.3642481], [8.561659, 47.3642491], [8.5619787, 47.3643713], [8.5622283, 47.3644667], [8.562236, 47.3644695], [8.5624667, 47.3645577], [8.5627451, 47.3646639], [8.5629456, 47.3647403], [8.5631567, 47.364821], [8.563295, 47.3648741], [8.5635366, 47.3649664], [8.5637546, 47.3650497], [8.5638436, 47.3650837], [8.5639506, 47.3651245], [8.5642291, 47.3652308], [8.564583, 47.3653646], [8.5645985, 47.3653717], [8.5648032, 47.3654618], [8.5648495, 47.3654824], [8.5649708, 47.3655359], [8.5651637, 47.3656212], [8.5653335, 47.3656959], [8.5653263, 47.3657035], [8.5654783, 47.3657659], [8.5654793, 47.3657665], [8.565481, 47.3657675], [8.5654827, 47.3657686], [8.5654844, 47.3657697], [8.5654859, 47.3657709], [8.5654874, 47.365772], [8.5654889, 47.3657733], [8.5654903, 47.3657745], [8.5654916, 47.3657758], [8.5654928, 47.3657772], [8.565494, 47.3657785], [8.565495, 47.3657799], [8.5654961, 47.3657813], [8.5654979, 47.3657842], [8.5656776, 47.3658158], [8.5659272, 47.365926], [8.565928, 47.3659263], [8.5659288, 47.3659267], [8.5659295, 47.3659271], [8.5659302, 47.3659275], [8.5659309, 47.365928], [8.5659316, 47.3659284], [8.5659323, 47.3659289], [8.5659329, 47.3659294], [8.5659335, 47.3659299], [8.5659341, 47.3659304], [8.5659346, 47.3659309], [8.5659352, 47.3659314], [8.5659357, 47.365932], [8.5659361, 47.3659326], [8.5659366, 47.3659331], [8.565937, 47.3659337], [8.5659373, 47.3659343], [8.5659377, 47.3659349], [8.565938, 47.3659355], [8.5659383, 47.3659361], [8.5659387, 47.3659374], [8.5659389, 47.365938], [8.5659391, 47.3659387], [8.5659392, 47.3659393], [8.5659392, 47.36594], [8.5659393, 47.3659406], [8.5659393, 47.3659412], [8.5659393, 47.3659419], [8.5659392, 47.3659425], [8.5659391, 47.3659432], [8.565939, 47.3659438], [8.5659388, 47.3659445], [8.5659386, 47.3659451], [8.5659384, 47.3659457], [8.5659381, 47.3659463], [8.5659378, 47.3659469], [8.5659375, 47.3659475], [8.5659371, 47.3659481], [8.5659368, 47.3659487], [8.5659363, 47.3659493], [8.5659359, 47.3659499], [8.5659349, 47.365951], [8.5660017, 47.3659804], [8.5660025, 47.3659807], [8.5660034, 47.365981], [8.5660042, 47.3659813], [8.566005, 47.3659816], [8.5660059, 47.3659819], [8.5660068, 47.3659821], [8.5660077, 47.3659823], [8.5660086, 47.3659825], [8.5660095, 47.3659827], [8.5660104, 47.3659829], [8.5660113, 47.365983], [8.5660122, 47.3659831], [8.5660132, 47.3659832], [8.5660141, 47.3659832], [8.5660151, 47.3659833], [8.566016, 47.3659833], [8.5660169, 47.3659833], [8.5660179, 47.3659832], [8.5660188, 47.3659832], [8.5660198, 47.3659831], [8.5660216, 47.3659829], [8.5660225, 47.3659827], [8.5660234, 47.3659826], [8.5660243, 47.3659824], [8.5660252, 47.3659822], [8.5660261, 47.3659819], [8.566027, 47.3659817], [8.5660278, 47.3659814], [8.5660286, 47.3659811], [8.5660295, 47.3659808], [8.5660303, 47.3659804], [8.566031, 47.3659801], [8.5660318, 47.3659797], [8.5660325, 47.3659793], [8.5660333, 47.3659789], [8.566034, 47.3659784], [8.5660346, 47.365978], [8.5660353, 47.3659775], [8.5660359, 47.365977], [8.5660365, 47.3659765], [8.5660371, 47.365976], [8.5660382, 47.365975], [8.5660453, 47.3659674], [8.566425, 47.3661352], [8.5665304, 47.3662419], [8.5668888, 47.3663469], [8.5670112, 47.3663928], [8.5671631, 47.3664499], [8.5671376, 47.3664812], [8.567232, 47.3665168], [8.5672534, 47.3664904], [8.5673658, 47.3663525], [8.5673499, 47.3663071], [8.567429, 47.3662099], [8.5676406, 47.3659502], [8.5676702, 47.365947], [8.5676714, 47.3659455], [8.5677478, 47.3659691], [8.5680031, 47.3660651], [8.5681496, 47.3661789], [8.5683652, 47.3663223], [8.5684001, 47.3663448], [8.5685172, 47.3664206], [8.5687432, 47.3665668], [8.5687697, 47.3665838], [8.5687833, 47.3665774], [8.5688169, 47.3666108], [8.5687764, 47.3666304], [8.568699, 47.3666727], [8.5686576, 47.3666983], [8.56858, 47.3667531], [8.5685753, 47.3667567], [8.5685708, 47.3667604], [8.5685665, 47.3667643], [8.5685624, 47.3667682], [8.5685586, 47.3667723], [8.5685549, 47.3667764], [8.5685515, 47.3667807], [8.5685483, 47.366785], [8.5685453, 47.3667894], [8.5685401, 47.3667984], [8.5685379, 47.366803], [8.5685359, 47.3668077], [8.5685342, 47.3668124], [8.5685327, 47.3668172], [8.5685315, 47.366822], [8.5685305, 47.3668268], [8.5685298, 47.3668316], [8.5685294, 47.3668365], [8.5685292, 47.3668414], [8.5685297, 47.3668511], [8.5685576, 47.366884], [8.5686188, 47.3668582], [8.5688933, 47.3670992], [8.5689766, 47.367055], [8.5691345, 47.3671207], [8.5691596, 47.3671313], [8.5694968, 47.3672716], [8.5698355, 47.3674127], [8.5702642, 47.3675892], [8.5703189, 47.3676007], [8.5707802, 47.3676975], [8.5713312, 47.3679037], [8.5714508, 47.367929], [8.5717943, 47.3680016], [8.5718644, 47.3680118], [8.5723158, 47.3680774], [8.5726698, 47.3681591], [8.5730681, 47.3683502], [8.5735364, 47.3684971], [8.5735941, 47.3685152], [8.5739392, 47.3686445], [8.5743354, 47.3688059], [8.5743435, 47.3688092], [8.5747198, 47.3689662], [8.575386, 47.36925], [8.5757701, 47.3694173], [8.5762483, 47.3695561], [8.5766054, 47.36966], [8.5767639, 47.3697203], [8.5768112, 47.3697385], [8.5769915, 47.3698114], [8.5770127, 47.36982], [8.5770426, 47.3698321], [8.5770723, 47.3698471], [8.5770829, 47.3698525], [8.5775893, 47.370108], [8.5778204, 47.3702106], [8.5780161, 47.3703022], [8.5783028, 47.370499], [8.5782589, 47.3706027], [8.5782009, 47.3707985], [8.5781754, 47.371], [8.5781173, 47.3711938], [8.5780393, 47.3713865], [8.57791, 47.3717084], [8.5778732, 47.3719788], [8.5778299, 47.3721392], [8.5778211, 47.3721718], [8.5778202, 47.3721754], [8.5777544, 47.3723365], [8.5775938, 47.3725431], [8.5772403, 47.3728654], [8.5770378, 47.3730667], [8.5769255, 47.3732274], [8.5768363, 47.3734567], [8.5766589, 47.3739698], [8.5769027, 47.3740251], [8.5773618, 47.3741251], [8.5777635, 47.374208], [8.5781383, 47.3742859], [8.578657, 47.3743586], [8.5791392, 47.3744258], [8.5797647, 47.3745129], [8.5801114, 47.3745417], [8.5805898, 47.3746216], [8.5805955, 47.3746137], [8.5806334, 47.3745607], [8.5806876, 47.3745703], [8.5808594, 47.3745767], [8.5810303, 47.3745655], [8.5813619, 47.3745379], [8.5816338, 47.3744735], [8.5819669, 47.3743413], [8.5822389, 47.3742011], [8.5825874, 47.3739811], [8.5828461, 47.3738652], [8.5831159, 47.3737715], [8.5832535, 47.3737088], [8.5834611, 47.3736908], [8.5838561, 47.3736811], [8.5841694, 47.3736712], [8.5843724, 47.3736213], [8.5846508, 47.3735794], [8.5847959, 47.3732544], [8.5847478, 47.3728337], [8.5846861, 47.3724895], [8.5846105, 47.3722546], [8.5846965, 47.3720146], [8.5848083, 47.3717031], [8.5850023, 47.3711587], [8.5851225, 47.3709695], [8.5852246, 47.370807], [8.585468, 47.3705266], [8.5857272, 47.3702261], [8.5860434, 47.3697962], [8.5863725, 47.3693504], [8.5866914, 47.3690525], [8.5870534, 47.3689511], [8.5876412, 47.3688864], [8.5881773, 47.3688281], [8.5885355, 47.3688443], [8.5889068, 47.3689655], [8.5893375, 47.3691074], [8.5897912, 47.3690595], [8.5904093, 47.3689503], [8.5909307, 47.3688585], [8.5909821, 47.3688507], [8.5908557, 47.3684975], [8.5906506, 47.3682292], [8.590405, 47.3679288], [8.5903545, 47.3679233], [8.5902911, 47.3679161], [8.5901755, 47.3675888], [8.5900629, 47.3672626], [8.5899775, 47.3669976], [8.5898786, 47.3667143], [8.5898231, 47.366581], [8.5897362, 47.3663797], [8.5896384, 47.3661967], [8.5894513, 47.3660292], [8.5893325, 47.3659342], [8.5892207, 47.36583], [8.5891975, 47.3658098], [8.5891116, 47.365743], [8.5890038, 47.3657253], [8.588942, 47.365699], [8.5888696, 47.3657215], [8.5886948, 47.3656794], [8.5885587, 47.3656696], [8.5885175, 47.3656395], [8.5883872, 47.3656036], [8.5882598, 47.365574], [8.5882544, 47.3655728], [8.5881793, 47.3655332], [8.58815, 47.3655234], [8.5880821, 47.3655006], [8.5880269, 47.3654832], [8.5879084, 47.3654229], [8.5877885, 47.3653856], [8.5877308, 47.3653425], [8.5874945, 47.3652587], [8.5874393, 47.3652079], [8.5873691, 47.3652076], [8.5872838, 47.3650946], [8.5871959, 47.3650411], [8.5871873, 47.3649953], [8.5871321, 47.3649993], [8.5870563, 47.3649568], [8.5868715, 47.3648281], [8.5868285, 47.3647725], [8.5866821, 47.3646963], [8.5866824, 47.3646733], [8.586608, 47.3645796], [8.5866036, 47.3645363], [8.5865542, 47.3645117], [8.5865207, 47.3643502], [8.5864847, 47.3643278], [8.5864332, 47.3641467], [8.5863851, 47.3641349], [8.5863698, 47.3640515], [8.5862268, 47.3638716], [8.58615, 47.3637896], [8.5861156, 47.363694], [8.5860461, 47.3636636], [8.5860275, 47.3636141], [8.5860154, 47.3636052], [8.5859748, 47.3635754], [8.5859861, 47.3634361], [8.5859699, 47.363421], [8.5859069, 47.3633614], [8.5859051, 47.3633204], [8.5858294, 47.36326], [8.5858329, 47.3632339], [8.5858038, 47.3632032], [8.5857551, 47.363204], [8.5857246, 47.3631778], [8.5857161, 47.3631502], [8.5856963, 47.3630859], [8.5857195, 47.3629592], [8.5856411, 47.3628366], [8.5855767, 47.3627825], [8.5855474, 47.3627477], [8.5854811, 47.362714], [8.5854878, 47.3626804], [8.5854649, 47.3626129], [8.5854748, 47.3625845], [8.58548, 47.3625697], [8.5854753, 47.3625515], [8.5854683, 47.3625317], [8.5852339, 47.362557], [8.5851474, 47.362583], [8.5849849, 47.3625794], [8.584819, 47.3625175], [8.5846866, 47.3625142], [8.584627, 47.3624811], [8.5845725, 47.3624621], [8.5844187, 47.3625207], [8.5843844, 47.3625332], [8.5843265, 47.362523], [8.5842881, 47.3624632], [8.5842464, 47.362452], [8.5841209, 47.3624832], [8.5840688, 47.362475], [8.5840522, 47.3624534], [8.583938, 47.3624537], [8.5838377, 47.362435], [8.5837903, 47.3624284], [8.583715, 47.3624742], [8.5835939, 47.3625013], [8.5835596, 47.3625101], [8.5832474, 47.3625636], [8.5830458, 47.3625822], [8.5829004, 47.3625692], [8.5828156, 47.3625004], [8.5828077, 47.3624802], [8.5827771, 47.3624215], [8.5826919, 47.3623466], [8.5826359, 47.3623265], [8.5825414, 47.3623222], [8.5824717, 47.3623151], [8.5824169, 47.3623374], [8.5823747, 47.3623764], [8.5823378, 47.3624137], [8.5823262, 47.3624601], [8.5822825, 47.3624918], [8.5822652, 47.3624939], [8.5822297, 47.3625028], [8.5821502, 47.362514], [8.5820954, 47.362512], [8.5819524, 47.3624438], [8.5818937, 47.3624156], [8.5817069, 47.3623834], [8.581606, 47.3623552], [8.5815531, 47.3623454], [8.5815116, 47.3623565], [8.5814125, 47.3623464], [8.5813412, 47.3622875], [8.5813301, 47.3622429], [8.5812745, 47.3621967], [8.5812235, 47.3621712], [8.5810743, 47.3621708], [8.5810239, 47.3621736], [8.5809601, 47.3622052], [8.5809451, 47.3622355], [8.5809344, 47.3622698], [8.5808689, 47.362271], [8.5808256, 47.3622673], [8.5807197, 47.3622502], [8.5806692, 47.3621979], [8.5805786, 47.3621662], [8.5805019, 47.3621731], [8.5804298, 47.3622563], [8.5803511, 47.3622591], [8.5801762, 47.3622105], [8.5801087, 47.3622015], [8.5800431, 47.3622042], [8.579966, 47.3621998], [8.5798908, 47.3622151], [8.57982, 47.3622558], [8.5796958, 47.3623081], [8.5796605, 47.36235], [8.5795951, 47.3623979], [8.5795364, 47.3624283], [8.5794792, 47.3624393], [8.5793054, 47.3625256], [8.5791936, 47.3625389], [8.5791322, 47.3625449], [8.5791119, 47.3625604], [8.5791106, 47.3625875], [8.5790627, 47.3626469], [8.5790293, 47.3627336], [8.57899, 47.3627919], [8.5789891, 47.3627933], [8.5788917, 47.3628866], [8.5788757, 47.3629468], [8.5789156, 47.3630294], [8.57891, 47.3630997], [8.5787888, 47.3632398], [8.5787841, 47.363303], [8.5787988, 47.3633387], [8.5788074, 47.36335], [8.5788335, 47.3633631], [8.5789667, 47.363417], [8.579021, 47.3635271], [8.5789955, 47.3636021], [8.5789162, 47.363682], [8.5789059, 47.3637319], [8.5789202, 47.3637777], [8.5789543, 47.363817], [8.5790137, 47.363841], [8.5791658, 47.3638702], [8.5792263, 47.3639343], [8.5792259, 47.3639928], [8.5791005, 47.3641463], [8.5790524, 47.3642135], [8.5788713, 47.3642788], [8.5786685, 47.3642482], [8.5785412, 47.364307], [8.5784661, 47.3643185], [8.578235, 47.3643765], [8.578093, 47.3643953], [8.5779586, 47.3644292], [8.5779193, 47.3644548], [8.577868, 47.3644754], [8.577756, 47.3645121], [8.5776541, 47.3645287], [8.5775571, 47.3645235], [8.5774777, 47.3645279], [8.5774389, 47.3645415], [8.5773792, 47.3645419], [8.5773177, 47.3645721], [8.5772266, 47.3646311], [8.5771402, 47.3646329], [8.5770087, 47.3645912], [8.5768244, 47.3645843], [8.5766355, 47.364593], [8.5765609, 47.3646003], [8.5764779, 47.3646119], [8.5763648, 47.3645988], [8.5762384, 47.3645784], [8.5761894, 47.3645758], [8.5761106, 47.3645503], [8.5760541, 47.3645189], [8.5760149, 47.3644927], [8.5759946, 47.3644764], [8.575928, 47.364425], [8.5759042, 47.3643588], [8.575877, 47.3643349], [8.5754666, 47.3641461], [8.5754092, 47.3640708], [8.5753432, 47.3639167], [8.5752684, 47.3638291], [8.5752394, 47.3637764], [8.5752547, 47.3637699], [8.5752844, 47.3637558], [8.5752992, 47.3637479], [8.5753135, 47.3637396], [8.5753274, 47.363731], [8.5753408, 47.363722], [8.5753537, 47.3637126], [8.5753661, 47.363703], [8.5753779, 47.363693], [8.5753892, 47.3636828], [8.5754, 47.3636723], [8.5754101, 47.3636615], [8.5754286, 47.3636392], [8.5755053, 47.3636466], [8.5754948, 47.3634746], [8.5756161, 47.3631008], [8.5756338, 47.3630488], [8.5756737, 47.3629456], [8.5756916, 47.3629038], [8.5757304, 47.362821], [8.5757351, 47.3628117], [8.5757446, 47.3627932], [8.5757645, 47.3627552], [8.5758069, 47.3626799], [8.5758141, 47.3626678], [8.5758288, 47.3626439], [8.5758591, 47.362596], [8.5759238, 47.3625016], [8.5759402, 47.3625047], [8.5759553, 47.3624767], [8.5759401, 47.3624726], [8.575927, 47.3624632], [8.5762118, 47.3619325], [8.5762403, 47.3618663], [8.5762616, 47.3618207], [8.5762858, 47.3617757], [8.5763427, 47.361688], [8.5763431, 47.3616875], [8.5763593, 47.361666], [8.5763936, 47.3616238], [8.5764237, 47.36159], [8.5764892, 47.3615247], [8.576433, 47.3614071], [8.5764341, 47.3614041], [8.5764764, 47.3612838], [8.5764493, 47.3612025], [8.5764341, 47.3611608], [8.5764213, 47.3611323], [8.5764011, 47.3610743], [8.5763937, 47.361045], [8.5763845, 47.3609858], [8.5763824, 47.3609478], [8.5763824, 47.3609099], [8.5763891, 47.3608342], [8.5763895, 47.3608311], [8.5763383, 47.360811], [8.5763259, 47.3608062], [8.5762075, 47.3607597], [8.5761274, 47.3607312], [8.5760718, 47.3606927], [8.575917, 47.3606495], [8.575748, 47.3606439], [8.5755815, 47.3606956], [8.5754346, 47.3607426], [8.5754182, 47.3607478], [8.5753567, 47.36066], [8.5753297, 47.3605723], [8.5753307, 47.3605451], [8.575392, 47.360516], [8.5754517, 47.3604854], [8.5755096, 47.3604533], [8.5756201, 47.3603849], [8.5756724, 47.3603485], [8.5757227, 47.3603108], [8.5757709, 47.3602719], [8.5758607, 47.3601905], [8.575908, 47.3601419], [8.5759523, 47.360092], [8.5760312, 47.3599886], [8.5761284, 47.3598469], [8.5761414, 47.359851], [8.5761831, 47.3597899], [8.5763225, 47.359586], [8.576357, 47.3595355], [8.5762969, 47.3595165], [8.5763744, 47.3593394], [8.5764965, 47.3590602], [8.5764872, 47.3590522], [8.5764778, 47.3590104], [8.5764819, 47.3590052], [8.5765091, 47.3589708], [8.5763461, 47.3588516], [8.576332, 47.358835], [8.5764294, 47.3587658], [8.5766675, 47.3585549], [8.5768039, 47.3584806], [8.5769249, 47.3584506], [8.5774274, 47.3583842], [8.5774422, 47.3583851], [8.5774405, 47.358326], [8.5774648, 47.358292], [8.5774533, 47.3582434], [8.5774521, 47.3582328], [8.5774514, 47.3582221], [8.5774513, 47.3582115], [8.5774518, 47.3582008], [8.5774528, 47.3581902], [8.5774544, 47.3581796], [8.5774566, 47.358169], [8.5774626, 47.3581481], [8.5766711, 47.3578098], [8.5770418, 47.3573397], [8.5769141, 47.3572526], [8.5770267, 47.3571786], [8.5775258, 47.3568518], [8.5781471, 47.3564862], [8.5784578, 47.3562612], [8.5785686, 47.3562996], [8.5785932, 47.3563159], [8.5786318, 47.3563413], [8.5786685, 47.3562924], [8.5787306, 47.3561349], [8.5787401, 47.3561175], [8.5788505, 47.3559152], [8.5789281, 47.3559446], [8.5789701, 47.3558766], [8.5790377, 47.3557672], [8.5791243, 47.355627], [8.5791887, 47.3555346], [8.579251, 47.3554452], [8.579294, 47.3553835], [8.5793191, 47.3553584], [8.5794025, 47.3552753], [8.579571, 47.3551071], [8.5797987, 47.3549319], [8.5799091, 47.354847], [8.5799254, 47.3548675], [8.5799766, 47.3548796], [8.5800028, 47.3549052], [8.5800584, 47.3549268], [8.5801169, 47.3549564], [8.5801372, 47.3549716], [8.5802171, 47.3549939], [8.5802439, 47.3550022], [8.580278, 47.3550255], [8.5802115, 47.3550765], [8.5805473, 47.355191], [8.5805615, 47.3551861], [8.5805759, 47.3551816], [8.5805906, 47.3551773], [8.5806054, 47.3551735], [8.5806205, 47.35517], [8.5806358, 47.3551669], [8.5806512, 47.3551641], [8.5806667, 47.3551617], [8.5806824, 47.3551598], [8.5806981, 47.3551582], [8.5807298, 47.3551561], [8.5807333, 47.3551559], [8.5807404, 47.3551556], [8.5807345, 47.3550839], [8.5807546, 47.3550336], [8.5808364, 47.3549032], [8.5808897, 47.3548654], [8.580967, 47.354828], [8.5810431, 47.3548104], [8.5811934, 47.3547604], [8.581394, 47.3546614], [8.581971, 47.354307], [8.5824848, 47.3540371], [8.5828482, 47.3537954], [8.5828708, 47.3538106], [8.5829383, 47.3538557], [8.5830657, 47.3539692], [8.5832282, 47.3541147], [8.5834703, 47.3539512], [8.5836485, 47.3538278], [8.5835222, 47.3537271], [8.5834747, 47.3536892], [8.5832468, 47.3535079], [8.5830847, 47.3534255], [8.5829158, 47.3533551], [8.5828184, 47.353336], [8.5826998, 47.3533127], [8.5825648, 47.3532861], [8.5825488, 47.3533003], [8.5825431, 47.3533423], [8.582367, 47.3533991], [8.5822929, 47.3534212], [8.5819924, 47.3534362], [8.5819057, 47.3534559], [8.5818075, 47.3534525], [8.5816739, 47.3535788], [8.5816577, 47.3536634], [8.5816212, 47.3537667], [8.5815069, 47.3537875], [8.5812454, 47.3536613], [8.5811354, 47.3536048], [8.5809847, 47.3534862], [8.5808796, 47.3534042], [8.580879, 47.3533982], [8.5808257, 47.3533902], [8.5807741, 47.3534015], [8.5806797, 47.3534604], [8.5806467, 47.3534894], [8.5805697, 47.3535063], [8.5804776, 47.3535896], [8.58034, 47.3536381], [8.5802193, 47.3536587], [8.5801403, 47.3536547], [8.580032, 47.3536251], [8.5799242, 47.3536043], [8.5798287, 47.3535949], [8.5797158, 47.3535913], [8.5796629, 47.3535934], [8.5795443, 47.3536115], [8.5794612, 47.3536768], [8.5794331, 47.353737], [8.5794331, 47.3537397], [8.5794332, 47.353798], [8.5794715, 47.3538544], [8.5795143, 47.3539281], [8.5794651, 47.3540205], [8.5793787, 47.3541064], [8.5791738, 47.3542336], [8.5790621, 47.3542718], [8.5789603, 47.3543004], [8.5786129, 47.3543484], [8.5784631, 47.3543756], [8.5782552, 47.3544094], [8.5781647, 47.3544501], [8.5780817, 47.3545172], [8.5780743, 47.3545679], [8.5781102, 47.3546381], [8.5781505, 47.3547492], [8.5780883, 47.354825], [8.5780036, 47.35489], [8.5779339, 47.3549023], [8.5777043, 47.3548799], [8.5775877, 47.3548499], [8.57742, 47.3548214], [8.5773287, 47.3548452], [8.5772507, 47.3548978], [8.5771866, 47.3549661], [8.577162, 47.354982], [8.5768916, 47.3550525], [8.5767322, 47.3550412], [8.5764649, 47.3549345], [8.5763652, 47.3549147], [8.5762861, 47.3549288], [8.5762551, 47.3549556], [8.5762411, 47.354976], [8.5762, 47.3550485], [8.5760961, 47.3553022], [8.576045, 47.3552818], [8.5760308, 47.3553401], [8.5760524, 47.3553534], [8.5759914, 47.3554152], [8.5759084, 47.3554515], [8.5758077, 47.3554694], [8.5756499, 47.3554718], [8.5756199, 47.355471], [8.5755717, 47.35547], [8.575538, 47.3554646], [8.5754294, 47.3554589], [8.5753511, 47.3554637], [8.5752952, 47.3554806], [8.5752554, 47.3555], [8.5752364, 47.3555121], [8.5751699, 47.3555507], [8.5751167, 47.3556232], [8.5750808, 47.3556978], [8.575076, 47.3557077], [8.5750588, 47.3557684], [8.5750382, 47.3558597], [8.5750441, 47.3559802], [8.575085, 47.3560738], [8.57511, 47.3561382], [8.5751206, 47.3561885], [8.5751186, 47.3562179], [8.5751127, 47.3562431], [8.5751109, 47.3562556], [8.5751052, 47.3562665], [8.5750836, 47.3563068], [8.5750589, 47.3563339], [8.5750266, 47.3563742], [8.5749621, 47.3564255], [8.5749062, 47.3564613], [8.5748342, 47.3564921], [8.5747292, 47.3565184], [8.5746707, 47.3565434], [8.5745973, 47.3565843], [8.5745458, 47.3566392], [8.574527, 47.3566906], [8.5745249, 47.3567015], [8.5745006, 47.3568957], [8.5744912, 47.3569257], [8.5744817, 47.3569391], [8.57443, 47.3569932], [8.574212, 47.3571121], [8.5740566, 47.357176], [8.5739762, 47.3572176], [8.5739162, 47.3572484], [8.5738088, 47.3573036], [8.5736398, 47.3573755], [8.5735194, 47.3574339], [8.5734816, 47.3574504], [8.573483, 47.3574514], [8.573356, 47.3575179], [8.5731928, 47.3576039], [8.5731317, 47.3576399], [8.5729403, 47.3577624], [8.5729117, 47.3577874], [8.5728793, 47.357829], [8.5728551, 47.3578686], [8.5728294, 47.3579269], [8.5728046, 47.3579638], [8.5727929, 47.3579797], [8.5727942, 47.3579801], [8.5727784, 47.3579939], [8.5727257, 47.358037], [8.5727115, 47.3580428], [8.5726537, 47.358058], [8.5725913, 47.3580692], [8.572531, 47.3580749], [8.5723373, 47.3580712], [8.5722416, 47.3580678], [8.5721466, 47.3580577], [8.5720476, 47.3580487], [8.5719667, 47.3580486], [8.5716338, 47.3580198], [8.5714255, 47.3579984], [8.5714123, 47.3579971], [8.5711031, 47.3579764], [8.5709483, 47.3579741], [8.5708456, 47.357993], [8.5707879, 47.3579949], [8.570619, 47.3579834], [8.5704762, 47.3579604], [8.5704036, 47.3579346], [8.5702031, 47.3578744], [8.5701189, 47.3578533], [8.5701059, 47.35785], [8.5700126, 47.3578361], [8.569959, 47.3578338], [8.5699096, 47.3578386], [8.5698085, 47.357859], [8.5697375, 47.3578937], [8.5696712, 47.3579547], [8.5696264, 47.3580416], [8.5696325, 47.3581171], [8.5696482, 47.3581551], [8.5697063, 47.3582618], [8.5697312, 47.3583268], [8.5697296, 47.3583979], [8.5697084, 47.3584602], [8.5696589, 47.3585402], [8.569585, 47.3586132], [8.5695078, 47.3586676], [8.5694047, 47.3587144], [8.5693149, 47.3587423], [8.5692504, 47.3587524], [8.5691497, 47.3587694], [8.5689493, 47.3588006], [8.5687176, 47.3588414], [8.5686941, 47.3588382], [8.568686, 47.3588448], [8.5684274, 47.3589191], [8.5683251, 47.3589566], [8.5681201, 47.3589902], [8.5679264, 47.3589567], [8.5678051, 47.3589218], [8.5676623, 47.3588603], [8.5674767, 47.3587706], [8.5673937, 47.3587479], [8.5672997, 47.3587346], [8.5672074, 47.358733], [8.5671208, 47.3587446], [8.5670363, 47.3587786], [8.5669575, 47.3588194], [8.5668863, 47.3588737], [8.5667553, 47.3590106], [8.5666293, 47.3591163], [8.5664598, 47.3592308], [8.5662705, 47.3593334], [8.5662182, 47.3593678], [8.5661235, 47.3594361], [8.566122, 47.3594371], [8.5660316, 47.3595013], [8.5659844, 47.3595406], [8.5659502, 47.3595691], [8.5659423, 47.3595737], [8.5658617, 47.3596024], [8.5657931, 47.3596192], [8.5656983, 47.3596329], [8.565672, 47.3596331], [8.5655616, 47.3596006], [8.5654067, 47.3595561], [8.5653224, 47.3595389], [8.5652788, 47.3595317], [8.5652554, 47.359524], [8.5652167, 47.3595143], [8.5651967, 47.3595109], [8.5651532, 47.3595056], [8.5651486, 47.3595056], [8.5651013, 47.3595065], [8.565087, 47.3595057], [8.5649986, 47.3594999], [8.5648291, 47.359485], [8.5647199, 47.3594861], [8.5646941, 47.3594747], [8.5646245, 47.3594797], [8.5644278, 47.3594732], [8.5642409, 47.3595135], [8.5641388, 47.3595193], [8.5640921, 47.3595327], [8.5638723, 47.3595521], [8.5638112, 47.359535], [8.5637993, 47.3595273], [8.5637536, 47.3594981], [8.5636767, 47.3594894], [8.5635699, 47.3594922], [8.5634851, 47.3594774], [8.5633288, 47.3594615], [8.5631536, 47.3594578], [8.5630459, 47.3594601], [8.5629767, 47.359471], [8.5629592, 47.3594813], [8.5629199, 47.3594901], [8.5628259, 47.3595343], [8.5628049, 47.3595477], [8.5627198, 47.3595883], [8.562653, 47.3596265], [8.5626466, 47.3596295], [8.5626162, 47.359644], [8.5625656, 47.359677], [8.562542, 47.3597007], [8.5624159, 47.3597874], [8.5623607, 47.3598303], [8.562268, 47.3598984], [8.5622349, 47.359917], [8.5622175, 47.3599256], [8.5621997, 47.3599337], [8.5621814, 47.3599414], [8.5621627, 47.3599485], [8.562124, 47.3599614], [8.562104, 47.3599671], [8.5620838, 47.3599722], [8.5620633, 47.3599767], [8.5620425, 47.3599807], [8.5619222, 47.3600025], [8.5619144, 47.3600097], [8.5618436, 47.3600206], [8.5618307, 47.3600242], [8.5617987, 47.3600248], [8.5617664, 47.3600721], [8.5616812, 47.3600727], [8.5616749, 47.3600728], [8.5616665, 47.3600712], [8.5616462, 47.3600621], [8.5616282, 47.3600541], [8.5616249, 47.36006], [8.5616133, 47.3600811], [8.56159, 47.3601233], [8.5614923, 47.3602062], [8.5614031, 47.3602768], [8.5612709, 47.3603851], [8.5610476, 47.3605672], [8.5610192, 47.3606202], [8.5609757, 47.3607012], [8.5608258, 47.3609802], [8.5606205, 47.361363], [8.5606128, 47.3613773], [8.5605363, 47.3615201], [8.560533, 47.3615262], [8.5604855, 47.3616147], [8.5604819, 47.3616205], [8.5604799, 47.3616234], [8.5604778, 47.3616262], [8.5604755, 47.361629], [8.560473, 47.3616317], [8.5604678, 47.361637], [8.560465, 47.3616395], [8.5604621, 47.361642], [8.560459, 47.3616444], [8.5604558, 47.3616468], [8.5603985, 47.3616864], [8.5603958, 47.3616883], [8.5603943, 47.3616892], [8.5603928, 47.36169], [8.5603913, 47.3616908], [8.5603897, 47.3616916], [8.5603881, 47.3616924], [8.5603864, 47.3616931], [8.5603847, 47.3616937], [8.560383, 47.3616943], [8.5603812, 47.3616949], [8.5603794, 47.3616954], [8.5603776, 47.3616959], [8.5603757, 47.3616963], [8.5603721, 47.3616971], [8.5603702, 47.3616975], [8.5603683, 47.3616978], [8.5603664, 47.361698], [8.5603645, 47.3616982], [8.5603625, 47.3616983], [8.5603606, 47.3616984], [8.5603587, 47.3616985], [8.5603567, 47.3616985], [8.5603548, 47.3616984], [8.5603529, 47.3616983], [8.5603509, 47.3616982], [8.560349, 47.361698], [8.5601581, 47.3617799], [8.5603818, 47.3620165], [8.5603672, 47.3620134], [8.5603599, 47.3620121], [8.5603524, 47.3620109], [8.560345, 47.36201], [8.5603374, 47.3620092], [8.5603299, 47.3620086], [8.5603223, 47.3620082], [8.5603146, 47.362008], [8.560307, 47.362008], [8.5602994, 47.3620082], [8.5602819, 47.3620096], [8.5602732, 47.3620105], [8.5602558, 47.3620127], [8.5602471, 47.362014], [8.5600714, 47.3620461], [8.5599852, 47.3620657], [8.5598169, 47.3621123], [8.559735, 47.362139], [8.5596769, 47.3621595], [8.5596482, 47.3621702], [8.5595479, 47.3622106], [8.559499, 47.3622321], [8.5593489, 47.3623013], [8.5592746, 47.3623366], [8.5591277, 47.3624087], [8.559055, 47.3624454], [8.5589109, 47.3625202], [8.5588397, 47.3625583], [8.5587374, 47.3626142], [8.5586867, 47.3626425], [8.5585556, 47.3627171], [8.5585029, 47.3627483], [8.5583334, 47.3628511], [8.5582591, 47.3628976], [8.5582222, 47.362921], [8.5580926, 47.3630054], [8.5580287, 47.3630482], [8.5579936, 47.3630722], [8.5578405, 47.3631804], [8.5576526, 47.3633132], [8.5574627, 47.363449], [8.5572992, 47.3635658], [8.5572476, 47.3636028], [8.5570371, 47.3637532], [8.5570252, 47.3637454], [8.557024, 47.3637453], [8.5570235, 47.3637452], [8.5570229, 47.3637452], [8.5570223, 47.3637452], [8.5570217, 47.3637452], [8.5570211, 47.3637452], [8.5570205, 47.3637452], [8.55702, 47.3637453], [8.5570194, 47.3637454], [8.5570188, 47.3637454], [8.5570182, 47.3637455], [8.5570177, 47.3637456], [8.5570171, 47.3637457], [8.5570166, 47.3637459], [8.557016, 47.363746], [8.5570155, 47.3637462], [8.5570149, 47.3637464], [8.5570144, 47.3637465], [8.5570139, 47.3637467], [8.5570134, 47.3637469], [8.5570129, 47.3637472], [8.5570124, 47.3637474], [8.557012, 47.3637476], [8.5570115, 47.3637479], [8.5570111, 47.3637482], [8.5570107, 47.3637484], [8.5569891, 47.3637641], [8.556969, 47.3637512], [8.5568601, 47.3638289], [8.5568782, 47.3638404], [8.5568742, 47.3638434], [8.5567623, 47.363923], [8.5567437, 47.3639114], [8.5566478, 47.3639797], [8.556658, 47.364016], [8.5567052, 47.3640302], [8.5566935, 47.364048], [8.5566921, 47.3640501], [8.5566915, 47.3640512], [8.556691, 47.3640522], [8.5566905, 47.3640533], [8.5566901, 47.3640544], [8.5566893, 47.3640545]]]]}}, {"type": "Feature", "properties": {"name": "Witikon"}, "geometry": {"type": "MultiPolygon", "coordinates": [[[[8.5825648, 47.3532861], [8.5826998, 47.3533127], [8.5828184, 47.353336], [8.5829158, 47.3533551], [8.5830847, 47.3534255], [8.5832468, 47.3535079], [8.5834747, 47.3536892], [8.5835222, 47.3537271], [8.5836485, 47.3538278], [8.5834703, 47.3539512], [8.5832282, 47.3541147], [8.5830657, 47.3539692], [8.5829383, 47.3538557], [8.5828708, 47.3538106], [8.5828482, 47.3537954], [8.5824848, 47.3540371], [8.581971, 47.354307], [8.581394, 47.3546614], [8.5811934, 47.3547604], [8.5810431, 47.3548104], [8.580967, 47.354828], [8.5808897, 47.3548654], [8.5808364, 47.3549032], [8.5807546, 47.3550336], [8.5807345, 47.3550839], [8.5807404, 47.3551556], [8.5807333, 47.3551559], [8.5807298, 47.3551561], [8.5806981, 47.3551582], [8.5806824, 47.3551598], [8.5806667, 47.3551617], [8.5806512, 47.3551641], [8.5806358, 47.3551669], [8.5806205, 47.35517], [8.5806054, 47.3551735], [8.5805906, 47.3551773], [8.5805759, 47.3551816], [8.5805615, 47.3551861], [8.5805473, 47.355191], [8.5802115, 47.3550765], [8.580278, 47.3550255], [8.5802439, 47.3550022], [8.5802171, 47.3549939], [8.5801372, 47.3549716], [8.5801169, 47.3549564], [8.5800584, 47.3549268], [8.5800028, 47.3549052], [8.5799766, 47.3548796], [8.5799254, 47.3548675], [8.5799091, 47.354847], [8.5797987, 47.3549319], [8.579571, 47.3551071], [8.5794025, 47.3552753], [8.5793191, 47.3553584], [8.579294, 47.3553835], [8.579251, 47.3554452], [8.5791887, 47.3555346], [8.5791243, 47.355627], [8.5790377, 47.3557672], [8.5789701, 47.3558766], [8.5789281, 47.3559446], [8.5788505, 47.3559152], [8.5787401, 47.3561175], [8.5787306, 47.3561349], [8.5786685, 47.3562924], [8.5786318, 47.3563413], [8.5785932, 47.3563159], [8.5785686, 47.3562996], [8.5784578, 47.3562612], [8.5781471, 47.3564862], [8.5775258, 47.3568518], [8.5770267, 47.3571786], [8.5769141, 47.3572526], [8.5770418, 47.3573397], [8.5766711, 47.3578098], [8.5774626, 47.3581481], [8.5774566, 47.358169], [8.5774544, 47.3581796], [8.5774528, 47.3581902], [8.5774518, 47.3582008], [8.5774513, 47.3582115], [8.5774514, 47.3582221], [8.5774521, 47.3582328], [8.5774533, 47.3582434], [8.5774648, 47.358292], [8.5774405, 47.358326], [8.5774422, 47.3583851], [8.5774274, 47.3583842], [8.5769249, 47.3584506], [8.5768039, 47.3584806], [8.5766675, 47.3585549], [8.5764294, 47.3587658], [8.576332, 47.358835], [8.5763461, 47.3588516], [8.5765091, 47.3589708], [8.5764819, 47.3590052], [8.5764778, 47.3590104], [8.5764872, 47.3590522], [8.5764965, 47.3590602], [8.5763744, 47.3593394], [8.5762969, 47.3595165], [8.576357, 47.3595355], [8.5763225, 47.359586], [8.5761831, 47.3597899], [8.5761414, 47.359851], [8.5761284, 47.3598469], [8.5760312, 47.3599886], [8.5759523, 47.360092], [8.575908, 47.3601419], [8.5758607, 47.3601905], [8.5757709, 47.3602719], [8.5757227, 47.3603108], [8.5756724, 47.3603485], [8.5756201, 47.3603849], [8.5755096, 47.3604533], [8.5754517, 47.3604854], [8.575392, 47.360516], [8.5753307, 47.3605451], [8.5753297, 47.3605723], [8.5753567, 47.36066], [8.5754182, 47.3607478], [8.5754346, 47.3607426], [8.5755815, 47.3606956], [8.575748, 47.3606439], [8.575917, 47.3606495], [8.5760718, 47.3606927], [8.5761274, 47.3607312], [8.5762075, 47.3607597], [8.5763259, 47.3608062], [8.5763383, 47.360811], [8.5763895, 47.3608311], [8.5763891, 47.3608342], [8.5763824, 47.3609099], [8.5763824, 47.3609478], [8.5763845, 47.3609858], [8.5763937, 47.361045], [8.5764011, 47.3610743], [8.5764213, 47.3611323], [8.5764341, 47.3611608], [8.5764493, 47.3612025], [8.5764764, 47.3612838], [8.5764341, 47.3614041], [8.576433, 47.3614071], [8.5764892, 47.3615247], [8.5764237, 47.36159], [8.5763936, 47.3616238], [8.5763593, 47.361666], [8.5763431, 47.3616875], [8.5763427, 47.361688], [8.5762858, 47.3617757], [8.5762616, 47.3618207], [8.5762403, 47.3618663], [8.5762118, 47.3619325], [8.575927, 47.3624632], [8.5759401, 47.3624726], [8.5759553, 47.3624767], [8.5759402, 47.3625047], [8.5759238, 47.3625016], [8.5758591, 47.362596], [8.5758288, 47.3626439], [8.5758141, 47.3626678], [8.5758069, 47.3626799], [8.5757645, 47.3627552], [8.5757446, 47.3627932], [8.5757351, 47.3628117], [8.5757304, 47.362821], [8.5756916, 47.3629038], [8.5756737, 47.3629456], [8.5756338, 47.3630488], [8.5756161, 47.3631008], [8.5754948, 47.3634746], [8.5755053, 47.3636466], [8.5754286, 47.3636392], [8.5754101, 47.3636615], [8.5754, 47.3636723], [8.5753892, 47.3636828], [8.5753779, 47.363693], [8.5753661, 47.363703], [8.5753537, 47.3637126], [8.5753408, 47.363722], [8.5753274, 47.363731], [8.5753135, 47.3637396], [8.5752992, 47.3637479], [8.5752844, 47.3637558], [8.5752547, 47.3637699], [8.5752394, 47.3637764], [8.5752684, 47.3638291], [8.5753432, 47.3639167], [8.5754092, 47.3640708], [8.5754666, 47.3641461], [8.575877, 47.3643349], [8.5759042, 47.3643588], [8.575928, 47.364425], [8.5759946, 47.3644764], [8.5760149, 47.3644927], [8.5760541, 47.3645189], [8.5761106, 47.3645503], [8.5761894, 47.3645758], [8.5762384, 47.3645784], [8.5763648, 47.3645988], [8.5764779, 47.3646119], [8.5765609, 47.3646003], [8.5766355, 47.364593], [8.5768244, 47.3645843], [8.5770087, 47.3645912], [8.5771402, 47.3646329], [8.5772266, 47.3646311], [8.5773177, 47.3645721], [8.5773792, 47.3645419], [8.5774389, 47.3645415], [8.5774777, 47.3645279], [8.5775571, 47.3645235], [8.5776541, 47.3645287], [8.577756, 47.3645121], [8.577868, 47.3644754], [8.5779193, 47.3644548], [8.5779586, 47.3644292], [8.578093, 47.3643953], [8.578235, 47.3643765], [8.5784661, 47.3643185], [8.5785412, 47.364307], [8.5786685, 47.3642482], [8.5788713, 47.3642788], [8.5790524, 47.3642135], [8.5791005, 47.3641463], [8.5792259, 47.3639928], [8.5792263, 47.3639343], [8.5791658, 47.3638702], [8.5790137, 47.363841], [8.5789543, 47.363817], [8.5789202, 47.3637777], [8.5789059, 47.3637319], [8.5789162, 47.363682], [8.5789955, 47.3636021], [8.579021, 47.3635271], [8.5789667, 47.363417], [8.5788335, 47.3633631], [8.5788074, 47.36335], [8.5787988, 47.3633387], [8.5787841, 47.363303], [8.5787888, 47.3632398], [8.57891, 47.3630997], [8.5789156, 47.3630294], [8.5788757, 47.3629468], [8.5788917, 47.3628866], [8.5789891, 47.3627933], [8.57899, 47.3627919], [8.5790293, 47.3627336], [8.5790627, 47.3626469], [8.5791106, 47.3625875], [8.5791119, 47.3625604], [8.5791322, 47.3625449], [8.5791936, 47.3625389], [8.5793054, 47.3625256], [8.5794792, 47.3624393], [8.5795364, 47.3624283], [8.5795951, 47.3623979], [8.5796605, 47.36235], [8.5796958, 47.3623081], [8.57982, 47.3622558], [8.5798908, 47.3622151], [8.579966, 47.3621998], [8.5800431, 47.3622042], [8.5801087, 47.3622015], [8.5801762, 47.3622105], [8.5803511, 47.3622591], [8.5804298, 47.3622563], [8.5805019, 47.3621731], [8.5805786, 47.3621662], [8.5806692, 47.3621979], [8.5807197, 47.3622502], [8.5808256, 47.3622673], [8.5808689, 47.362271], [8.5809344, 47.3622698], [8.5809451, 47.3622355], [8.5809601, 47.3622052], [8.5810239, 47.3621736], [8.5810743, 47.3621708], [8.5812235, 47.3621712], [8.5812745, 47.3621967], [8.5813301, 47.3622429], [8.5813412, 47.3622875], [8.5814125, 47.3623464], [8.5815116, 47.3623565], [8.5815531, 47.3623454], [8.581606, 47.3623552], [8.5817069, 47.3623834], [8.5818937, 47.3624156], [8.5819524, 47.3624438], [8.5820954, 47.362512], [8.5821502, 47.362514], [8.5822297, 47.3625028], [8.5822652, 47.3624939], [8.5822825, 47.3624918], [8.5823262, 47.3624601], [8.5823378, 47.3624137], [8.5823747, 47.3623764], [8.5824169, 47.3623374], [8.5824717, 47.3623151], [8.5825414, 47.3623222], [8.5826359, 47.3623265], [8.5826919, 47.3623466], [8.5827771, 47.3624215], [8.5828077, 47.3624802], [8.5828156, 47.3625004], [8.5829004, 47.3625692], [8.5830458, 47.3625822], [8.5832474, 47.3625636], [8.5835596, 47.3625101], [8.5835939, 47.3625013], [8.583715, 47.3624742], [8.5837903, 47.3624284], [8.5838377, 47.362435], [8.583938, 47.3624537], [8.5840522, 47.3624534], [8.5840688, 47.362475], [8.5841209, 47.3624832], [8.5842464, 47.362452], [8.5842881, 47.3624632], [8.5843265, 47.362523], [8.5843844, 47.3625332], [8.5844187, 47.3625207], [8.5845725, 47.3624621], [8.584627, 47.3624811], [8.5846866, 47.3625142], [8.584819, 47.3625175], [8.5849849, 47.3625794], [8.5851474, 47.362583], [8.5852339, 47.362557], [8.5854683, 47.3625317], [8.5854753, 47.3625515], [8.58548, 47.3625697], [8.5854748, 47.3625845], [8.5854649, 47.3626129], [8.5854878, 47.3626804], [8.5854811, 47.362714], [8.5855474, 47.3627477], [8.5855767, 47.3627825], [8.5856411, 47.3628366], [8.5857195, 47.3629592], [8.5856963, 47.3630859], [8.5857161, 47.3631502], [8.5857246, 47.3631778], [8.5857551, 47.363204], [8.5858038, 47.3632032], [8.5858329, 47.3632339], [8.5858294, 47.36326], [8.5859051, 47.3633204], [8.5859069, 47.3633614], [8.5859699, 47.363421], [8.5859861, 47.3634361], [8.5859748, 47.3635754], [8.5860154, 47.3636052], [8.5860275, 47.3636141], [8.5860461, 47.3636636], [8.5861156, 47.363694], [8.58615, 47.3637896], [8.5862268, 47.3638716], [8.5863698, 47.3640515], [8.5863851, 47.3641349], [8.5864332, 47.3641467], [8.5864847, 47.3643278], [8.5865207, 47.3643502], [8.5865542, 47.3645117], [8.5866036, 47.3645363], [8.586608, 47.3645796], [8.5866824, 47.3646733], [8.5866821, 47.3646963], [8.5868285, 47.3647725], [8.5868715, 47.3648281], [8.5870563, 47.3649568], [8.5871321, 47.3649993], [8.5871873, 47.3649953], [8.5871959, 47.3650411], [8.5872838, 47.3650946], [8.5873691, 47.3652076], [8.5874393, 47.3652079], [8.5874945, 47.3652587], [8.5877308, 47.3653425], [8.5877885, 47.3653856], [8.5879084, 47.3654229], [8.5880269, 47.3654832], [8.5880821, 47.3655006], [8.58815, 47.3655234], [8.5881793, 47.3655332], [8.5882544, 47.3655728], [8.5882598, 47.365574], [8.5883872, 47.3656036], [8.5885175, 47.3656395], [8.5885587, 47.3656696], [8.5886948, 47.3656794], [8.5888696, 47.3657215], [8.588942, 47.365699], [8.5890038, 47.3657253], [8.5891116, 47.365743], [8.5891975, 47.3658098], [8.5892207, 47.36583], [8.5893325, 47.3659342], [8.5894513, 47.3660292], [8.5896384, 47.3661967], [8.5897362, 47.3663797], [8.5898231, 47.366581], [8.5898786, 47.3667143], [8.5899775, 47.3669976], [8.5900629, 47.3672626], [8.5901755, 47.3675888], [8.5902911, 47.3679161], [8.5903545, 47.3679233], [8.590405, 47.3679288], [8.5906506, 47.3682292], [8.5908557, 47.3684975], [8.5909821, 47.3688507], [8.5910746, 47.3688331], [8.591762, 47.3687045], [8.5920725, 47.3686463], [8.5921336, 47.3686349], [8.5922302, 47.3686168], [8.5924354, 47.3685785], [8.5928116, 47.3685082], [8.593103, 47.3685079], [8.5936122, 47.3685055], [8.5939163, 47.3685041], [8.5942061, 47.3685232], [8.5949728, 47.368629], [8.5954593, 47.3687516], [8.5960036, 47.3688846], [8.5960991, 47.368546], [8.5962176, 47.3680639], [8.59696, 47.3681518], [8.5979624, 47.3683545], [8.5984144, 47.3676926], [8.5991292, 47.3681715], [8.5995301, 47.3682465], [8.6002391, 47.3678025], [8.6006764, 47.3679237], [8.6009146, 47.3673586], [8.6009753, 47.3673334], [8.6010914, 47.3674637], [8.6011644, 47.3674332], [8.6011842, 47.3674579], [8.6012281, 47.3675054], [8.6012522, 47.3675281], [8.6013044, 47.3675715], [8.6017861, 47.3678943], [8.6017689, 47.3679561], [8.6022699, 47.3682251], [8.6023401, 47.3682644], [8.6024078, 47.3683057], [8.6025353, 47.3683937], [8.602595, 47.3684405], [8.6026517, 47.3684888], [8.6027561, 47.3685901], [8.6027803, 47.3686212], [8.6028029, 47.3686529], [8.6028431, 47.3687177], [8.6028606, 47.3687509], [8.6028764, 47.3687845], [8.6029026, 47.3688528], [8.6030691, 47.3693628], [8.6030723, 47.3693939], [8.6030739, 47.369425], [8.6030739, 47.3694561], [8.6030722, 47.3694872], [8.6030639, 47.3695492], [8.6030574, 47.3695799], [8.6030492, 47.3696105], [8.6030393, 47.3696408], [8.6030279, 47.3696709], [8.6030004, 47.3697301], [8.6029846, 47.3697609], [8.6029672, 47.3697912], [8.6029481, 47.369821], [8.6029273, 47.3698504], [8.602881, 47.3699073], [8.6028555, 47.3699349], [8.6028284, 47.3699619], [8.6027999, 47.3699881], [8.6027699, 47.3700136], [8.6027058, 47.3700621], [8.6024493, 47.3702317], [8.6024175, 47.3702511], [8.6023868, 47.3702713], [8.6023573, 47.3702923], [8.6023022, 47.3703366], [8.6022765, 47.3703599], [8.6022523, 47.3703837], [8.6022294, 47.3704083], [8.602188, 47.370459], [8.6019948, 47.3708245], [8.6018366, 47.3711512], [8.6016343, 47.3717202], [8.601633, 47.3717244], [8.601632, 47.3717286], [8.6016312, 47.3717328], [8.6016307, 47.3717371], [8.6016303, 47.3717414], [8.6016303, 47.3717456], [8.6016308, 47.3717542], [8.6016313, 47.3717583], [8.6016321, 47.3717624], [8.6016331, 47.3717666], [8.6016344, 47.3717706], [8.6016358, 47.3717747], [8.6016375, 47.3717787], [8.6016414, 47.3717866], [8.6016438, 47.3717905], [8.6016463, 47.3717944], [8.6016491, 47.3717983], [8.601652, 47.371802], [8.6016552, 47.3718057], [8.6016586, 47.3718093], [8.6016621, 47.3718128], [8.6016659, 47.3718163], [8.6016698, 47.3718196], [8.6016739, 47.3718228], [8.6016781, 47.3718259], [8.6016826, 47.371829], [8.6016872, 47.3718319], [8.6016919, 47.3718347], [8.6017019, 47.3718399], [8.6017552, 47.3718709], [8.6018521, 47.3719186], [8.6018546, 47.3718582], [8.6018785, 47.3717776], [8.6018959, 47.3717443], [8.6019235, 47.3717143], [8.6019567, 47.371691], [8.6020057, 47.371668], [8.6020667, 47.3716458], [8.6021309, 47.3716281], [8.6022126, 47.3716127], [8.6025003, 47.3715766], [8.6025897, 47.3715582], [8.602684, 47.371532], [8.602983, 47.371436], [8.6030605, 47.3714074], [8.6031808, 47.37135], [8.6032811, 47.3712864], [8.6033386, 47.371241], [8.6033902, 47.3711924], [8.6036263, 47.3709212], [8.6037265, 47.3708219], [8.6038495, 47.3707234], [8.6040805, 47.3705665], [8.6041749, 47.3704845], [8.6042526, 47.3703946], [8.6043901, 47.3701922], [8.6044468, 47.3701324], [8.6045075, 47.3700879], [8.6047306, 47.3699557], [8.6048852, 47.369847], [8.6053798, 47.3694626], [8.6058326, 47.3690793], [8.6058722, 47.3690352], [8.6059006, 47.3689871], [8.6059151, 47.3689451], [8.6059307, 47.3688655], [8.6059511, 47.3688207], [8.6059929, 47.3687684], [8.6060506, 47.3687235], [8.6061105, 47.3686926], [8.606178, 47.3686701], [8.6064671, 47.368623], [8.6065498, 47.3686014], [8.6066281, 47.3685738], [8.606701, 47.3685404], [8.6069966, 47.368384], [8.6074576, 47.3681615], [8.6077028, 47.3680199], [8.6078035, 47.3679495], [8.6078665, 47.3678939], [8.6079212, 47.3678345], [8.6079676, 47.3677717], [8.6080114, 47.3676965], [8.608032, 47.3676717], [8.6080805, 47.3676349], [8.6081423, 47.3676083], [8.608192, 47.3675968], [8.6082439, 47.3675921], [8.6084812, 47.3676058], [8.6085505, 47.3676046], [8.6086192, 47.3675987], [8.6093365, 47.3674874], [8.6104265, 47.3673446], [8.6106117, 47.3673136], [8.6107514, 47.3672829], [8.6108881, 47.3672461], [8.6115359, 47.36704], [8.611765, 47.3669541], [8.6120135, 47.3668419], [8.6130919, 47.3677629], [8.6131841, 47.3677493], [8.6132853, 47.3677501], [8.6133772, 47.3677652], [8.6134655, 47.3677948], [8.6135373, 47.3678342], [8.6135954, 47.3678829], [8.6136345, 47.3679347], [8.6136739, 47.3680164], [8.6155062, 47.3676934], [8.6155547, 47.3677069], [8.6164621, 47.3684053], [8.6166636, 47.3682781], [8.6169118, 47.3680217], [8.6170611, 47.3678165], [8.6172076, 47.367485], [8.617359, 47.3672089], [8.6175761, 47.3668837], [8.6176084, 47.3668462], [8.617648, 47.3668119], [8.6175388, 47.3667508], [8.6175072, 47.3666872], [8.6175142, 47.3666582], [8.6174118, 47.3665823], [8.6174568, 47.3665475], [8.6174082, 47.3665085], [8.61734, 47.3664753], [8.6173577, 47.366418], [8.6173227, 47.3663955], [8.6173054, 47.3663607], [8.6171873, 47.3663099], [8.6171614, 47.3662908], [8.617124, 47.3662811], [8.6171043, 47.3662599], [8.6171082, 47.3662311], [8.6171244, 47.3662043], [8.6171133, 47.3661833], [8.6170829, 47.3661526], [8.6170624, 47.3661123], [8.6170261, 47.3660768], [8.617027, 47.3660556], [8.6170524, 47.3660152], [8.6170533, 47.3660007], [8.6170418, 47.3659767], [8.6170217, 47.3659654], [8.6170268, 47.365946], [8.617051, 47.3659342], [8.6170487, 47.3659044], [8.6170328, 47.365893], [8.6170072, 47.3658059], [8.6169984, 47.3657954], [8.617001, 47.3657679], [8.6169898, 47.3657567], [8.616985, 47.3657369], [8.6169568, 47.3656898], [8.6169726, 47.3656693], [8.616961, 47.3656293], [8.6169494, 47.3656102], [8.6169263, 47.3655929], [8.6168878, 47.365505], [8.6168712, 47.3654911], [8.6168656, 47.3654753], [8.6168765, 47.3654512], [8.6168732, 47.3654364], [8.6168487, 47.3654036], [8.6168563, 47.3653828], [8.6168481, 47.3653582], [8.6168352, 47.365344], [8.6167667, 47.3653147], [8.6167259, 47.3652669], [8.6166875, 47.3652603], [8.6166426, 47.3652247], [8.6166142, 47.3652174], [8.6165809, 47.365217], [8.6165099, 47.3651902], [8.616465, 47.3651512], [8.6164463, 47.3651405], [8.6164145, 47.3651297], [8.6163255, 47.3650228], [8.6162588, 47.3650029], [8.6161784, 47.3649702], [8.6161326, 47.3649648], [8.6161136, 47.3649566], [8.6161014, 47.3649176], [8.6160732, 47.3649012], [8.6160224, 47.36486], [8.6159781, 47.3648425], [8.6159459, 47.3648134], [8.6158778, 47.364783], [8.6157371, 47.3647005], [8.6156896, 47.3646666], [8.6156589, 47.3646531], [8.6155646, 47.3646605], [8.6155484, 47.3646802], [8.6155339, 47.3646872], [8.6154982, 47.364678], [8.6154733, 47.3646121], [8.6153753, 47.3645658], [8.615269, 47.3645649], [8.6151775, 47.3645951], [8.615142, 47.3646346], [8.6150646, 47.3646316], [8.6150163, 47.3645923], [8.6149618, 47.3645793], [8.6152, 47.3640418], [8.6154548, 47.3635612], [8.6155863, 47.3634165], [8.615653, 47.3627825], [8.6156675, 47.3627255], [8.6148343, 47.3626292], [8.6147158, 47.3615074], [8.6148994, 47.3614976], [8.6152557, 47.3614488], [8.6156255, 47.3614107], [8.6175282, 47.3613537], [8.6181865, 47.3613532], [8.6186551, 47.3613014], [8.6193045, 47.3612117], [8.6196888, 47.3610927], [8.6198864, 47.3610535], [8.6199678, 47.3610336], [8.6199419, 47.3610019], [8.6200275, 47.3609814], [8.6203501, 47.3608316], [8.6207858, 47.3606138], [8.6211065, 47.3604399], [8.621694, 47.3601012], [8.6217506, 47.3600686], [8.621905, 47.3600093], [8.6222128, 47.3599074], [8.6224118, 47.3598546], [8.622579, 47.3598261], [8.6224642, 47.3598094], [8.6219989, 47.3595709], [8.621959, 47.3595464], [8.6219246, 47.3595181], [8.6218966, 47.359487], [8.6218774, 47.3594571], [8.6218581, 47.3594016], [8.6218348, 47.3592198], [8.6217687, 47.3589924], [8.6217399, 47.3585493], [8.62173, 47.3585009], [8.6217073, 47.3584326], [8.6216784, 47.3583725], [8.6213584, 47.3578347], [8.6213259, 47.3577652], [8.6213059, 47.3576885], [8.6213016, 47.3576064], [8.6213146, 47.3575249], [8.6213447, 47.3574455], [8.6214412, 47.3572826], [8.6214859, 47.3572332], [8.621541, 47.3571886], [8.6218441, 47.3569847], [8.6220434, 47.356868], [8.6223348, 47.35672], [8.6227467, 47.3564403], [8.6228258, 47.3563774], [8.6228426, 47.3563906], [8.623098, 47.3561909], [8.6234047, 47.3558999], [8.6234639, 47.3559032], [8.6235199, 47.3559216], [8.6234943, 47.3559019], [8.6235234, 47.3558832], [8.6233953, 47.3557844], [8.6234485, 47.3556836], [8.6234936, 47.3556402], [8.623546, 47.3556006], [8.6239777, 47.3553401], [8.624517, 47.3550405], [8.6250962, 47.3547327], [8.6251757, 47.3547], [8.6252622, 47.3546771], [8.6253602, 47.354664], [8.6254529, 47.3546629], [8.6253069, 47.3545497], [8.6250822, 47.3544599], [8.6248652, 47.3543868], [8.6246911, 47.3542727], [8.6245896, 47.3542672], [8.6245662, 47.3542379], [8.6246093, 47.3542185], [8.6245353, 47.3541482], [8.6243883, 47.3540633], [8.6243059, 47.3540242], [8.6242198, 47.3539888], [8.6240387, 47.3539301], [8.6239323, 47.3539043], [8.6234548, 47.3538051], [8.6229367, 47.3537188], [8.6225299, 47.3536569], [8.622451, 47.3536369], [8.6223708, 47.3536002], [8.6223057, 47.3535505], [8.6222752, 47.3535142], [8.6222046, 47.3533964], [8.6221846, 47.3533743], [8.6221409, 47.3533512], [8.6220905, 47.3533423], [8.622049, 47.3533453], [8.621693, 47.353418], [8.6209817, 47.3534976], [8.6208573, 47.3535155], [8.6207355, 47.3535402], [8.6200778, 47.3536959], [8.6200286, 47.3536992], [8.6199796, 47.3536946], [8.6199337, 47.3536821], [8.6198967, 47.3536647], [8.6198122, 47.3536835], [8.6198129, 47.3538343], [8.6197705, 47.3538454], [8.6193823, 47.3538671], [8.6189975, 47.3538426], [8.6185328, 47.353822], [8.6184561, 47.3538157], [8.6184443, 47.3540243], [8.6184017, 47.3542486], [8.618294, 47.3542241], [8.6181731, 47.3542079], [8.6180879, 47.3542031], [8.6177128, 47.3541958], [8.6176333, 47.3541881], [8.6172957, 47.3541394], [8.6171898, 47.3541335], [8.6170836, 47.3541361], [8.6169595, 47.3541501], [8.6168485, 47.3541733], [8.6165511, 47.3542549], [8.6163449, 47.3543276], [8.6162582, 47.3543505], [8.6161979, 47.3543603], [8.6161363, 47.3543657], [8.6159636, 47.3543654], [8.6159386, 47.3543355], [8.6158892, 47.354369], [8.6158352, 47.3543926], [8.6157689, 47.3544092], [8.6157036, 47.3544152], [8.6156431, 47.3544124], [8.6155846, 47.3544016], [8.6155301, 47.3543834], [8.6154793, 47.3543566], [8.6154321, 47.3543179], [8.6153014, 47.3541694], [8.615258, 47.354132], [8.6152091, 47.3540979], [8.615172, 47.3541418], [8.6150521, 47.3541158], [8.6149688, 47.354058], [8.6147724, 47.3540748], [8.6147159, 47.354055], [8.6144193, 47.3540526], [8.6143528, 47.3540792], [8.6142068, 47.3541018], [8.6141298, 47.3540658], [8.6140811, 47.3540608], [8.6140145, 47.3540749], [8.6139584, 47.3540238], [8.6138762, 47.3540191], [8.6138645, 47.3540707], [8.6138111, 47.3540932], [8.6137414, 47.3540793], [8.6137051, 47.3540926], [8.6136964, 47.3540839], [8.6136172, 47.3541125], [8.6135758, 47.3541529], [8.6133917, 47.3541683], [8.6132278, 47.3542209], [8.6131775, 47.3542469], [8.6128552, 47.3542902], [8.6127369, 47.3543018], [8.6126332, 47.3542936], [8.6126137, 47.3543594], [8.6125622, 47.3543639], [8.6124699, 47.3543228], [8.6123494, 47.3542494], [8.6122235, 47.3542446], [8.6121175, 47.3541619], [8.612061, 47.3541417], [8.6120547, 47.3540923], [8.6120395, 47.354078], [8.6120225, 47.354074], [8.611818, 47.3539441], [8.6117142, 47.3539702], [8.6116369, 47.3539717], [8.6115723, 47.3539422], [8.6115361, 47.3538784], [8.6114546, 47.3538687], [8.6114355, 47.3538628], [8.6114098, 47.3538362], [8.6113688, 47.3537818], [8.6113098, 47.3536399], [8.6112108, 47.3535855], [8.6111468, 47.3535717], [8.6110795, 47.3535169], [8.6108785, 47.3534639], [8.6107728, 47.3534738], [8.6106867, 47.3534119], [8.610541, 47.3533955], [8.6104316, 47.3533686], [8.6103299, 47.3534225], [8.6102277, 47.3534283], [8.6100798, 47.3534159], [8.6099447, 47.3534564], [8.6098958, 47.3534413], [8.609851, 47.3533873], [8.6097625, 47.3534047], [8.6095527, 47.3534871], [8.6094738, 47.3535134], [8.6093644, 47.353494], [8.6092802, 47.3535008], [8.6091715, 47.3534583], [8.6090725, 47.3534762], [8.608611, 47.3534485], [8.6084796, 47.3533803], [8.6083626, 47.3534332], [8.6082691, 47.3534121], [8.608235, 47.3533923], [8.6080827, 47.3533285], [8.607775, 47.3533263], [8.6076092, 47.353357], [8.6075178, 47.3533781], [8.6073818, 47.3533696], [8.6072956, 47.3533858], [8.6071788, 47.3533962], [8.6071475, 47.3534215], [8.6070037, 47.3534305], [8.6068617, 47.3534274], [8.606763, 47.3534741], [8.6064071, 47.3535423], [8.6062787, 47.3535546], [8.6060803, 47.3536246], [8.6059578, 47.3536071], [8.6057101, 47.3536046], [8.6055273, 47.3535982], [8.6054219, 47.3535795], [8.605289, 47.3536151], [8.6051627, 47.3535714], [8.6050684, 47.353587], [8.6049599, 47.3535013], [8.6047667, 47.3533844], [8.6046925, 47.353314], [8.6043979, 47.3532448], [8.6043198, 47.3532429], [8.6043065, 47.353226], [8.6043258, 47.3531742], [8.6043188, 47.3531619], [8.6042373, 47.3531459], [8.6041335, 47.3531792], [8.6041024, 47.353177], [8.6040133, 47.3530451], [8.6039516, 47.3530158], [8.603815, 47.353003], [8.6037665, 47.3529105], [8.6037508, 47.3528115], [8.6037231, 47.3527873], [8.6035712, 47.3527549], [8.6034225, 47.3525862], [8.6034282, 47.3525263], [8.6033378, 47.3524097], [8.6032043, 47.3522893], [8.6031416, 47.3522638], [8.603059, 47.3521853], [8.6032133, 47.352065], [8.6031995, 47.3520093], [8.6031055, 47.3519304], [8.6030432, 47.3519089], [8.6029541, 47.3517441], [8.6030181, 47.3516783], [8.6030181, 47.351603], [8.6029962, 47.3515299], [8.6030598, 47.3514801], [8.6030833, 47.3514022], [8.6030745, 47.3513616], [8.6030304, 47.3512666], [8.603019, 47.3512103], [8.6029859, 47.3511824], [8.6030444, 47.3511252], [8.6030333, 47.3510432], [8.6030016, 47.3509897], [8.6030084, 47.3507577], [8.6029529, 47.3507608], [8.6028485, 47.3507576], [8.6026306, 47.3507246], [8.6023949, 47.3507252], [8.6019417, 47.3507054], [8.6018108, 47.3507028], [8.601728, 47.350707], [8.6016113, 47.3507263], [8.6015139, 47.3507526], [8.6014116, 47.3508071], [8.6013322, 47.3508552], [8.601183, 47.3509798], [8.6010522, 47.3510446], [8.6009451, 47.3510457], [8.6008794, 47.3510391], [8.6006818, 47.3510498], [8.6006356, 47.3510492], [8.6003357, 47.3510988], [8.6002707, 47.351114], [8.6001879, 47.3511514], [8.6000436, 47.3512469], [8.5999755, 47.3513092], [8.5998819, 47.3513407], [8.599748, 47.3513603], [8.599612, 47.3514518], [8.5995285, 47.3514517], [8.5994441, 47.3514448], [8.5993328, 47.351458], [8.5991915, 47.3514685], [8.5990322, 47.3514753], [8.5988533, 47.351453], [8.5986782, 47.351438], [8.5985987, 47.3514463], [8.5983962, 47.3515755], [8.5982469, 47.3516515], [8.5981237, 47.3516549], [8.5979261, 47.3516539], [8.5977542, 47.3516095], [8.5976309, 47.3515633], [8.5973311, 47.3514642], [8.5972829, 47.3514595], [8.5972005, 47.3514857], [8.5971387, 47.3514845], [8.597081, 47.3514761], [8.597047, 47.3514677], [8.5969012, 47.3514004], [8.5967994, 47.3514117], [8.5967235, 47.3514533], [8.5967276, 47.3515352], [8.5966679, 47.3516108], [8.59657, 47.3516414], [8.5964601, 47.3516926], [8.5963554, 47.3517212], [8.5962112, 47.3517107], [8.5959717, 47.3516859], [8.5958421, 47.3517496], [8.595818, 47.3518356], [8.5957237, 47.3518879], [8.5956524, 47.3518968], [8.5955803, 47.3518923], [8.5954888, 47.3518591], [8.5953303, 47.3517767], [8.5951452, 47.3516987], [8.5949513, 47.3516059], [8.5948757, 47.3516194], [8.5947177, 47.3516715], [8.5945535, 47.3517474], [8.5942811, 47.351663], [8.5941949, 47.3516451], [8.5940419, 47.3515964], [8.5939704, 47.3515953], [8.5939156, 47.351607], [8.5938583, 47.3516606], [8.5937875, 47.3517711], [8.593769, 47.351809], [8.5937301, 47.3518647], [8.5936977, 47.3519595], [8.5936371, 47.3520334], [8.593513, 47.3521118], [8.5934132, 47.3521466], [8.5933191, 47.352172], [8.5931751, 47.3521955], [8.5928466, 47.3521835], [8.592592, 47.3522108], [8.5924818, 47.3522334], [8.592303, 47.352295], [8.5921322, 47.3523843], [8.5920314, 47.3524538], [8.5919998, 47.3524942], [8.5919443, 47.3526179], [8.5919439, 47.3526809], [8.5919266, 47.3527373], [8.591906, 47.3527812], [8.5917902, 47.3528706], [8.5916644, 47.3529308], [8.5915175, 47.3530201], [8.5914178, 47.3531042], [8.591375, 47.3531351], [8.5913304, 47.3531616], [8.5911902, 47.3532054], [8.5910578, 47.3531962], [8.5909851, 47.3531505], [8.5908507, 47.3530809], [8.5907569, 47.3529648], [8.590632, 47.3528463], [8.590578, 47.3527623], [8.5904771, 47.3527104], [8.5903864, 47.3527154], [8.5902733, 47.3527723], [8.5902197, 47.3528268], [8.5901484, 47.3528608], [8.5900095, 47.3528529], [8.5898533, 47.3528525], [8.5897214, 47.3528758], [8.5896003, 47.3528761], [8.5894753, 47.3528619], [8.589431, 47.3528493], [8.589212, 47.3528584], [8.5890439, 47.3528025], [8.5889337, 47.3528193], [8.5888023, 47.3528513], [8.5886465, 47.352869], [8.5884767, 47.3528833], [8.588227, 47.352922], [8.5881348, 47.3529858], [8.5880462, 47.3530541], [8.5879803, 47.353067], [8.5879384, 47.3530676], [8.5878543, 47.3530365], [8.5877826, 47.3529329], [8.5877377, 47.3528225], [8.5876597, 47.3527283], [8.5874873, 47.3526723], [8.5873557, 47.3526904], [8.5872178, 47.3527397], [8.5870761, 47.352785], [8.5869479, 47.3528535], [8.5868262, 47.3528576], [8.5866423, 47.3528315], [8.5865307, 47.3528118], [8.586434, 47.3528519], [8.5863067, 47.3528801], [8.5862857, 47.3528503], [8.5861795, 47.3528742], [8.5860145, 47.3528612], [8.5859185, 47.3528297], [8.5858609, 47.3527041], [8.5858018, 47.3526104], [8.58563, 47.3524801], [8.5855031, 47.3524928], [8.5853239, 47.3525406], [8.5851716, 47.3526523], [8.5849584, 47.3527631], [8.5848307, 47.352767], [8.5847763, 47.3527971], [8.5847744, 47.3528326], [8.5847118, 47.3528637], [8.584644, 47.352907], [8.5845749, 47.352929], [8.5844946, 47.3529458], [8.5842575, 47.3529102], [8.5841572, 47.3528682], [8.5841307, 47.3528366], [8.5840094, 47.3527663], [8.583868, 47.3526396], [8.5836861, 47.3525969], [8.5836368, 47.3525854], [8.5835654, 47.3525967], [8.5833719, 47.3526475], [8.5833194, 47.3526945], [8.583278, 47.3527429], [8.583181, 47.352798], [8.5830614, 47.3528186], [8.5828546, 47.3528263], [8.5828331, 47.352835], [8.582764, 47.3528841], [8.5827245, 47.3530003], [8.5826669, 47.3531224], [8.5826408, 47.3532192], [8.5825648, 47.3532861]]]]}}, {"type": "Feature", "properties": {"name": "M\u00fchlebach"}, "geometry": {"type": "MultiPolygon", "coordinates": [[[[8.5542104, 47.3645806], [8.5542222, 47.3645583], [8.554225, 47.3645529], [8.5542439, 47.3645172], [8.5543033, 47.3643998], [8.5543229, 47.3642181], [8.5544092, 47.3640528], [8.5544624, 47.3640656], [8.5545036, 47.3639837], [8.5545016, 47.3639832], [8.5545473, 47.3638957], [8.5545426, 47.3638945], [8.554562, 47.3638562], [8.5545776, 47.3638158], [8.554599, 47.3637231], [8.5546244, 47.3636138], [8.5546314, 47.3635838], [8.5548336, 47.3634043], [8.5549017, 47.3632729], [8.5550031, 47.3630774], [8.5550496, 47.3629967], [8.5551298, 47.3628342], [8.5551437, 47.3628368], [8.5553356, 47.3624745], [8.5553684, 47.362417], [8.555403, 47.3623601], [8.5554402, 47.3623039], [8.5554793, 47.3622483], [8.5555209, 47.3621936], [8.5555642, 47.3621395], [8.5556104, 47.3620866], [8.5556583, 47.3620345], [8.5557087, 47.3619832], [8.555761, 47.3619327], [8.5558149, 47.3618833], [8.5559254, 47.3617856], [8.5559315, 47.36178], [8.5559934, 47.3617242], [8.5562125, 47.3615299], [8.5562794, 47.3614605], [8.5564302, 47.3613297], [8.5564855, 47.3612799], [8.5565393, 47.361229], [8.5565905, 47.3611771], [8.5566027, 47.3611639], [8.5566394, 47.3611241], [8.5566858, 47.3610705], [8.5567301, 47.3610165], [8.5567729, 47.3609616], [8.5568123, 47.3609057], [8.5568532, 47.3608426], [8.5568909, 47.3607791], [8.5569228, 47.360722], [8.5569522, 47.3606645], [8.5569841, 47.360593], [8.557014, 47.3605216], [8.5571345, 47.3602159], [8.5571684, 47.3601302], [8.5572355, 47.3599605], [8.5572597, 47.3599069], [8.5572883, 47.3598545], [8.5573246, 47.3598041], [8.5573661, 47.3597558], [8.5574143, 47.3597103], [8.5574454, 47.3596852], [8.5573886, 47.3596691], [8.5574275, 47.3596326], [8.5575777, 47.3595177], [8.5577906, 47.3593196], [8.5578615, 47.3592415], [8.5578988, 47.3592004], [8.557907, 47.3591914], [8.5579162, 47.3591943], [8.5579597, 47.3591456], [8.5580051, 47.359112], [8.5583495, 47.3587344], [8.5586478, 47.3584059], [8.558805, 47.3582331], [8.5588973, 47.3581316], [8.5590861, 47.3579237], [8.5591682, 47.3578294], [8.5592468, 47.3577315], [8.5594475, 47.3574758], [8.5596884, 47.3571693], [8.5597747, 47.357066], [8.5598393, 47.3569945], [8.5599065, 47.3569242], [8.5600032, 47.356829], [8.5601609, 47.3566798], [8.5604159, 47.3564385], [8.5604627, 47.3563943], [8.5607441, 47.3561278], [8.5609223, 47.3559591], [8.5609239, 47.3559576], [8.5609255, 47.355956], [8.5609269, 47.3559543], [8.5609283, 47.3559527], [8.5609295, 47.355951], [8.5609307, 47.3559492], [8.5609318, 47.3559475], [8.5609328, 47.3559457], [8.5609337, 47.3559439], [8.5609345, 47.3559421], [8.5609352, 47.3559402], [8.5609359, 47.3559384], [8.5609364, 47.3559365], [8.5609368, 47.3559346], [8.5609371, 47.3559327], [8.5609373, 47.3559308], [8.5609375, 47.3559289], [8.5609375, 47.355927], [8.5609374, 47.3559251], [8.5609372, 47.3559232], [8.560937, 47.3559213], [8.5609366, 47.3559194], [8.5609356, 47.3559156], [8.5610286, 47.3557964], [8.561048, 47.3557855], [8.5610565, 47.3557756], [8.5610726, 47.3557555], [8.5610803, 47.3557454], [8.5610946, 47.3557248], [8.5611534, 47.3556365], [8.5611623, 47.3556229], [8.5611798, 47.3555954], [8.5611884, 47.3555818], [8.5612051, 47.3555546], [8.561197, 47.355552], [8.5612342, 47.3554922], [8.5612532, 47.35546], [8.5612703, 47.3554273], [8.5612856, 47.3553943], [8.5613104, 47.355327], [8.561318, 47.3553006], [8.5613296, 47.3552474], [8.5613418, 47.3552364], [8.5613501, 47.3551965], [8.5613614, 47.3551163], [8.5613642, 47.355076], [8.5613644, 47.3549953], [8.56136, 47.3549005], [8.5613586, 47.3548554], [8.5613587, 47.3547652], [8.5613602, 47.3547201], [8.5613661, 47.3546299], [8.5613691, 47.3545966], [8.5613761, 47.3545298], [8.5613842, 47.3544657], [8.5614043, 47.3543378], [8.5614102, 47.3543053], [8.5614231, 47.3542403], [8.5614372, 47.354176], [8.5614694, 47.3540477], [8.5616025, 47.3537135], [8.56163, 47.3536904], [8.5616356, 47.3536771], [8.5616651, 47.3536064], [8.5617033, 47.3535235], [8.5617185, 47.3534923], [8.5617449, 47.3534383], [8.5617889, 47.3533533], [8.561825, 47.3532889], [8.5618361, 47.3532691], [8.5618543, 47.353239], [8.5618847, 47.3531883], [8.5619358, 47.3531086], [8.5619894, 47.3530292], [8.5620488, 47.3529462], [8.5621118, 47.3528632], [8.5621766, 47.3527815], [8.5622459, 47.3526996], [8.5623121, 47.3526242], [8.5623841, 47.3525451], [8.5627103, 47.35219], [8.5627604, 47.3521348], [8.562762, 47.352133], [8.562822, 47.3520653], [8.5628726, 47.3520072], [8.5629237, 47.3519449], [8.5629704, 47.3518812], [8.5630148, 47.3518166], [8.5630579, 47.3517518], [8.5631189, 47.351656], [8.5631234, 47.3516487], [8.5631445, 47.3516137], [8.5632417, 47.3514539], [8.5633279, 47.3513119], [8.5633357, 47.3512991], [8.5634303, 47.3511424], [8.5635592, 47.350929], [8.5635731, 47.3509062], [8.5636861, 47.3507201], [8.563822, 47.3504961], [8.5638258, 47.3504899], [8.5639894, 47.3502216], [8.5639934, 47.3502151], [8.5640689, 47.3500776], [8.5641279, 47.3500107], [8.5641616, 47.3499736], [8.5642364, 47.3499029], [8.5642632, 47.3498799], [8.5643633, 47.3497937], [8.5643578, 47.3497908], [8.5643644, 47.3497851], [8.56437, 47.349788], [8.5645193, 47.3496595], [8.5645745, 47.349612], [8.5645831, 47.3496047], [8.5647439, 47.3494664], [8.5647872, 47.3493959], [8.5648335, 47.3493181], [8.5650206, 47.3491111], [8.5650488, 47.3490799], [8.5650741, 47.3490518], [8.5650819, 47.3490389], [8.565503, 47.3485723], [8.5655167, 47.3485613], [8.5655705, 47.3485017], [8.5657383, 47.3483158], [8.5657643, 47.348287], [8.5660843, 47.3479328], [8.5660951, 47.3479208], [8.566328, 47.3476627], [8.5664297, 47.34755], [8.566566, 47.3473991], [8.5667699, 47.3471733], [8.5667761, 47.3471664], [8.5668227, 47.3471264], [8.5666584, 47.347057], [8.5658894, 47.3469112], [8.5656437, 47.3468369], [8.565708, 47.3467451], [8.5657013, 47.3467428], [8.5657625, 47.3466593], [8.5652407, 47.346462], [8.5650976, 47.346444], [8.5649676, 47.34658], [8.5648944, 47.3466634], [8.5648773, 47.3467109], [8.5646541, 47.3471008], [8.5645942, 47.3472025], [8.5645398, 47.3472838], [8.5644798, 47.3473633], [8.564414, 47.3474408], [8.5641145, 47.34777], [8.5638149, 47.3480991], [8.5635154, 47.3484283], [8.563191, 47.3487846], [8.5628581, 47.3491505], [8.5625288, 47.3495123], [8.5622001, 47.3498731], [8.5618713, 47.3502347], [8.561542, 47.3505963], [8.5612128, 47.3509575], [8.5608834, 47.3513195], [8.5607758, 47.3514221], [8.5601757, 47.351908], [8.5600382, 47.351961], [8.5595816, 47.3521443], [8.5595072, 47.3522759], [8.559458, 47.3523628], [8.5593137, 47.3524647], [8.559256, 47.3525812], [8.5592579, 47.3525826], [8.5592588, 47.3525833], [8.5592596, 47.352584], [8.5592604, 47.3525847], [8.5592612, 47.3525855], [8.5592619, 47.3525862], [8.5592626, 47.352587], [8.5592632, 47.3525878], [8.5592638, 47.3525886], [8.5592644, 47.3525895], [8.5592649, 47.3525903], [8.5592654, 47.3525912], [8.5592658, 47.3525921], [8.5592661, 47.3525929], [8.5592665, 47.3525938], [8.5592667, 47.3525947], [8.559267, 47.3525956], [8.5592671, 47.3525965], [8.5592674, 47.3525984], [8.5592674, 47.3525993], [8.5592674, 47.3526002], [8.5592673, 47.3526011], [8.5592672, 47.352602], [8.559267, 47.3526029], [8.5592668, 47.3526038], [8.5592666, 47.3526047], [8.5592663, 47.3526056], [8.5592659, 47.3526065], [8.5592655, 47.3526073], [8.5592651, 47.3526082], [8.5592646, 47.3526091], [8.559264, 47.3526099], [8.5592635, 47.3526107], [8.5592628, 47.3526115], [8.5592622, 47.3526123], [8.5592615, 47.3526131], [8.5592002, 47.3526776], [8.5591273, 47.3527546], [8.5590434, 47.3528431], [8.559007, 47.3528806], [8.5587753, 47.3531247], [8.5586547, 47.3532516], [8.5585425, 47.35337], [8.5584315, 47.353487], [8.5583143, 47.3536105], [8.5583127, 47.3536122], [8.5581808, 47.3537511], [8.5580833, 47.3538533], [8.5580231, 47.353917], [8.5580251, 47.3539178], [8.558002, 47.353942], [8.558, 47.3539412], [8.5579982, 47.353943], [8.5578428, 47.3541066], [8.557841, 47.3541084], [8.5578427, 47.3541093], [8.5578197, 47.3541335], [8.5578179, 47.3541327], [8.5577517, 47.3542023], [8.5576415, 47.3543157], [8.5574844, 47.3544811], [8.5573838, 47.3545869], [8.5573035, 47.3546714], [8.5571895, 47.3547917], [8.5571091, 47.3548765], [8.5569631, 47.3550234], [8.5569012, 47.3550887], [8.5568468, 47.355146], [8.5567546, 47.3552427], [8.5566561, 47.3553464], [8.5566314, 47.3553797], [8.5566293, 47.3553819], [8.5566036, 47.3553691], [8.5564922, 47.3554856], [8.5564307, 47.3555498], [8.5563432, 47.3556412], [8.5561377, 47.3558558], [8.5559238, 47.3560467], [8.5557505, 47.3562298], [8.5556087, 47.3563795], [8.5555908, 47.3563983], [8.5552549, 47.3567534], [8.5552318, 47.3567461], [8.5551481, 47.3568657], [8.5550946, 47.3568782], [8.5550365, 47.3569486], [8.5550154, 47.357007], [8.5549194, 47.3571081], [8.5548803, 47.3570908], [8.5547903, 47.3571837], [8.5547932, 47.3571852], [8.5547033, 47.3572788], [8.5546422, 47.3573416], [8.554344, 47.3576509], [8.5542381, 47.3577741], [8.5540369, 47.3580098], [8.5540543, 47.3580175], [8.5540531, 47.3580188], [8.5539387, 47.3581393], [8.5538486, 47.3582859], [8.5538446, 47.3582924], [8.5536762, 47.3584875], [8.5536561, 47.3585108], [8.5534999, 47.3586917], [8.5534693, 47.3587271], [8.5532686, 47.3589601], [8.5531459, 47.3591025], [8.5529768, 47.3592982], [8.5528802, 47.3594101], [8.5527944, 47.3595343], [8.552795, 47.3595355], [8.5527952, 47.359536], [8.5527954, 47.3595366], [8.5527956, 47.3595372], [8.5527957, 47.3595377], [8.5527958, 47.3595383], [8.5527959, 47.3595389], [8.552796, 47.3595395], [8.552796, 47.3595401], [8.552796, 47.3595407], [8.5527959, 47.3595413], [8.5527958, 47.3595418], [8.5527957, 47.3595424], [8.5527956, 47.359543], [8.5527954, 47.3595436], [8.5527952, 47.3595441], [8.552795, 47.3595447], [8.5527947, 47.3595453], [8.5527945, 47.3595458], [8.5527941, 47.3595464], [8.5527938, 47.3595469], [8.5527934, 47.3595474], [8.552793, 47.359548], [8.5527926, 47.3595485], [8.552658, 47.3597075], [8.5525849, 47.3596784], [8.5525631, 47.3597034], [8.5523779, 47.3599158], [8.5524584, 47.3599373], [8.552423, 47.3599765], [8.5523157, 47.3601002], [8.5522284, 47.3602005], [8.5521452, 47.3602965], [8.5520386, 47.3604191], [8.5519214, 47.3605541], [8.5518159, 47.3606757], [8.5517893, 47.360704], [8.5515427, 47.3609902], [8.5514565, 47.3610878], [8.5513564, 47.3612027], [8.551337, 47.3612261], [8.5512803, 47.361209], [8.5511845, 47.361319], [8.5510361, 47.3615043], [8.5509233, 47.3616345], [8.5507895, 47.3617889], [8.5506362, 47.3619659], [8.5504616, 47.3621675], [8.5504201, 47.3622479], [8.5504423, 47.3622712], [8.5503378, 47.3623878], [8.5499711, 47.362804], [8.5496723, 47.3631398], [8.5495113, 47.3631902], [8.5493738, 47.3633492], [8.5492365, 47.363508], [8.5491139, 47.3636496], [8.5489897, 47.3637932], [8.5489687, 47.3638167], [8.5489656, 47.3638203], [8.5488473, 47.3639573], [8.5487542, 47.3640651], [8.548661, 47.364173], [8.5484842, 47.3643777], [8.5483714, 47.3645062], [8.5481611, 47.3647469], [8.5480376, 47.364888], [8.5480358, 47.3648902], [8.5479341, 47.3650066], [8.547802, 47.365013], [8.548036, 47.3652425], [8.5481785, 47.3653808], [8.5482361, 47.3654375], [8.5482688, 47.3654695], [8.5484046, 47.3656019], [8.5484217, 47.365617], [8.5484331, 47.3656273], [8.5486093, 47.3657995], [8.5486156, 47.3658057], [8.5486166, 47.3658052], [8.5488386, 47.3660215], [8.5489964, 47.3660129], [8.5490225, 47.3659869], [8.5490544, 47.3659852], [8.5490556, 47.3659851], [8.5490569, 47.365985], [8.5490581, 47.3659849], [8.5490593, 47.3659847], [8.5490605, 47.3659845], [8.5490617, 47.3659843], [8.5490629, 47.365984], [8.5490641, 47.3659837], [8.5490652, 47.3659834], [8.5490675, 47.3659827], [8.5490687, 47.3659823], [8.5490698, 47.3659818], [8.549071, 47.3659814], [8.5490721, 47.3659809], [8.5490732, 47.3659803], [8.5490742, 47.3659798], [8.5490752, 47.3659792], [8.5490762, 47.3659785], [8.5490781, 47.3659772], [8.5493178, 47.3659476], [8.5493635, 47.3659367], [8.5493615, 47.3659324], [8.5494865, 47.3659019], [8.5494888, 47.365906], [8.5495509, 47.3658906], [8.5495456, 47.3658806], [8.5496527, 47.3658541], [8.5496425, 47.365835], [8.5497159, 47.3658171], [8.5498025, 47.3657955], [8.5498542, 47.3657834], [8.549959, 47.3657619], [8.5500182, 47.3657514], [8.5501379, 47.3657339], [8.5501445, 47.365758], [8.5502086, 47.3657602], [8.5503028, 47.3657371], [8.5503217, 47.3657462], [8.5503637, 47.3657433], [8.5504184, 47.3657313], [8.5504188, 47.3657319], [8.5504495, 47.3657255], [8.5504532, 47.3657332], [8.5504653, 47.3657301], [8.5506592, 47.3657139], [8.5509197, 47.3656914], [8.55092, 47.3656927], [8.5509738, 47.3656876], [8.5509734, 47.3656865], [8.5509983, 47.3656838], [8.5510482, 47.3656781], [8.551073, 47.3656752], [8.5511227, 47.3656691], [8.5511556, 47.3656648], [8.5512212, 47.3656558], [8.5512542, 47.365651], [8.5513201, 47.3656411], [8.5513857, 47.3656296], [8.5515157, 47.3656034], [8.5515801, 47.3655887], [8.5517071, 47.3655562], [8.5517138, 47.3655543], [8.5517133, 47.3655533], [8.5517514, 47.3655425], [8.5518271, 47.3655201], [8.5518647, 47.3655084], [8.5519391, 47.365484], [8.5519639, 47.3654771], [8.5520146, 47.3654653], [8.5520336, 47.3654617], [8.5520722, 47.3654556], [8.5520951, 47.3654527], [8.5521182, 47.3654504], [8.5521413, 47.3654487], [8.5521646, 47.3654475], [8.5522112, 47.3654468], [8.5523295, 47.3653942], [8.5523302, 47.3653948], [8.5523869, 47.3653699], [8.5523862, 47.3653691], [8.5524098, 47.3653588], [8.552421, 47.365354], [8.552444, 47.3653447], [8.5524558, 47.3653403], [8.5524798, 47.365332], [8.5528109, 47.3652234], [8.5528141, 47.3652273], [8.552948, 47.3651837], [8.5532844, 47.3650418], [8.5536232, 47.3648918], [8.5537709, 47.3648068], [8.5538163, 47.3647806], [8.5538728, 47.3648395], [8.553979, 47.3647853], [8.5540784, 47.3647163], [8.5541516, 47.3646531], [8.5542104, 47.3645806]]]]}}, {"type": "Feature", "properties": {"name": "Seefeld"}, "geometry": {"type": "MultiPolygon", "coordinates": [[[[8.5420429, 47.3526779], [8.5538766, 47.3408611], [8.5642621, 47.3460283], [8.5650976, 47.346444], [8.5649676, 47.34658], [8.5648944, 47.3466634], [8.5648773, 47.3467109], [8.5646541, 47.3471008], [8.5645942, 47.3472025], [8.5645398, 47.3472838], [8.5644798, 47.3473633], [8.564414, 47.3474408], [8.5641145, 47.34777], [8.5638149, 47.3480991], [8.5635154, 47.3484283], [8.563191, 47.3487846], [8.5628581, 47.3491505], [8.5625288, 47.3495123], [8.5622001, 47.3498731], [8.5618713, 47.3502347], [8.561542, 47.3505963], [8.5612128, 47.3509575], [8.5608834, 47.3513195], [8.5607758, 47.3514221], [8.5601757, 47.351908], [8.5600382, 47.351961], [8.5595816, 47.3521443], [8.5595072, 47.3522759], [8.559458, 47.3523628], [8.5593137, 47.3524647], [8.559256, 47.3525812], [8.5592579, 47.3525826], [8.5592588, 47.3525833], [8.5592596, 47.352584], [8.5592604, 47.3525847], [8.5592612, 47.3525855], [8.5592619, 47.3525862], [8.5592626, 47.352587], [8.5592632, 47.3525878], [8.5592638, 47.3525886], [8.5592644, 47.3525895], [8.5592649, 47.3525903], [8.5592654, 47.3525912], [8.5592658, 47.3525921], [8.5592661, 47.3525929], [8.5592665, 47.3525938], [8.5592667, 47.3525947], [8.559267, 47.3525956], [8.5592671, 47.3525965], [8.5592674, 47.3525984], [8.5592674, 47.3525993], [8.5592674, 47.3526002], [8.5592673, 47.3526011], [8.5592672, 47.352602], [8.559267, 47.3526029], [8.5592668, 47.3526038], [8.5592666, 47.3526047], [8.5592663, 47.3526056], [8.5592659, 47.3526065], [8.5592655, 47.3526073], [8.5592651, 47.3526082], [8.5592646, 47.3526091], [8.559264, 47.3526099], [8.5592635, 47.3526107], [8.5592628, 47.3526115], [8.5592622, 47.3526123], [8.5592615, 47.3526131], [8.5592002, 47.3526776], [8.5591273, 47.3527546], [8.5590434, 47.3528431], [8.559007, 47.3528806], [8.5587753, 47.3531247], [8.5586547, 47.3532516], [8.5585425, 47.35337], [8.5584315, 47.353487], [8.5583143, 47.3536105], [8.5583127, 47.3536122], [8.5581808, 47.3537511], [8.5580833, 47.3538533], [8.5580231, 47.353917], [8.5580251, 47.3539178], [8.558002, 47.353942], [8.558, 47.3539412], [8.5579982, 47.353943], [8.5578428, 47.3541066], [8.557841, 47.3541084], [8.5578427, 47.3541093], [8.5578197, 47.3541335], [8.5578179, 47.3541327], [8.5577517, 47.3542023], [8.5576415, 47.3543157], [8.5574844, 47.3544811], [8.5573838, 47.3545869], [8.5573035, 47.3546714], [8.5571895, 47.3547917], [8.5571091, 47.3548765], [8.5569631, 47.3550234], [8.5569012, 47.3550887], [8.5568468, 47.355146], [8.5567546, 47.3552427], [8.5566561, 47.3553464], [8.5566314, 47.3553797], [8.5566293, 47.3553819], [8.5566036, 47.3553691], [8.5564922, 47.3554856], [8.5564307, 47.3555498], [8.5563432, 47.3556412], [8.5561377, 47.3558558], [8.5559238, 47.3560467], [8.5557505, 47.3562298], [8.5556087, 47.3563795], [8.5555908, 47.3563983], [8.5552549, 47.3567534], [8.5552318, 47.3567461], [8.5551481, 47.3568657], [8.5550946, 47.3568782], [8.5550365, 47.3569486], [8.5550154, 47.357007], [8.5549194, 47.3571081], [8.5548803, 47.3570908], [8.5547903, 47.3571837], [8.5547932, 47.3571852], [8.5547033, 47.3572788], [8.5546422, 47.3573416], [8.554344, 47.3576509], [8.5542381, 47.3577741], [8.5540369, 47.3580098], [8.5540543, 47.3580175], [8.5540531, 47.3580188], [8.5539387, 47.3581393], [8.5538486, 47.3582859], [8.5538446, 47.3582924], [8.5536762, 47.3584875], [8.5536561, 47.3585108], [8.5534999, 47.3586917], [8.5534693, 47.3587271], [8.5532686, 47.3589601], [8.5531459, 47.3591025], [8.5529768, 47.3592982], [8.5528802, 47.3594101], [8.5527944, 47.3595343], [8.552795, 47.3595355], [8.5527952, 47.359536], [8.5527954, 47.3595366], [8.5527956, 47.3595372], [8.5527957, 47.3595377], [8.5527958, 47.3595383], [8.5527959, 47.3595389], [8.552796, 47.3595395], [8.552796, 47.3595401], [8.552796, 47.3595407], [8.5527959, 47.3595413], [8.5527958, 47.3595418], [8.5527957, 47.3595424], [8.5527956, 47.359543], [8.5527954, 47.3595436], [8.5527952, 47.3595441], [8.552795, 47.3595447], [8.5527947, 47.3595453], [8.5527945, 47.3595458], [8.5527941, 47.3595464], [8.5527938, 47.3595469], [8.5527934, 47.3595474], [8.552793, 47.359548], [8.5527926, 47.3595485], [8.552658, 47.3597075], [8.5525849, 47.3596784], [8.5525631, 47.3597034], [8.5523779, 47.3599158], [8.5524584, 47.3599373], [8.552423, 47.3599765], [8.5523157, 47.3601002], [8.5522284, 47.3602005], [8.5521452, 47.3602965], [8.5520386, 47.3604191], [8.5519214, 47.3605541], [8.5518159, 47.3606757], [8.5517893, 47.360704], [8.5515427, 47.3609902], [8.5514565, 47.3610878], [8.5513564, 47.3612027], [8.551337, 47.3612261], [8.5512803, 47.361209], [8.5511845, 47.361319], [8.5510361, 47.3615043], [8.5509233, 47.3616345], [8.5507895, 47.3617889], [8.5506362, 47.3619659], [8.5504616, 47.3621675], [8.5504201, 47.3622479], [8.5504423, 47.3622712], [8.5503378, 47.3623878], [8.5499711, 47.362804], [8.5496723, 47.3631398], [8.5495113, 47.3631902], [8.5493738, 47.3633492], [8.5492365, 47.363508], [8.5491139, 47.3636496], [8.5489897, 47.3637932], [8.5489687, 47.3638167], [8.5489656, 47.3638203], [8.5488473, 47.3639573], [8.5487542, 47.3640651], [8.548661, 47.364173], [8.5484842, 47.3643777], [8.5483714, 47.3645062], [8.5481611, 47.3647469], [8.5480376, 47.364888], [8.5480358, 47.3648902], [8.5479341, 47.3650066], [8.547802, 47.365013], [8.5476064, 47.3648232], [8.5474132, 47.3646357], [8.5474124, 47.364635], [8.5474112, 47.3646355], [8.5473544, 47.3645802], [8.546948, 47.3644236], [8.5468557, 47.3643985], [8.5466252, 47.3643359], [8.5463423, 47.364259], [8.5461763, 47.3642146], [8.5461103, 47.3642159], [8.5458463, 47.3642211], [8.545808, 47.3642106], [8.5454026, 47.3641], [8.5421275, 47.3632061], [8.5420429, 47.3526779]]]]}}, {"type": "Feature", "properties": {"name": "Weinegg"}, "geometry": {"type": "MultiPolygon", "coordinates": [[[[8.5542104, 47.3645806], [8.5542222, 47.3645583], [8.554225, 47.3645529], [8.5542439, 47.3645172], [8.5543033, 47.3643998], [8.5543229, 47.3642181], [8.5544092, 47.3640528], [8.5544624, 47.3640656], [8.5545036, 47.3639837], [8.5545016, 47.3639832], [8.5545473, 47.3638957], [8.5545426, 47.3638945], [8.554562, 47.3638562], [8.5545776, 47.3638158], [8.554599, 47.3637231], [8.5546244, 47.3636138], [8.5546314, 47.3635838], [8.5548336, 47.3634043], [8.5549017, 47.3632729], [8.5550031, 47.3630774], [8.5550496, 47.3629967], [8.5551298, 47.3628342], [8.5551437, 47.3628368], [8.5553356, 47.3624745], [8.5553684, 47.362417], [8.555403, 47.3623601], [8.5554402, 47.3623039], [8.5554793, 47.3622483], [8.5555209, 47.3621936], [8.5555642, 47.3621395], [8.5556104, 47.3620866], [8.5556583, 47.3620345], [8.5557087, 47.3619832], [8.555761, 47.3619327], [8.5558149, 47.3618833], [8.5559254, 47.3617856], [8.5559315, 47.36178], [8.5559934, 47.3617242], [8.5562125, 47.3615299], [8.5562794, 47.3614605], [8.5564302, 47.3613297], [8.5564855, 47.3612799], [8.5565393, 47.361229], [8.5565905, 47.3611771], [8.5566027, 47.3611639], [8.5566394, 47.3611241], [8.5566858, 47.3610705], [8.5567301, 47.3610165], [8.5567729, 47.3609616], [8.5568123, 47.3609057], [8.5568532, 47.3608426], [8.5568909, 47.3607791], [8.5569228, 47.360722], [8.5569522, 47.3606645], [8.5569841, 47.360593], [8.557014, 47.3605216], [8.5571345, 47.3602159], [8.5571684, 47.3601302], [8.5572355, 47.3599605], [8.5572597, 47.3599069], [8.5572883, 47.3598545], [8.5573246, 47.3598041], [8.5573661, 47.3597558], [8.5574143, 47.3597103], [8.5574454, 47.3596852], [8.5573886, 47.3596691], [8.5574275, 47.3596326], [8.5575777, 47.3595177], [8.5577906, 47.3593196], [8.5578615, 47.3592415], [8.5578988, 47.3592004], [8.557907, 47.3591914], [8.5579162, 47.3591943], [8.5579597, 47.3591456], [8.5580051, 47.359112], [8.5583495, 47.3587344], [8.5586478, 47.3584059], [8.558805, 47.3582331], [8.5588973, 47.3581316], [8.5590861, 47.3579237], [8.5591682, 47.3578294], [8.5592468, 47.3577315], [8.5594475, 47.3574758], [8.5596884, 47.3571693], [8.5597747, 47.357066], [8.5598393, 47.3569945], [8.5599065, 47.3569242], [8.5600032, 47.356829], [8.5601609, 47.3566798], [8.5604159, 47.3564385], [8.5604627, 47.3563943], [8.5607441, 47.3561278], [8.5609223, 47.3559591], [8.5609239, 47.3559576], [8.5609255, 47.355956], [8.5609269, 47.3559543], [8.5609283, 47.3559527], [8.5609295, 47.355951], [8.5609307, 47.3559492], [8.5609318, 47.3559475], [8.5609328, 47.3559457], [8.5609337, 47.3559439], [8.5609345, 47.3559421], [8.5609352, 47.3559402], [8.5609359, 47.3559384], [8.5609364, 47.3559365], [8.5609368, 47.3559346], [8.5609371, 47.3559327], [8.5609373, 47.3559308], [8.5609375, 47.3559289], [8.5609375, 47.355927], [8.5609374, 47.3559251], [8.5609372, 47.3559232], [8.560937, 47.3559213], [8.5609366, 47.3559194], [8.5609356, 47.3559156], [8.5610286, 47.3557964], [8.561048, 47.3557855], [8.5610565, 47.3557756], [8.5610726, 47.3557555], [8.5610803, 47.3557454], [8.5610946, 47.3557248], [8.5611534, 47.3556365], [8.5611623, 47.3556229], [8.5611798, 47.3555954], [8.5611884, 47.3555818], [8.5612051, 47.3555546], [8.561197, 47.355552], [8.5612342, 47.3554922], [8.5612532, 47.35546], [8.5612703, 47.3554273], [8.5612856, 47.3553943], [8.5613104, 47.355327], [8.561318, 47.3553006], [8.5613296, 47.3552474], [8.5613418, 47.3552364], [8.5613501, 47.3551965], [8.5613614, 47.3551163], [8.5613642, 47.355076], [8.5613644, 47.3549953], [8.56136, 47.3549005], [8.5613586, 47.3548554], [8.5613587, 47.3547652], [8.5613602, 47.3547201], [8.5613661, 47.3546299], [8.5613691, 47.3545966], [8.5613761, 47.3545298], [8.5613842, 47.3544657], [8.5614043, 47.3543378], [8.5614102, 47.3543053], [8.5614231, 47.3542403], [8.5614372, 47.354176], [8.5614694, 47.3540477], [8.5616025, 47.3537135], [8.56163, 47.3536904], [8.5616356, 47.3536771], [8.5616651, 47.3536064], [8.5617033, 47.3535235], [8.5617185, 47.3534923], [8.5617449, 47.3534383], [8.5617889, 47.3533533], [8.561825, 47.3532889], [8.5618361, 47.3532691], [8.5618543, 47.353239], [8.5618847, 47.3531883], [8.5619358, 47.3531086], [8.5619894, 47.3530292], [8.5620488, 47.3529462], [8.5621118, 47.3528632], [8.5621766, 47.3527815], [8.5622459, 47.3526996], [8.5623121, 47.3526242], [8.5623841, 47.3525451], [8.5627103, 47.35219], [8.5627604, 47.3521348], [8.562762, 47.352133], [8.562822, 47.3520653], [8.5628726, 47.3520072], [8.5629237, 47.3519449], [8.5629704, 47.3518812], [8.5630148, 47.3518166], [8.5630579, 47.3517518], [8.5631189, 47.351656], [8.5631234, 47.3516487], [8.5631445, 47.3516137], [8.5632417, 47.3514539], [8.5633279, 47.3513119], [8.5633357, 47.3512991], [8.5634303, 47.3511424], [8.5635592, 47.350929], [8.5635731, 47.3509062], [8.5636861, 47.3507201], [8.563822, 47.3504961], [8.5638258, 47.3504899], [8.5639894, 47.3502216], [8.5639934, 47.3502151], [8.5640689, 47.3500776], [8.5641279, 47.3500107], [8.5641616, 47.3499736], [8.5642364, 47.3499029], [8.5642632, 47.3498799], [8.5643633, 47.3497937], [8.5643578, 47.3497908], [8.5643644, 47.3497851], [8.56437, 47.349788], [8.5645193, 47.3496595], [8.5645745, 47.349612], [8.5645831, 47.3496047], [8.5647439, 47.3494664], [8.5647872, 47.3493959], [8.5648335, 47.3493181], [8.5650206, 47.3491111], [8.5650488, 47.3490799], [8.5650741, 47.3490518], [8.5650819, 47.3490389], [8.565503, 47.3485723], [8.5655167, 47.3485613], [8.5655705, 47.3485017], [8.5657383, 47.3483158], [8.5657643, 47.348287], [8.5660843, 47.3479328], [8.5660951, 47.3479208], [8.566328, 47.3476627], [8.5664297, 47.34755], [8.566566, 47.3473991], [8.5667699, 47.3471733], [8.5667761, 47.3471664], [8.5668227, 47.3471264], [8.5670489, 47.3468805], [8.5671541, 47.3469302], [8.5673641, 47.3467267], [8.5674218, 47.3467341], [8.5696926, 47.3475955], [8.5703022, 47.3467198], [8.5717102, 47.3471141], [8.5716442, 47.3472738], [8.5716894, 47.3472644], [8.5720512, 47.3473466], [8.572097, 47.3473398], [8.5722067, 47.347364], [8.5721522, 47.3474393], [8.5730108, 47.347647], [8.5730964, 47.3475126], [8.5732296, 47.3475553], [8.5736765, 47.3476628], [8.576262, 47.3483837], [8.5768951, 47.3485898], [8.576867, 47.3487783], [8.5778727, 47.3486518], [8.5782803, 47.3488801], [8.5785227, 47.3487281], [8.578694, 47.3488562], [8.5787549, 47.348851], [8.5787498, 47.3488683], [8.5788379, 47.3488637], [8.578875, 47.3488542], [8.5792064, 47.3490334], [8.5824694, 47.3506148], [8.5822941, 47.3509015], [8.5822177, 47.3510063], [8.5824891, 47.3509979], [8.5828761, 47.3509636], [8.5830078, 47.3509454], [8.5831383, 47.3509227], [8.5833613, 47.3508694], [8.5834876, 47.3510403], [8.5836577, 47.3509815], [8.5839961, 47.3508434], [8.5840663, 47.3509357], [8.5842319, 47.351128], [8.5843889, 47.3511578], [8.5841789, 47.3512919], [8.584217, 47.3512929], [8.5843791, 47.351329], [8.5846333, 47.3514126], [8.5845977, 47.3514517], [8.5847792, 47.3515213], [8.5849298, 47.3516783], [8.5850618, 47.3517457], [8.5851843, 47.351912], [8.5853095, 47.3520119], [8.5854931, 47.3521233], [8.5859173, 47.3523054], [8.5860578, 47.3524748], [8.5861085, 47.352599], [8.5862857, 47.3528503], [8.5861795, 47.3528742], [8.5860145, 47.3528612], [8.5859185, 47.3528297], [8.5858609, 47.3527041], [8.5858018, 47.3526104], [8.58563, 47.3524801], [8.5855031, 47.3524928], [8.5853239, 47.3525406], [8.5851716, 47.3526523], [8.5849584, 47.3527631], [8.5848307, 47.352767], [8.5847763, 47.3527971], [8.5847744, 47.3528326], [8.5847118, 47.3528637], [8.584644, 47.352907], [8.5845749, 47.352929], [8.5844946, 47.3529458], [8.5842575, 47.3529102], [8.5841572, 47.3528682], [8.5841307, 47.3528366], [8.5840094, 47.3527663], [8.583868, 47.3526396], [8.5836861, 47.3525969], [8.5836368, 47.3525854], [8.5835654, 47.3525967], [8.5833719, 47.3526475], [8.5833194, 47.3526945], [8.583278, 47.3527429], [8.583181, 47.352798], [8.5830614, 47.3528186], [8.5828546, 47.3528263], [8.5828331, 47.352835], [8.582764, 47.3528841], [8.5827245, 47.3530003], [8.5826669, 47.3531224], [8.5826408, 47.3532192], [8.5825648, 47.3532861], [8.5825488, 47.3533003], [8.5825431, 47.3533423], [8.582367, 47.3533991], [8.5822929, 47.3534212], [8.5819924, 47.3534362], [8.5819057, 47.3534559], [8.5818075, 47.3534525], [8.5816739, 47.3535788], [8.5816577, 47.3536634], [8.5816212, 47.3537667], [8.5815069, 47.3537875], [8.5812454, 47.3536613], [8.5811354, 47.3536048], [8.5809847, 47.3534862], [8.5808796, 47.3534042], [8.580879, 47.3533982], [8.5808257, 47.3533902], [8.5807741, 47.3534015], [8.5806797, 47.3534604], [8.5806467, 47.3534894], [8.5805697, 47.3535063], [8.5804776, 47.3535896], [8.58034, 47.3536381], [8.5802193, 47.3536587], [8.5801403, 47.3536547], [8.580032, 47.3536251], [8.5799242, 47.3536043], [8.5798287, 47.3535949], [8.5797158, 47.3535913], [8.5796629, 47.3535934], [8.5795443, 47.3536115], [8.5794612, 47.3536768], [8.5794331, 47.353737], [8.5794331, 47.3537397], [8.5794332, 47.353798], [8.5794715, 47.3538544], [8.5795143, 47.3539281], [8.5794651, 47.3540205], [8.5793787, 47.3541064], [8.5791738, 47.3542336], [8.5790621, 47.3542718], [8.5789603, 47.3543004], [8.5786129, 47.3543484], [8.5784631, 47.3543756], [8.5782552, 47.3544094], [8.5781647, 47.3544501], [8.5780817, 47.3545172], [8.5780743, 47.3545679], [8.5781102, 47.3546381], [8.5781505, 47.3547492], [8.5780883, 47.354825], [8.5780036, 47.35489], [8.5779339, 47.3549023], [8.5777043, 47.3548799], [8.5775877, 47.3548499], [8.57742, 47.3548214], [8.5773287, 47.3548452], [8.5772507, 47.3548978], [8.5771866, 47.3549661], [8.577162, 47.354982], [8.5768916, 47.3550525], [8.5767322, 47.3550412], [8.5764649, 47.3549345], [8.5763652, 47.3549147], [8.5762861, 47.3549288], [8.5762551, 47.3549556], [8.5762411, 47.354976], [8.5762, 47.3550485], [8.5760961, 47.3553022], [8.576045, 47.3552818], [8.5760308, 47.3553401], [8.5760524, 47.3553534], [8.5759914, 47.3554152], [8.5759084, 47.3554515], [8.5758077, 47.3554694], [8.5756499, 47.3554718], [8.5756199, 47.355471], [8.5755717, 47.35547], [8.575538, 47.3554646], [8.5754294, 47.3554589], [8.5753511, 47.3554637], [8.5752952, 47.3554806], [8.5752554, 47.3555], [8.5752364, 47.3555121], [8.5751699, 47.3555507], [8.5751167, 47.3556232], [8.5750808, 47.3556978], [8.575076, 47.3557077], [8.5750588, 47.3557684], [8.5750382, 47.3558597], [8.5750441, 47.3559802], [8.575085, 47.3560738], [8.57511, 47.3561382], [8.5751206, 47.3561885], [8.5751186, 47.3562179], [8.5751127, 47.3562431], [8.5751109, 47.3562556], [8.5751052, 47.3562665], [8.5750836, 47.3563068], [8.5750589, 47.3563339], [8.5750266, 47.3563742], [8.5749621, 47.3564255], [8.5749062, 47.3564613], [8.5748342, 47.3564921], [8.5747292, 47.3565184], [8.5746707, 47.3565434], [8.5745973, 47.3565843], [8.5745458, 47.3566392], [8.574527, 47.3566906], [8.5745249, 47.3567015], [8.5745006, 47.3568957], [8.5744912, 47.3569257], [8.5744817, 47.3569391], [8.57443, 47.3569932], [8.574212, 47.3571121], [8.5740566, 47.357176], [8.5739762, 47.3572176], [8.5739162, 47.3572484], [8.5738088, 47.3573036], [8.5736398, 47.3573755], [8.5735194, 47.3574339], [8.5734816, 47.3574504], [8.573483, 47.3574514], [8.573356, 47.3575179], [8.5731928, 47.3576039], [8.5731317, 47.3576399], [8.5729403, 47.3577624], [8.5729117, 47.3577874], [8.5728793, 47.357829], [8.5728551, 47.3578686], [8.5728294, 47.3579269], [8.5728046, 47.3579638], [8.5727929, 47.3579797], [8.5727942, 47.3579801], [8.5727784, 47.3579939], [8.5727257, 47.358037], [8.5727115, 47.3580428], [8.5726537, 47.358058], [8.5725913, 47.3580692], [8.572531, 47.3580749], [8.5723373, 47.3580712], [8.5722416, 47.3580678], [8.5721466, 47.3580577], [8.5720476, 47.3580487], [8.5719667, 47.3580486], [8.5716338, 47.3580198], [8.5714255, 47.3579984], [8.5714123, 47.3579971], [8.5711031, 47.3579764], [8.5709483, 47.3579741], [8.5708456, 47.357993], [8.5707879, 47.3579949], [8.570619, 47.3579834], [8.5704762, 47.3579604], [8.5704036, 47.3579346], [8.5702031, 47.3578744], [8.5701189, 47.3578533], [8.5701059, 47.35785], [8.5700126, 47.3578361], [8.569959, 47.3578338], [8.5699096, 47.3578386], [8.5698085, 47.357859], [8.5697375, 47.3578937], [8.5696712, 47.3579547], [8.5696264, 47.3580416], [8.5696325, 47.3581171], [8.5696482, 47.3581551], [8.5697063, 47.3582618], [8.5697312, 47.3583268], [8.5697296, 47.3583979], [8.5697084, 47.3584602], [8.5696589, 47.3585402], [8.569585, 47.3586132], [8.5695078, 47.3586676], [8.5694047, 47.3587144], [8.5693149, 47.3587423], [8.5692504, 47.3587524], [8.5691497, 47.3587694], [8.5689493, 47.3588006], [8.5687176, 47.3588414], [8.5686941, 47.3588382], [8.568686, 47.3588448], [8.5684274, 47.3589191], [8.5683251, 47.3589566], [8.5681201, 47.3589902], [8.5679264, 47.3589567], [8.5678051, 47.3589218], [8.5676623, 47.3588603], [8.5674767, 47.3587706], [8.5673937, 47.3587479], [8.5672997, 47.3587346], [8.5672074, 47.358733], [8.5671208, 47.3587446], [8.5670363, 47.3587786], [8.5669575, 47.3588194], [8.5668863, 47.3588737], [8.5667553, 47.3590106], [8.5666293, 47.3591163], [8.5664598, 47.3592308], [8.5662705, 47.3593334], [8.5662182, 47.3593678], [8.5661235, 47.3594361], [8.566122, 47.3594371], [8.5660316, 47.3595013], [8.5659844, 47.3595406], [8.5659502, 47.3595691], [8.5659423, 47.3595737], [8.5658617, 47.3596024], [8.5657931, 47.3596192], [8.5656983, 47.3596329], [8.565672, 47.3596331], [8.5655616, 47.3596006], [8.5654067, 47.3595561], [8.5653224, 47.3595389], [8.5652788, 47.3595317], [8.5652554, 47.359524], [8.5652167, 47.3595143], [8.5651967, 47.3595109], [8.5651532, 47.3595056], [8.5651486, 47.3595056], [8.5651013, 47.3595065], [8.565087, 47.3595057], [8.5649986, 47.3594999], [8.5648291, 47.359485], [8.5647199, 47.3594861], [8.5646941, 47.3594747], [8.5646245, 47.3594797], [8.5644278, 47.3594732], [8.5642409, 47.3595135], [8.5641388, 47.3595193], [8.5640921, 47.3595327], [8.5638723, 47.3595521], [8.5638112, 47.359535], [8.5637993, 47.3595273], [8.5637536, 47.3594981], [8.5636767, 47.3594894], [8.5635699, 47.3594922], [8.5634851, 47.3594774], [8.5633288, 47.3594615], [8.5631536, 47.3594578], [8.5630459, 47.3594601], [8.5629767, 47.359471], [8.5629592, 47.3594813], [8.5629199, 47.3594901], [8.5628259, 47.3595343], [8.5628049, 47.3595477], [8.5627198, 47.3595883], [8.562653, 47.3596265], [8.5626466, 47.3596295], [8.5626162, 47.359644], [8.5625656, 47.359677], [8.562542, 47.3597007], [8.5624159, 47.3597874], [8.5623607, 47.3598303], [8.562268, 47.3598984], [8.5622349, 47.359917], [8.5622175, 47.3599256], [8.5621997, 47.3599337], [8.5621814, 47.3599414], [8.5621627, 47.3599485], [8.562124, 47.3599614], [8.562104, 47.3599671], [8.5620838, 47.3599722], [8.5620633, 47.3599767], [8.5620425, 47.3599807], [8.5619222, 47.3600025], [8.5619144, 47.3600097], [8.5618436, 47.3600206], [8.5618307, 47.3600242], [8.5617987, 47.3600248], [8.5617664, 47.3600721], [8.5616812, 47.3600727], [8.5616749, 47.3600728], [8.5616665, 47.3600712], [8.5616462, 47.3600621], [8.5616282, 47.3600541], [8.5616249, 47.36006], [8.5616133, 47.3600811], [8.56159, 47.3601233], [8.5614923, 47.3602062], [8.5614031, 47.3602768], [8.5612709, 47.3603851], [8.5610476, 47.3605672], [8.5610192, 47.3606202], [8.5609757, 47.3607012], [8.5608258, 47.3609802], [8.5606205, 47.361363], [8.5606128, 47.3613773], [8.5605363, 47.3615201], [8.560533, 47.3615262], [8.5604855, 47.3616147], [8.5604819, 47.3616205], [8.5604799, 47.3616234], [8.5604778, 47.3616262], [8.5604755, 47.361629], [8.560473, 47.3616317], [8.5604678, 47.361637], [8.560465, 47.3616395], [8.5604621, 47.361642], [8.560459, 47.3616444], [8.5604558, 47.3616468], [8.5603985, 47.3616864], [8.5603958, 47.3616883], [8.5603943, 47.3616892], [8.5603928, 47.36169], [8.5603913, 47.3616908], [8.5603897, 47.3616916], [8.5603881, 47.3616924], [8.5603864, 47.3616931], [8.5603847, 47.3616937], [8.560383, 47.3616943], [8.5603812, 47.3616949], [8.5603794, 47.3616954], [8.5603776, 47.3616959], [8.5603757, 47.3616963], [8.5603721, 47.3616971], [8.5603702, 47.3616975], [8.5603683, 47.3616978], [8.5603664, 47.361698], [8.5603645, 47.3616982], [8.5603625, 47.3616983], [8.5603606, 47.3616984], [8.5603587, 47.3616985], [8.5603567, 47.3616985], [8.5603548, 47.3616984], [8.5603529, 47.3616983], [8.5603509, 47.3616982], [8.560349, 47.361698], [8.5601581, 47.3617799], [8.5603818, 47.3620165], [8.5603672, 47.3620134], [8.5603599, 47.3620121], [8.5603524, 47.3620109], [8.560345, 47.36201], [8.5603374, 47.3620092], [8.5603299, 47.3620086], [8.5603223, 47.3620082], [8.5603146, 47.362008], [8.560307, 47.362008], [8.5602994, 47.3620082], [8.5602819, 47.3620096], [8.5602732, 47.3620105], [8.5602558, 47.3620127], [8.5602471, 47.362014], [8.5600714, 47.3620461], [8.5599852, 47.3620657], [8.5598169, 47.3621123], [8.559735, 47.362139], [8.5596769, 47.3621595], [8.5596482, 47.3621702], [8.5595479, 47.3622106], [8.559499, 47.3622321], [8.5593489, 47.3623013], [8.5592746, 47.3623366], [8.5591277, 47.3624087], [8.559055, 47.3624454], [8.5589109, 47.3625202], [8.5588397, 47.3625583], [8.5587374, 47.3626142], [8.5586867, 47.3626425], [8.5585556, 47.3627171], [8.5585029, 47.3627483], [8.5583334, 47.3628511], [8.5582591, 47.3628976], [8.5582222, 47.362921], [8.5580926, 47.3630054], [8.5580287, 47.3630482], [8.5579936, 47.3630722], [8.5578405, 47.3631804], [8.5576526, 47.3633132], [8.5574627, 47.363449], [8.5572992, 47.3635658], [8.5572476, 47.3636028], [8.5570371, 47.3637532], [8.5570252, 47.3637454], [8.557024, 47.3637453], [8.5570235, 47.3637452], [8.5570229, 47.3637452], [8.5570223, 47.3637452], [8.5570217, 47.3637452], [8.5570211, 47.3637452], [8.5570205, 47.3637452], [8.55702, 47.3637453], [8.5570194, 47.3637454], [8.5570188, 47.3637454], [8.5570182, 47.3637455], [8.5570177, 47.3637456], [8.5570171, 47.3637457], [8.5570166, 47.3637459], [8.557016, 47.363746], [8.5570155, 47.3637462], [8.5570149, 47.3637464], [8.5570144, 47.3637465], [8.5570139, 47.3637467], [8.5570134, 47.3637469], [8.5570129, 47.3637472], [8.5570124, 47.3637474], [8.557012, 47.3637476], [8.5570115, 47.3637479], [8.5570111, 47.3637482], [8.5570107, 47.3637484], [8.5569891, 47.3637641], [8.556969, 47.3637512], [8.5568601, 47.3638289], [8.5568782, 47.3638404], [8.5568742, 47.3638434], [8.5567623, 47.363923], [8.5567437, 47.3639114], [8.5566478, 47.3639797], [8.556658, 47.364016], [8.5567052, 47.3640302], [8.5566935, 47.364048], [8.5566921, 47.3640501], [8.5566915, 47.3640512], [8.556691, 47.3640522], [8.5566905, 47.3640533], [8.5566901, 47.3640544], [8.5566893, 47.3640545], [8.5566055, 47.3641615], [8.5563868, 47.3641987], [8.5563832, 47.3641966], [8.5563813, 47.3641957], [8.5563793, 47.3641947], [8.5563773, 47.3641939], [8.5563753, 47.3641931], [8.5563732, 47.3641923], [8.5563711, 47.3641916], [8.5563689, 47.3641909], [8.5563667, 47.3641903], [8.5563645, 47.3641897], [8.5563623, 47.3641892], [8.55636, 47.3641888], [8.5563577, 47.3641884], [8.5563554, 47.364188], [8.556353, 47.3641877], [8.5563507, 47.3641875], [8.5563483, 47.3641873], [8.556346, 47.3641872], [8.5563436, 47.3641872], [8.5563412, 47.3641872], [8.5563389, 47.3641872], [8.5563365, 47.3641874], [8.5563341, 47.3641875], [8.5563318, 47.3641878], [8.5563295, 47.3641881], [8.5563271, 47.3641884], [8.5563248, 47.3641888], [8.5563226, 47.3641893], [8.5563203, 47.3641898], [8.5563181, 47.3641903], [8.5561289, 47.3642412], [8.5559931, 47.3642775], [8.5557649, 47.3643388], [8.5554394, 47.3644264], [8.5554351, 47.3644276], [8.555433, 47.3644284], [8.555431, 47.3644291], [8.5554289, 47.3644299], [8.555427, 47.3644308], [8.555425, 47.3644317], [8.5554232, 47.3644327], [8.5554213, 47.3644337], [8.5554196, 47.3644347], [8.5554179, 47.3644358], [8.5554162, 47.3644369], [8.5554146, 47.3644381], [8.5554131, 47.3644393], [8.5554116, 47.3644405], [8.5554102, 47.3644418], [8.5554088, 47.3644431], [8.5554076, 47.3644444], [8.5554064, 47.3644458], [8.5554052, 47.3644472], [8.5554042, 47.3644486], [8.5554032, 47.3644501], [8.5554023, 47.3644515], [8.5554015, 47.364453], [8.5554007, 47.3644545], [8.5554, 47.3644561], [8.5553994, 47.3644576], [8.5553989, 47.3644592], [8.5553985, 47.3644607], [8.5553264, 47.3645659], [8.5551025, 47.3646599], [8.554976, 47.364713], [8.5548444, 47.3647683], [8.5544621, 47.3646382], [8.5544499, 47.3646344], [8.5542104, 47.3645806]]]]}}, {"type": "Feature", "properties": {"name": "Albisrieden"}, "geometry": {"type": "MultiPolygon", "coordinates": [[[[8.5017628, 47.3799589], [8.5016432, 47.3800392], [8.5016642, 47.3800772], [8.5016661, 47.3800786], [8.501668, 47.3800801], [8.5016698, 47.3800816], [8.5016715, 47.3800831], [8.5016732, 47.3800846], [8.5016747, 47.3800862], [8.5016762, 47.3800879], [8.5016776, 47.3800896], [8.5016789, 47.3800913], [8.5016801, 47.380093], [8.5016812, 47.3800948], [8.5016822, 47.3800966], [8.5016832, 47.3800984], [8.501684, 47.3801002], [8.5016847, 47.3801021], [8.5016854, 47.3801039], [8.5016859, 47.3801058], [8.5016864, 47.3801077], [8.5016867, 47.3801096], [8.5016869, 47.3801115], [8.5016871, 47.3801134], [8.5016871, 47.3801154], [8.5016871, 47.3801173], [8.5016866, 47.3801211], [8.5016863, 47.380123], [8.5016858, 47.3801249], [8.5016852, 47.3801268], [8.5016846, 47.3801287], [8.5016838, 47.3801305], [8.5016829, 47.3801323], [8.501682, 47.3801341], [8.5016809, 47.3801359], [8.5016798, 47.3801377], [8.5016785, 47.3801394], [8.5016772, 47.3801411], [8.5016758, 47.3801428], [8.5016743, 47.3801444], [8.5016727, 47.380146], [8.501671, 47.3801475], [8.5016693, 47.3801491], [8.5016675, 47.3801505], [8.5016656, 47.3801519], [8.5016636, 47.3801533], [8.5016615, 47.3801546], [8.5016594, 47.3801559], [8.5016573, 47.3801571], [8.501655, 47.3801583], [8.5016503, 47.3801605], [8.5015678, 47.3801961], [8.5011081, 47.3803941], [8.5008965, 47.3804852], [8.5008349, 47.3804416], [8.5007501, 47.3803814], [8.5007014, 47.3803468], [8.5006541, 47.3803132], [8.5006064, 47.3802793], [8.5005113, 47.3802117], [8.5004115, 47.3801409], [8.5003642, 47.3801072], [8.5003161, 47.3800731], [8.5002859, 47.3800516], [8.5002688, 47.3800388], [8.5002224, 47.3800043], [8.5001181, 47.3799264], [8.4998759, 47.3800996], [8.4997755, 47.3801626], [8.4995468, 47.380272], [8.4994719, 47.3803078], [8.4994012, 47.3803465], [8.4992551, 47.3804261], [8.4991016, 47.38051], [8.4990445, 47.3805447], [8.4989638, 47.3805939], [8.4988461, 47.3806655], [8.49882, 47.3806815], [8.4987624, 47.3807165], [8.4987035, 47.3807524], [8.4986433, 47.3807939], [8.498527, 47.3808741], [8.4984489, 47.3809281], [8.4983356, 47.3810062], [8.4981538, 47.3811316], [8.4980488, 47.381227], [8.4980568, 47.3812333], [8.4978992, 47.3813285], [8.4978892, 47.3813344], [8.4979195, 47.3813579], [8.4982237, 47.3815938], [8.4983046, 47.3816548], [8.4983219, 47.3816696], [8.4983838, 47.3817177], [8.4982479, 47.3817761], [8.4982001, 47.3817966], [8.4974792, 47.3821073], [8.4970844, 47.3822774], [8.4967894, 47.3824045], [8.4963942, 47.3825748], [8.4960945, 47.382704], [8.4960271, 47.382733], [8.4960065, 47.3827419], [8.4959094, 47.3827836], [8.4958383, 47.3827103], [8.4957709, 47.3826406], [8.495376, 47.3822332], [8.4949975, 47.3818425], [8.4947305, 47.3815672], [8.4944966, 47.3816747], [8.4941089, 47.3818856], [8.4939592, 47.3817151], [8.4938889, 47.3816653], [8.4934373, 47.3819107], [8.4929673, 47.3821663], [8.4928945, 47.3821678], [8.4927761, 47.3822321], [8.4926442, 47.3821909], [8.4925092, 47.3822501], [8.4924255, 47.3821616], [8.492223, 47.3819476], [8.4920596, 47.381775], [8.4920046, 47.3817169], [8.4918203, 47.3815225], [8.4916595, 47.3813527], [8.4914929, 47.381322], [8.491222, 47.3814284], [8.4911284, 47.3814648], [8.4909399, 47.3815361], [8.4908765, 47.3815594], [8.4907493, 47.3816054], [8.4905894, 47.3816615], [8.4902665, 47.3817694], [8.4901373, 47.3818106], [8.489877, 47.38189], [8.4898487, 47.3818984], [8.489792, 47.3819151], [8.4897743, 47.3819202], [8.4896083, 47.3819674], [8.4892737, 47.3820572], [8.4889045, 47.3821524], [8.4885454, 47.382245], [8.4883321, 47.3823], [8.4878504, 47.3824242], [8.4876633, 47.3824725], [8.4869272, 47.3826624], [8.4868355, 47.3824986], [8.4867223, 47.3822961], [8.4862843, 47.3820814], [8.4864259, 47.382021], [8.486612, 47.3819438], [8.4865839, 47.3819133], [8.4865794, 47.3819151], [8.4865728, 47.3819074], [8.4863801, 47.3816806], [8.4861166, 47.3816834], [8.4859716, 47.3814278], [8.4858045, 47.381133], [8.4856643, 47.3808859], [8.4856174, 47.3809033], [8.4855896, 47.3808501], [8.4854351, 47.3805532], [8.4852285, 47.3801575], [8.4847858, 47.3803918], [8.4847664, 47.3804021], [8.4845157, 47.3805355], [8.4844796, 47.3805089], [8.4842058, 47.3803042], [8.4840831, 47.3802127], [8.4837857, 47.3802361], [8.4835039, 47.3802585], [8.4833288, 47.3802707], [8.4829968, 47.3802638], [8.4826786, 47.3798514], [8.4826648, 47.3797362], [8.4821759, 47.3797435], [8.4817828, 47.379548], [8.4817672, 47.3795404], [8.4817505, 47.3795321], [8.4817355, 47.3795479], [8.4814223, 47.3797951], [8.4811121, 47.3800225], [8.4810164, 47.3800893], [8.4806777, 47.3799227], [8.4805651, 47.3798725], [8.4801745, 47.3796973], [8.4801083, 47.3796696], [8.479947, 47.3796093], [8.4796674, 47.3794849], [8.4794207, 47.3793455], [8.4793202, 47.3791214], [8.4791816, 47.3790275], [8.4789367, 47.3789112], [8.4788613, 47.3788579], [8.4785218, 47.3786567], [8.4783908, 47.3785864], [8.4782065, 47.3784874], [8.4779836, 47.3783815], [8.477954, 47.3783634], [8.4778657, 47.3783097], [8.4775891, 47.3781743], [8.4774667, 47.3780978], [8.477429, 47.3780653], [8.4770436, 47.3778001], [8.4766007, 47.3775938], [8.4764208, 47.3775101], [8.4760297, 47.3773743], [8.475931, 47.3773575], [8.4755508, 47.3772929], [8.4754148, 47.3772699], [8.4753952, 47.3771442], [8.4753736, 47.3769638], [8.4753751, 47.3768725], [8.4751514, 47.3768787], [8.4749411, 47.3768862], [8.4749249, 47.377069], [8.4747575, 47.3770858], [8.4746812, 47.3771016], [8.474016, 47.376169], [8.4736657, 47.3761025], [8.4733551, 47.3759901], [8.4733394, 47.3759788], [8.4733236, 47.375966], [8.4733746, 47.3759455], [8.4728369, 47.3757463], [8.4725666, 47.3756246], [8.4721365, 47.3754294], [8.4717899, 47.37524], [8.4718649, 47.3751306], [8.4718711, 47.3751216], [8.4717792, 47.3750589], [8.4716437, 47.374964], [8.4713489, 47.3747573], [8.4710946, 47.3745791], [8.4707139, 47.374293], [8.4706411, 47.3742307], [8.4705228, 47.3741296], [8.4703249, 47.3739603], [8.4702363, 47.3739506], [8.4703532, 47.3735566], [8.4704352, 47.3733602], [8.4704921, 47.3730776], [8.4704888, 47.3728412], [8.4704339, 47.3728418], [8.4704315, 47.3725986], [8.4700713, 47.3721843], [8.4696927, 47.371716], [8.4693884, 47.371361], [8.4677271, 47.370542], [8.466797, 47.3700467], [8.46589, 47.369557], [8.4652247, 47.3692088], [8.4648348, 47.3691113], [8.4649126, 47.3689677], [8.4647332, 47.3689166], [8.4646341, 47.3688606], [8.4644849, 47.368753], [8.4641883, 47.3683788], [8.4641977, 47.3678306], [8.4642803, 47.367274], [8.4648616, 47.3668063], [8.4653292, 47.3666185], [8.4654577, 47.3666417], [8.4654925, 47.3665529], [8.4655878, 47.3663777], [8.465838, 47.366097], [8.4660905, 47.3659194], [8.4664113, 47.3657398], [8.4671398, 47.3654254], [8.4674679, 47.3653116], [8.4683358, 47.3649624], [8.4693557, 47.3644668], [8.469519, 47.364381], [8.4694514, 47.3643101], [8.4694892, 47.3642412], [8.4695908, 47.3640823], [8.4697037, 47.3638375], [8.4701777, 47.3628889], [8.4703077, 47.3624229], [8.4704278, 47.3619127], [8.4705463, 47.3616566], [8.4710397, 47.3615088], [8.4713349, 47.3614296], [8.4717018, 47.3613161], [8.4722851, 47.3609643], [8.4727663, 47.3607889], [8.4734082, 47.3607509], [8.4736608, 47.3608091], [8.4741836, 47.3607058], [8.4748938, 47.3606264], [8.4753528, 47.3605583], [8.4764593, 47.3603446], [8.4769895, 47.3602851], [8.4775181, 47.3604851], [8.4780562, 47.3606413], [8.4787975, 47.3607788], [8.4792789, 47.3605725], [8.4798063, 47.3604526], [8.4807099, 47.3601034], [8.4811734, 47.3599626], [8.4817018, 47.3597539], [8.4820627, 47.3595399], [8.4827343, 47.3590676], [8.4830991, 47.3585856], [8.4832132, 47.3583456], [8.4832211, 47.3581349], [8.4834275, 47.358022], [8.4835351, 47.3581972], [8.4836286, 47.3583356], [8.4840376, 47.3587257], [8.484583, 47.359208], [8.4850047, 47.3596532], [8.4853333, 47.359974], [8.4858425, 47.3604323], [8.4863001, 47.3608542], [8.4866646, 47.3611879], [8.4869421, 47.3614295], [8.4872083, 47.3616637], [8.4876875, 47.3621467], [8.4883158, 47.3622404], [8.4886387, 47.3623373], [8.4890237, 47.3624523], [8.4895931, 47.362623], [8.4898874, 47.3627406], [8.4906513, 47.3630459], [8.4913359, 47.3633459], [8.4920623, 47.3635689], [8.492521, 47.3637181], [8.493233, 47.3639469], [8.493725, 47.3640686], [8.4937913, 47.3640851], [8.4939588, 47.3641267], [8.4940251, 47.364123], [8.4940551, 47.3641213], [8.4941301, 47.3641169], [8.4941928, 47.3644446], [8.4942648, 47.3646896], [8.4942635, 47.3647018], [8.4942534, 47.3647882], [8.4941625, 47.3649653], [8.4940751, 47.36499], [8.4938886, 47.3650165], [8.4938498, 47.365116], [8.4938135, 47.365209], [8.4938166, 47.3652032], [8.4938222, 47.3651948], [8.4938292, 47.3651869], [8.4938404, 47.3651772], [8.4938535, 47.3651687], [8.4938721, 47.3651599], [8.4938883, 47.3651545], [8.4939055, 47.3651507], [8.4939233, 47.3651487], [8.4939444, 47.3651485], [8.4939595, 47.3651499], [8.4939741, 47.3651529], [8.4939846, 47.365156], [8.4939976, 47.3651613], [8.4940122, 47.3651697], [8.4940221, 47.3651776], [8.494032, 47.3651886], [8.4940377, 47.3651982], [8.4940419, 47.3652109], [8.4940441, 47.3652225], [8.4940706, 47.3653415], [8.4940869, 47.3654007], [8.4940966, 47.3654328], [8.4941017, 47.3654488], [8.4941566, 47.3655971], [8.4941889, 47.3656704], [8.4941528, 47.3656825], [8.4943292, 47.3660637], [8.4945084, 47.3664495], [8.494555, 47.3664389], [8.4946614, 47.366631], [8.4947175, 47.3667262], [8.4948459, 47.3669394], [8.4948627, 47.3669674], [8.4949073, 47.3670346], [8.4949322, 47.3670674], [8.4949587, 47.3670991], [8.4949515, 47.3671141], [8.4950317, 47.3672474], [8.4951146, 47.3674089], [8.4951944, 47.3675645], [8.4951369, 47.3676228], [8.4950932, 47.3676254], [8.4950492, 47.367627], [8.4949613, 47.3676266], [8.4949174, 47.3676247], [8.4948737, 47.3676217], [8.4947868, 47.3676124], [8.4947442, 47.367606], [8.4947021, 47.3675985], [8.4946604, 47.36759], [8.4945785, 47.3675697], [8.4945385, 47.367558], [8.4944992, 47.3675453], [8.4944606, 47.3675316], [8.4943859, 47.3675012], [8.4942566, 47.367632], [8.494294, 47.3676496], [8.4943306, 47.367668], [8.4943661, 47.3676874], [8.494434, 47.3677285], [8.4944664, 47.3677503], [8.4944976, 47.3677729], [8.4945277, 47.3677962], [8.494584, 47.367845], [8.4945861, 47.367847], [8.494588, 47.367849], [8.4945899, 47.3678511], [8.4945917, 47.3678533], [8.4945933, 47.3678554], [8.4945948, 47.3678577], [8.4945962, 47.3678599], [8.4945975, 47.3678622], [8.4945986, 47.3678645], [8.4945996, 47.3678669], [8.4946005, 47.3678693], [8.4946013, 47.3678717], [8.4946019, 47.3678741], [8.4946024, 47.3678765], [8.4946028, 47.3678789], [8.4946032, 47.3678838], [8.4946031, 47.3678863], [8.4946029, 47.3678887], [8.4946026, 47.3678912], [8.4946022, 47.3678936], [8.4946016, 47.3678961], [8.4946009, 47.3678985], [8.4946001, 47.3679009], [8.4945991, 47.3679032], [8.494598, 47.3679056], [8.4945968, 47.3679079], [8.4945954, 47.3679102], [8.494594, 47.3679124], [8.4945924, 47.3679146], [8.4945907, 47.3679168], [8.4945888, 47.3679189], [8.4945849, 47.367923], [8.4946594, 47.3681563], [8.4946661, 47.368154], [8.4946729, 47.3681518], [8.4946798, 47.3681498], [8.4946869, 47.368148], [8.494694, 47.3681464], [8.4947012, 47.3681449], [8.4947158, 47.3681425], [8.4947232, 47.3681415], [8.4947306, 47.3681408], [8.4947381, 47.3681402], [8.4947455, 47.3681398], [8.494753, 47.3681396], [8.4947605, 47.3681395], [8.4947755, 47.36814], [8.4947832, 47.3681405], [8.4947908, 47.3681411], [8.4947985, 47.3681419], [8.494806, 47.368143], [8.4948135, 47.3681442], [8.494821, 47.3681456], [8.4948283, 47.3681472], [8.4948427, 47.368151], [8.4948497, 47.3681531], [8.4948566, 47.3681555], [8.4948633, 47.368158], [8.4948699, 47.3681607], [8.4948764, 47.3681636], [8.4948827, 47.3681666], [8.4948888, 47.3681698], [8.4949005, 47.3681766], [8.4951141, 47.3683147], [8.4951847, 47.3683695], [8.495332, 47.3684751], [8.4954245, 47.3685362], [8.4956174, 47.3686523], [8.4956105, 47.3687006], [8.4956199, 47.3687058], [8.4956387, 47.3687159], [8.4956712, 47.3687336], [8.495737, 47.3687684], [8.4957804, 47.3687902], [8.4958685, 47.3688326], [8.4959268, 47.3688598], [8.4960455, 47.3689121], [8.4961519, 47.3689562], [8.49637, 47.3690379], [8.4965781, 47.36911], [8.4976323, 47.3694769], [8.4977279, 47.3695112], [8.4979169, 47.3695825], [8.4978913, 47.3695986], [8.4979688, 47.3696294], [8.4981222, 47.3696928], [8.4982489, 47.3697475], [8.4984975, 47.369862], [8.4985521, 47.3698621], [8.4986368, 47.3699084], [8.4986538, 47.3699169], [8.498736, 47.3699592], [8.4988977, 47.370046], [8.4989776, 47.3700905], [8.4991348, 47.3701816], [8.4992117, 47.3702284], [8.4993627, 47.3703241], [8.4994242, 47.3703646], [8.4995452, 47.370447], [8.4995576, 47.3704556], [8.4995823, 47.370473], [8.4995909, 47.3704716], [8.4997517, 47.3705871], [8.5000573, 47.3708279], [8.5001682, 47.3709244], [8.5003798, 47.3711225], [8.5003892, 47.3711318], [8.5004864, 47.3712303], [8.5006709, 47.3714315], [8.5013217, 47.3721792], [8.5013079, 47.3721862], [8.5016189, 47.3725228], [8.5019076, 47.3728362], [8.5022012, 47.3731555], [8.5026789, 47.3736061], [8.5026706, 47.3737397], [8.5023225, 47.3740022], [8.5021278, 47.3742861], [8.5021297, 47.3742883], [8.5021316, 47.3742905], [8.5021333, 47.3742928], [8.502135, 47.3742951], [8.5021365, 47.3742974], [8.5021378, 47.3742998], [8.5021391, 47.3743022], [8.5021402, 47.3743046], [8.5021412, 47.3743071], [8.5021421, 47.3743096], [8.5021428, 47.3743121], [8.5021434, 47.3743146], [8.5021439, 47.3743171], [8.5021442, 47.3743197], [8.5021445, 47.3743248], [8.5021444, 47.3743274], [8.5021442, 47.37433], [8.5021439, 47.3743325], [8.5021434, 47.3743351], [8.5021428, 47.3743376], [8.5021421, 47.3743402], [8.5021412, 47.3743427], [8.5021402, 47.3743452], [8.502139, 47.3743476], [8.5021378, 47.3743501], [8.5021364, 47.3743525], [8.5021348, 47.3743549], [8.5021332, 47.3743572], [8.5021314, 47.3743595], [8.5021275, 47.3743639], [8.5020755, 47.374418], [8.501968, 47.3745248], [8.5019127, 47.3745774], [8.5017989, 47.374681], [8.5016396, 47.3748213], [8.5013103, 47.3751118], [8.5008087, 47.3755544], [8.5006943, 47.375655], [8.5003098, 47.3759948], [8.4998084, 47.3764369], [8.4996986, 47.376534], [8.4992735, 47.376909], [8.4990024, 47.377148], [8.4989967, 47.3771529], [8.4989907, 47.3771577], [8.4989845, 47.3771623], [8.4989713, 47.3771711], [8.4989644, 47.3771753], [8.4989573, 47.3771794], [8.4989499, 47.3771833], [8.4989412, 47.3771878], [8.4989523, 47.3772088], [8.4987742, 47.3772872], [8.4985514, 47.3773848], [8.4988521, 47.3776365], [8.498825, 47.3777161], [8.4990456, 47.3779255], [8.4990688, 47.3779476], [8.4991709, 47.3780434], [8.4993807, 47.3782323], [8.4994251, 47.3782709], [8.4995149, 47.3783477], [8.4995703, 47.3783941], [8.4996914, 47.3784934], [8.4997747, 47.3785603], [8.5000538, 47.3787744], [8.5003266, 47.3789716], [8.5006056, 47.3791641], [8.5009143, 47.3793764], [8.5010898, 47.3794968], [8.5011981, 47.3795714], [8.5012589, 47.3796131], [8.5017628, 47.3799589]]]]}}, {"type": "Feature", "properties": {"name": "Altstetten"}, "geometry": {"type": "MultiPolygon", "coordinates": [[[[8.4781611, 47.4038737], [8.477831, 47.4038865], [8.4774659, 47.4038938], [8.4771208, 47.4038939], [8.4767758, 47.4038874], [8.4764222, 47.403874], [8.476074, 47.4038542], [8.4757137, 47.4038272], [8.4753868, 47.4037958], [8.4749955, 47.4037491], [8.4745924, 47.4036922], [8.4705803, 47.4030601], [8.4702419, 47.4030152], [8.469887, 47.4029797], [8.4696126, 47.4029599], [8.4693373, 47.4029465], [8.4690615, 47.4029395], [8.4688134, 47.4029389], [8.4685377, 47.4029444], [8.4682657, 47.402956], [8.4679918, 47.402974], [8.467714, 47.402999], [8.4675899, 47.4026214], [8.4661586, 47.4000574], [8.4680728, 47.3995656], [8.4676041, 47.3987244], [8.4656891, 47.3992165], [8.4651707, 47.3982876], [8.4660516, 47.3980539], [8.4688192, 47.3973043], [8.4687959, 47.3972643], [8.4734996, 47.395995], [8.4730225, 47.3950629], [8.4729426, 47.3950924], [8.4728579, 47.3951149], [8.4727784, 47.3951305], [8.4726483, 47.3951475], [8.47246, 47.3951648], [8.4723307, 47.3951718], [8.4722205, 47.3951728], [8.4721157, 47.3951659], [8.472022, 47.3951528], [8.4719309, 47.3951333], [8.4718529, 47.39511], [8.4717708, 47.3950782], [8.4717037, 47.3950452], [8.471637, 47.395003], [8.4715831, 47.3949603], [8.471526, 47.3949038], [8.4714848, 47.3948458], [8.4714551, 47.3947846], [8.4714373, 47.3947214], [8.4714318, 47.3946571], [8.4714399, 47.394587], [8.4714713, 47.3945038], [8.4715179, 47.3944304], [8.4715849, 47.3943578], [8.4715356, 47.3943023], [8.4720951, 47.3940746], [8.4719254, 47.3938821], [8.4706702, 47.3943927], [8.4704079, 47.3941412], [8.4703029, 47.3941254], [8.4701906, 47.3940049], [8.4698564, 47.3941582], [8.4696827, 47.3942295], [8.4691569, 47.3944331], [8.4689703, 47.3944915], [8.4687818, 47.3945393], [8.4685514, 47.3946066], [8.4683859, 47.3946061], [8.4681989, 47.394653], [8.4680033, 47.3946947], [8.4677647, 47.3947209], [8.4676053, 47.3947491], [8.4674122, 47.3947778], [8.4671979, 47.3947509], [8.4669993, 47.3947743], [8.4653639, 47.3949207], [8.4652413, 47.3950083], [8.4651754, 47.39503], [8.4648959, 47.3950808], [8.4648433, 47.394826], [8.4648474, 47.3948092], [8.4648825, 47.3947616], [8.4651137, 47.3945278], [8.4654039, 47.3942758], [8.4654485, 47.3942475], [8.4656784, 47.3940737], [8.4660825, 47.3937818], [8.4662177, 47.3937246], [8.4664233, 47.3936629], [8.466747, 47.3935438], [8.4669565, 47.3934533], [8.467114, 47.3933414], [8.4672859, 47.3931031], [8.4673985, 47.3929006], [8.467433, 47.3927948], [8.4670914, 47.3915882], [8.4669838, 47.391306], [8.4669795, 47.391218], [8.4670898, 47.3909852], [8.4672013, 47.3907949], [8.4672797, 47.3906988], [8.4672424, 47.3906826], [8.4672777, 47.3906501], [8.467249, 47.390634], [8.4669202, 47.3907543], [8.4667067, 47.3908496], [8.4661891, 47.3911283], [8.4660667, 47.3911638], [8.4659339, 47.3911693], [8.4656494, 47.3911293], [8.4655717, 47.3911299], [8.4654828, 47.3911678], [8.4651934, 47.391323], [8.4638186, 47.3905261], [8.4634755, 47.3902306], [8.4610545, 47.3880286], [8.4612244, 47.3879505], [8.4611239, 47.38778], [8.4608876, 47.387043], [8.4605158, 47.3867345], [8.4600484, 47.3859435], [8.4596875, 47.3855412], [8.4593554, 47.38516], [8.4584807, 47.3844111], [8.4582409, 47.3841752], [8.4580811, 47.3838773], [8.4575672, 47.3837097], [8.457676, 47.3834691], [8.4576839, 47.3834342], [8.4576816, 47.383399], [8.4576571, 47.3833452], [8.4576097, 47.3832993], [8.4575438, 47.3832656], [8.4574658, 47.3832473], [8.4575266, 47.3831795], [8.4576039, 47.3831198], [8.4577119, 47.3830636], [8.4579284, 47.382968], [8.4580905, 47.3828794], [8.4581775, 47.3828241], [8.4582709, 47.3827574], [8.4584254, 47.3826272], [8.4584621, 47.3825856], [8.4584893, 47.3825415], [8.4585063, 47.3824971], [8.4585145, 47.382447], [8.4585059, 47.3824065], [8.4584902, 47.3823712], [8.4584658, 47.3823361], [8.458434, 47.3823038], [8.4583735, 47.382262], [8.4583063, 47.3822324], [8.4582498, 47.3822174], [8.4581462, 47.3822041], [8.4580259, 47.3822008], [8.457439, 47.3822234], [8.4573505, 47.3822329], [8.4572524, 47.3822487], [8.4571564, 47.3822697], [8.4570637, 47.3822958], [8.4569747, 47.3823265], [8.4568895, 47.382362], [8.4568087, 47.3824019], [8.4567409, 47.382441], [8.4567012, 47.3809381], [8.4565673, 47.3808873], [8.4564137, 47.3808105], [8.4563316, 47.3807756], [8.4562356, 47.3807435], [8.4561254, 47.3807167], [8.4558555, 47.3806718], [8.455562, 47.3806287], [8.4552783, 47.3805926], [8.4549426, 47.380556], [8.4548148, 47.3805361], [8.4546904, 47.3805089], [8.4545703, 47.3804747], [8.4542453, 47.3803529], [8.4541913, 47.3803368], [8.4541346, 47.3803265], [8.4539612, 47.3803079], [8.453809, 47.380277], [8.4537014, 47.3802661], [8.4536198, 47.3802642], [8.4535474, 47.3802671], [8.453474, 47.3802745], [8.4533928, 47.380288], [8.4533055, 47.3803095], [8.4531104, 47.3803715], [8.4529311, 47.3804213], [8.4527524, 47.3804637], [8.4525224, 47.3805109], [8.4524186, 47.3805251], [8.452323, 47.3805336], [8.4522011, 47.3805381], [8.452046, 47.3805367], [8.45195, 47.3805474], [8.4518463, 47.3805756], [8.4517548, 47.3806192], [8.4511131, 47.3805276], [8.4503986, 47.3804104], [8.4493505, 47.3802937], [8.4480182, 47.3802474], [8.4484835, 47.3796644], [8.4491126, 47.3792391], [8.4504802, 47.3783547], [8.4511748, 47.3781654], [8.4517807, 47.3781305], [8.4534002, 47.3781451], [8.4542173, 47.3780989], [8.4552415, 47.3781011], [8.4563918, 47.3780059], [8.4574162, 47.3777746], [8.4578209, 47.3777172], [8.4586439, 47.3777094], [8.4592797, 47.3776364], [8.4599598, 47.3774995], [8.4606072, 47.377207], [8.4628905, 47.376031], [8.4639323, 47.3754459], [8.4646115, 47.3749829], [8.4654505, 47.3744344], [8.4669164, 47.3738186], [8.46762, 47.3735719], [8.4681414, 47.3737357], [8.4686953, 47.3738229], [8.4702363, 47.3739506], [8.4703249, 47.3739603], [8.4705228, 47.3741296], [8.4706411, 47.3742307], [8.4707139, 47.374293], [8.4710946, 47.3745791], [8.4713489, 47.3747573], [8.4716437, 47.374964], [8.4717792, 47.3750589], [8.4718711, 47.3751216], [8.4718649, 47.3751306], [8.4717899, 47.37524], [8.4721365, 47.3754294], [8.4725666, 47.3756246], [8.4728369, 47.3757463], [8.4733746, 47.3759455], [8.4733236, 47.375966], [8.4733394, 47.3759788], [8.4733551, 47.3759901], [8.4736657, 47.3761025], [8.474016, 47.376169], [8.4746812, 47.3771016], [8.4747575, 47.3770858], [8.4749249, 47.377069], [8.4749411, 47.3768862], [8.4751514, 47.3768787], [8.4753751, 47.3768725], [8.4753736, 47.3769638], [8.4753952, 47.3771442], [8.4754148, 47.3772699], [8.4755508, 47.3772929], [8.475931, 47.3773575], [8.4760297, 47.3773743], [8.4764208, 47.3775101], [8.4766007, 47.3775938], [8.4770436, 47.3778001], [8.477429, 47.3780653], [8.4774667, 47.3780978], [8.4775891, 47.3781743], [8.4778657, 47.3783097], [8.477954, 47.3783634], [8.4779836, 47.3783815], [8.4782065, 47.3784874], [8.4783908, 47.3785864], [8.4785218, 47.3786567], [8.4788613, 47.3788579], [8.4789367, 47.3789112], [8.4791816, 47.3790275], [8.4793202, 47.3791214], [8.4794207, 47.3793455], [8.4796674, 47.3794849], [8.479947, 47.3796093], [8.4801083, 47.3796696], [8.4801745, 47.3796973], [8.4805651, 47.3798725], [8.4806777, 47.3799227], [8.4810164, 47.3800893], [8.4811121, 47.3800225], [8.4814223, 47.3797951], [8.4817355, 47.3795479], [8.4817505, 47.3795321], [8.4817672, 47.3795404], [8.4817828, 47.379548], [8.4821759, 47.3797435], [8.4826648, 47.3797362], [8.4826786, 47.3798514], [8.4829968, 47.3802638], [8.4833288, 47.3802707], [8.4835039, 47.3802585], [8.4837857, 47.3802361], [8.4840831, 47.3802127], [8.4842058, 47.3803042], [8.4844796, 47.3805089], [8.4845157, 47.3805355], [8.4847664, 47.3804021], [8.4847858, 47.3803918], [8.4852285, 47.3801575], [8.4854351, 47.3805532], [8.4855896, 47.3808501], [8.4856174, 47.3809033], [8.4856643, 47.3808859], [8.4858045, 47.381133], [8.4859716, 47.3814278], [8.4861166, 47.3816834], [8.4863801, 47.3816806], [8.4865728, 47.3819074], [8.4865794, 47.3819151], [8.4865839, 47.3819133], [8.486612, 47.3819438], [8.4864259, 47.382021], [8.4862843, 47.3820814], [8.4867223, 47.3822961], [8.4868355, 47.3824986], [8.4869272, 47.3826624], [8.4876633, 47.3824725], [8.4878504, 47.3824242], [8.4883321, 47.3823], [8.4885454, 47.382245], [8.4889045, 47.3821524], [8.4892737, 47.3820572], [8.4896083, 47.3819674], [8.4897743, 47.3819202], [8.489792, 47.3819151], [8.4898487, 47.3818984], [8.489877, 47.38189], [8.4901373, 47.3818106], [8.4902665, 47.3817694], [8.4905894, 47.3816615], [8.4907493, 47.3816054], [8.4908765, 47.3815594], [8.4909399, 47.3815361], [8.4911284, 47.3814648], [8.491222, 47.3814284], [8.4914929, 47.381322], [8.4916595, 47.3813527], [8.4918203, 47.3815225], [8.4920046, 47.3817169], [8.4920596, 47.381775], [8.492223, 47.3819476], [8.4924255, 47.3821616], [8.4925092, 47.3822501], [8.4926442, 47.3821909], [8.4927761, 47.3822321], [8.4928945, 47.3821678], [8.4929673, 47.3821663], [8.4934373, 47.3819107], [8.4938889, 47.3816653], [8.4939592, 47.3817151], [8.4941089, 47.3818856], [8.4944966, 47.3816747], [8.4947305, 47.3815672], [8.4949975, 47.3818425], [8.495376, 47.3822332], [8.4957709, 47.3826406], [8.4958383, 47.3827103], [8.4959094, 47.3827836], [8.4960065, 47.3827419], [8.4960271, 47.382733], [8.4960945, 47.382704], [8.4963942, 47.3825748], [8.4967894, 47.3824045], [8.4970844, 47.3822774], [8.4974792, 47.3821073], [8.4982001, 47.3817966], [8.4982479, 47.3817761], [8.4983838, 47.3817177], [8.4983219, 47.3816696], [8.4983046, 47.3816548], [8.4982237, 47.3815938], [8.4979195, 47.3813579], [8.4978892, 47.3813344], [8.4978992, 47.3813285], [8.4980568, 47.3812333], [8.4980488, 47.381227], [8.4981538, 47.3811316], [8.4983356, 47.3810062], [8.4984489, 47.3809281], [8.498527, 47.3808741], [8.4986433, 47.3807939], [8.4987035, 47.3807524], [8.4987624, 47.3807165], [8.49882, 47.3806815], [8.4988461, 47.3806655], [8.4989638, 47.3805939], [8.4990445, 47.3805447], [8.4991016, 47.38051], [8.4992551, 47.3804261], [8.4994012, 47.3803465], [8.4994719, 47.3803078], [8.4995468, 47.380272], [8.4997755, 47.3801626], [8.4998759, 47.3800996], [8.5001181, 47.3799264], [8.5002224, 47.3800043], [8.5002688, 47.3800388], [8.5002859, 47.3800516], [8.5003161, 47.3800731], [8.5003642, 47.3801072], [8.5004115, 47.3801409], [8.5005113, 47.3802117], [8.5006064, 47.3802793], [8.5006541, 47.3803132], [8.5007014, 47.3803468], [8.5007501, 47.3803814], [8.5008349, 47.3804416], [8.5008965, 47.3804852], [8.5011081, 47.3803941], [8.5015678, 47.3801961], [8.5016503, 47.3801605], [8.501655, 47.3801583], [8.5016573, 47.3801571], [8.5016594, 47.3801559], [8.5016615, 47.3801546], [8.5016636, 47.3801533], [8.5016656, 47.3801519], [8.5016675, 47.3801505], [8.5016693, 47.3801491], [8.501671, 47.3801475], [8.5016727, 47.380146], [8.5016743, 47.3801444], [8.5016758, 47.3801428], [8.5016772, 47.3801411], [8.5016785, 47.3801394], [8.5016798, 47.3801377], [8.5016809, 47.3801359], [8.501682, 47.3801341], [8.5016829, 47.3801323], [8.5016838, 47.3801305], [8.5016846, 47.3801287], [8.5016852, 47.3801268], [8.5016858, 47.3801249], [8.5016863, 47.380123], [8.5016866, 47.3801211], [8.5016871, 47.3801173], [8.5016871, 47.3801154], [8.5016871, 47.3801134], [8.5016869, 47.3801115], [8.5016867, 47.3801096], [8.5016864, 47.3801077], [8.5016859, 47.3801058], [8.5016854, 47.3801039], [8.5016847, 47.3801021], [8.501684, 47.3801002], [8.5016832, 47.3800984], [8.5016822, 47.3800966], [8.5016812, 47.3800948], [8.5016801, 47.380093], [8.5016789, 47.3800913], [8.5016776, 47.3800896], [8.5016762, 47.3800879], [8.5016747, 47.3800862], [8.5016732, 47.3800846], [8.5016715, 47.3800831], [8.5016698, 47.3800816], [8.501668, 47.3800801], [8.5016661, 47.3800786], [8.5016642, 47.3800772], [8.5016432, 47.3800392], [8.5017628, 47.3799589], [8.5018267, 47.3800033], [8.5019532, 47.3800929], [8.5020158, 47.3801381], [8.5021398, 47.3802293], [8.5025334, 47.3805229], [8.5025435, 47.3805305], [8.5029264, 47.3808167], [8.5030487, 47.3809079], [8.5030706, 47.3809238], [8.503116, 47.3809544], [8.5031398, 47.3809691], [8.503189, 47.3809973], [8.5030637, 47.381307], [8.5030558, 47.3813606], [8.5033898, 47.3815583], [8.503632, 47.381554], [8.5036441, 47.381554], [8.5036562, 47.3815543], [8.5036683, 47.3815548], [8.5036804, 47.3815557], [8.5036924, 47.3815569], [8.5037044, 47.3815583], [8.5037162, 47.3815601], [8.503728, 47.3815622], [8.5037396, 47.3815645], [8.5037511, 47.3815671], [8.5037736, 47.3815733], [8.5037846, 47.3815767], [8.5037954, 47.3815805], [8.5038059, 47.3815845], [8.5038162, 47.3815887], [8.5038263, 47.3815932], [8.5038362, 47.3815979], [8.5038458, 47.3816029], [8.5038551, 47.3816082], [8.5038641, 47.3816136], [8.5038728, 47.3816193], [8.5038893, 47.3816313], [8.5042455, 47.3819091], [8.5046807, 47.3822496], [8.5051168, 47.3825903], [8.5055528, 47.382931], [8.5057837, 47.3831114], [8.5057873, 47.3831143], [8.5057908, 47.3831174], [8.5057941, 47.3831205], [8.5057973, 47.3831237], [8.5058003, 47.383127], [8.5058031, 47.3831304], [8.5058057, 47.3831338], [8.5058082, 47.3831373], [8.5058105, 47.3831408], [8.5058126, 47.3831444], [8.5058162, 47.3831517], [8.5058177, 47.3831554], [8.505819, 47.3831592], [8.5058201, 47.383163], [8.505821, 47.3831669], [8.5058217, 47.3831707], [8.5058222, 47.3831746], [8.5058225, 47.3831784], [8.5058225, 47.3831823], [8.5058224, 47.3831862], [8.5058221, 47.3831901], [8.5058208, 47.3831978], [8.5058199, 47.3832016], [8.5058188, 47.3832054], [8.5058175, 47.3832091], [8.505816, 47.3832128], [8.5058143, 47.3832165], [8.5058124, 47.3832202], [8.5058103, 47.3832237], [8.5058081, 47.3832273], [8.5058056, 47.3832308], [8.505803, 47.3832342], [8.5057972, 47.3832408], [8.505794, 47.383244], [8.5057906, 47.3832471], [8.5057871, 47.3832502], [8.5057834, 47.3832531], [8.5057796, 47.383256], [8.5057756, 47.3832588], [8.5057714, 47.3832614], [8.5057672, 47.383264], [8.5057628, 47.3832665], [8.5057583, 47.3832688], [8.5057488, 47.3832732], [8.5052763, 47.3834766], [8.5047089, 47.383721], [8.5041406, 47.3839656], [8.503572, 47.3842101], [8.5029728, 47.3844683], [8.5029655, 47.3844715], [8.5031502, 47.3846158], [8.5033685, 47.3845222], [8.5033502, 47.3845313], [8.5033418, 47.3845366], [8.503334, 47.3845422], [8.5033268, 47.3845482], [8.5033203, 47.3845545], [8.5033144, 47.3845611], [8.5033093, 47.384568], [8.5033049, 47.3845751], [8.5033012, 47.3845825], [8.5032984, 47.3845899], [8.5032963, 47.3845975], [8.5032951, 47.3846052], [8.5032947, 47.3846129], [8.5032951, 47.3846206], [8.5032963, 47.3846283], [8.5032983, 47.3846359], [8.5033011, 47.3846433], [8.5033047, 47.3846507], [8.5033091, 47.3846578], [8.5033141, 47.3846647], [8.5033199, 47.3846713], [8.5033264, 47.3846776], [8.5033335, 47.3846836], [8.5041867, 47.3853512], [8.5042013, 47.3853423], [8.5049874, 47.385957], [8.5049966, 47.3859633], [8.5050071, 47.3859686], [8.5050185, 47.3859729], [8.5050307, 47.3859761], [8.5050402, 47.3859777], [8.5050531, 47.3859788], [8.5050662, 47.3859786], [8.505079, 47.3859772], [8.5050945, 47.3859737], [8.5033355, 47.3864931], [8.5031218, 47.3865562], [8.5029247, 47.3866143], [8.5029081, 47.3866194], [8.5026946, 47.3866825], [8.502518, 47.3867345], [8.5022241, 47.3868214], [8.5016262, 47.3869983], [8.5015799, 47.387012], [8.5012338, 47.3871142], [8.500907, 47.3872104], [8.5002347, 47.3874093], [8.5003195, 47.3875413], [8.4996416, 47.3877416], [8.4989639, 47.3879417], [8.4982866, 47.388142], [8.4976185, 47.3883412], [8.4979625, 47.3888774], [8.4984004, 47.3895607], [8.4988851, 47.3903168], [8.4989117, 47.3903588], [8.4989641, 47.390388], [8.500727, 47.3913741], [8.4983587, 47.3920534], [8.4989772, 47.3920514], [8.4996171, 47.3920494], [8.5002572, 47.3920473], [8.5008971, 47.3920453], [8.501537, 47.3920432], [8.5015928, 47.3920435], [8.5017041, 47.3920474], [8.5017597, 47.3920509], [8.5018702, 47.3920611], [8.5019019, 47.3920651], [8.5019649, 47.3920743], [8.5022638, 47.3922416], [8.5026201, 47.3924788], [8.5029142, 47.3926746], [8.5029495, 47.3926981], [8.5029958, 47.392729], [8.5030606, 47.3927721], [8.5046656, 47.3938408], [8.504953, 47.3940284], [8.5051915, 47.3940442], [8.5051236, 47.3940926], [8.5051307, 47.394113], [8.5051996, 47.3943151], [8.5052935, 47.3945901], [8.5053024, 47.3946165], [8.5054171, 47.3949525], [8.5052722, 47.3949744], [8.504985, 47.3950257], [8.5047839, 47.3950679], [8.5043889, 47.3951665], [8.5041956, 47.3952228], [8.5038183, 47.3953491], [8.5036347, 47.3954191], [8.503279, 47.395572], [8.5031074, 47.3956546], [8.5027777, 47.3958321], [8.5026199, 47.3959266], [8.5023195, 47.3961266], [8.5021773, 47.396232], [8.5019098, 47.3964525], [8.5011163, 47.3971534], [8.500997, 47.397256], [8.5007453, 47.3974541], [8.5006132, 47.3975493], [8.500337, 47.3977316], [8.5001933, 47.3978187], [8.499895, 47.397984], [8.4997405, 47.3980622], [8.4994219, 47.3982093], [8.499258, 47.398278], [8.4989219, 47.3984057], [8.4987498, 47.3984645], [8.4983984, 47.3985718], [8.4982194, 47.3986201], [8.4978558, 47.3987062], [8.4976713, 47.3987439], [8.497298, 47.3988082], [8.4956246, 47.3990604], [8.4954044, 47.3990911], [8.4949601, 47.3991371], [8.4947365, 47.3991524], [8.4942877, 47.3991675], [8.4940628, 47.3991672], [8.4936139, 47.3991512], [8.4933903, 47.3991354], [8.4929462, 47.3990885], [8.4922126, 47.3989933], [8.4901779, 47.3987295], [8.4899956, 47.3987081], [8.4898122, 47.3986914], [8.4894434, 47.398672], [8.4892585, 47.3986693], [8.4890736, 47.3986712], [8.4887047, 47.3986891], [8.4885213, 47.398705], [8.4883388, 47.3987256], [8.487978, 47.3987804], [8.4878, 47.3988147], [8.4876239, 47.3988534], [8.4872789, 47.398944], [8.4871103, 47.3989958], [8.4869448, 47.3990518], [8.4866234, 47.3991762], [8.4864681, 47.3992444], [8.4863166, 47.3993164], [8.4860261, 47.3994718], [8.4858874, 47.3995549], [8.4857533, 47.3996415], [8.4854999, 47.3998244], [8.4853809, 47.3999206], [8.4852673, 47.4000197], [8.4850567, 47.4002261], [8.4847265, 47.4005771], [8.484013, 47.4013358], [8.4835873, 47.4017883], [8.4834537, 47.4019246], [8.4833129, 47.4020576], [8.4831651, 47.402187], [8.4830104, 47.4023127], [8.4826814, 47.4025521], [8.4825074, 47.4026655], [8.4823275, 47.4027744], [8.4821419, 47.4028789], [8.4819508, 47.4029786], [8.4815532, 47.4031637], [8.4813472, 47.403249], [8.4811367, 47.4033292], [8.4809221, 47.4034041], [8.4807037, 47.4034736], [8.4802562, 47.4035963], [8.4800279, 47.4036491], [8.479797, 47.4036963], [8.4795636, 47.4037377], [8.4793282, 47.4037733], [8.4788524, 47.4038269], [8.4786183, 47.403846], [8.4781611, 47.4038737]]]]}}, {"type": "Feature", "properties": {"name": "H\u00f6ngg"}, "geometry": {"type": "MultiPolygon", "coordinates": [[[[8.5054171, 47.3949525], [8.5054778, 47.3949441], [8.5055994, 47.3949286], [8.5058072, 47.394906], [8.5062257, 47.394876], [8.507976, 47.394793], [8.5099471, 47.3946996], [8.5106187, 47.3946678], [8.5118079, 47.3946113], [8.5120633, 47.3945958], [8.5125705, 47.3945447], [8.5128215, 47.3945092], [8.5133165, 47.3944185], [8.5135598, 47.3943635], [8.5140361, 47.3942345], [8.5142682, 47.3941607], [8.5147191, 47.393995], [8.5148108, 47.3939582], [8.5148663, 47.3941833], [8.5148695, 47.3941966], [8.5148771, 47.3942265], [8.5149311, 47.3944436], [8.5149321, 47.3944476], [8.5149336, 47.3945107], [8.5149348, 47.3945253], [8.5149379, 47.3945776], [8.5149465, 47.3947169], [8.5149547, 47.3948445], [8.5149594, 47.394919], [8.5150047, 47.3951533], [8.5150219, 47.3952431], [8.5150239, 47.3952521], [8.5150458, 47.3953637], [8.515076, 47.3954564], [8.5151128, 47.395573], [8.5152295, 47.3959417], [8.5152527, 47.3960152], [8.5151833, 47.3960353], [8.5151358, 47.3960495], [8.5150412, 47.3960763], [8.5149926, 47.3960882], [8.5149432, 47.3960978], [8.5149985, 47.3961903], [8.5150059, 47.3962029], [8.515163, 47.3964673], [8.5151841, 47.3965026], [8.5152281, 47.3965768], [8.5151798, 47.3965793], [8.5150896, 47.3966222], [8.5150788, 47.3966274], [8.5150743, 47.3966359], [8.515029, 47.3967208], [8.5149871, 47.3967227], [8.5149305, 47.3968288], [8.5148963, 47.396893], [8.514906, 47.3969731], [8.5148947, 47.3969731], [8.5148527, 47.3970519], [8.5148462, 47.3970518], [8.5148388, 47.397065], [8.5148207, 47.3970972], [8.5146736, 47.3973596], [8.5145959, 47.3974984], [8.5145735, 47.397545], [8.5144593, 47.3977848], [8.5144332, 47.3977817], [8.514416, 47.3978571], [8.514435, 47.3978597], [8.5144729, 47.3978651], [8.5145179, 47.397872], [8.5146076, 47.3978869], [8.5146359, 47.397892], [8.5146923, 47.3979025], [8.5147205, 47.3979079], [8.5147765, 47.3979191], [8.5149978, 47.3979647], [8.5149889, 47.3979815], [8.5149522, 47.3980521], [8.5148675, 47.3981985], [8.5148609, 47.3982108], [8.5146701, 47.3985391], [8.5146475, 47.3985773], [8.5146139, 47.3986534], [8.5145433, 47.3988536], [8.5145329, 47.3988648], [8.5143832, 47.3990173], [8.5141759, 47.3989739], [8.5140666, 47.3990745], [8.5140155, 47.399146], [8.5140362, 47.3991562], [8.5140793, 47.3991748], [8.5141019, 47.3991831], [8.5141484, 47.3991976], [8.5148083, 47.399385], [8.5155027, 47.3995822], [8.5157647, 47.3997498], [8.5157641, 47.3997509], [8.5157636, 47.399752], [8.5157632, 47.3997531], [8.5157628, 47.3997543], [8.5157625, 47.3997555], [8.5157622, 47.3997566], [8.515762, 47.3997578], [8.5157619, 47.399759], [8.5157618, 47.3997601], [8.5157618, 47.3997613], [8.5157619, 47.3997625], [8.515762, 47.3997637], [8.5157622, 47.3997648], [8.5157624, 47.399766], [8.5157627, 47.3997672], [8.5157631, 47.3997683], [8.5157635, 47.3997695], [8.515764, 47.3997706], [8.5157645, 47.3997717], [8.5157651, 47.3997728], [8.5157658, 47.3997739], [8.5157665, 47.399775], [8.5157672, 47.399776], [8.5157681, 47.3997771], [8.5157689, 47.3997781], [8.5157699, 47.3997791], [8.5157708, 47.3997801], [8.5157719, 47.399781], [8.5157729, 47.3997819], [8.5157741, 47.3997828], [8.5157752, 47.3997837], [8.5157765, 47.3997845], [8.5157777, 47.3997853], [8.515779, 47.3997861], [8.5157804, 47.3997869], [8.5157818, 47.3997876], [8.5157832, 47.3997882], [8.5157846, 47.3997889], [8.5157861, 47.3997895], [8.5157892, 47.3997906], [8.5158475, 47.3998101], [8.5159961, 47.3998506], [8.5160263, 47.3998594], [8.516056, 47.399869], [8.5160852, 47.3998794], [8.5161137, 47.3998906], [8.5161686, 47.3999152], [8.516195, 47.3999285], [8.5162207, 47.3999426], [8.5162455, 47.3999574], [8.5162694, 47.3999728], [8.5163144, 47.4000055], [8.5165719, 47.400207], [8.5165854, 47.4002177], [8.5166115, 47.4002397], [8.516624, 47.4002509], [8.5166482, 47.4002738], [8.516768, 47.4003924], [8.5168169, 47.4004348], [8.5171374, 47.4008365], [8.5172008, 47.4008941], [8.5172935, 47.4009683], [8.5173116, 47.4009846], [8.5173289, 47.4010014], [8.5173451, 47.4010186], [8.5173604, 47.4010363], [8.5173878, 47.4010727], [8.5174, 47.4010915], [8.517411, 47.4011107], [8.517421, 47.4011301], [8.5174298, 47.4011498], [8.517444, 47.4011898], [8.517481, 47.4013155], [8.5174879, 47.4013367], [8.5174961, 47.4013577], [8.5175054, 47.4013784], [8.517516, 47.4013989], [8.5175277, 47.401419], [8.5175545, 47.4014584], [8.5175696, 47.4014776], [8.5175859, 47.4014963], [8.5176031, 47.4015147], [8.5176215, 47.4015325], [8.5176408, 47.4015498], [8.5176824, 47.4015829], [8.5181259, 47.4019077], [8.5181446, 47.4019218], [8.5181624, 47.4019364], [8.5181795, 47.4019514], [8.5181958, 47.4019669], [8.5182112, 47.4019827], [8.5182259, 47.4019988], [8.5182396, 47.4020154], [8.5182525, 47.4020322], [8.5182644, 47.4020494], [8.5182755, 47.4020668], [8.5182949, 47.4021024], [8.5183005, 47.4021142], [8.5183107, 47.4021382], [8.5184551, 47.4022825], [8.5194737, 47.4033006], [8.5213546, 47.4051793], [8.5220274, 47.4058514], [8.5220743, 47.4058982], [8.5228699, 47.4066933], [8.5230299, 47.4068533], [8.523224, 47.4066773], [8.5234425, 47.4064791], [8.5237413, 47.4061969], [8.523953, 47.4060177], [8.5241762, 47.4058349], [8.5243289, 47.405689], [8.5245565, 47.4055002], [8.5246369, 47.4055412], [8.5246713, 47.4055587], [8.5249383, 47.4056947], [8.5254286, 47.4058872], [8.5254716, 47.405904], [8.5253983, 47.4061745], [8.5253727, 47.4066552], [8.5250774, 47.4065746], [8.5250553, 47.4065686], [8.5249943, 47.406782], [8.5252666, 47.4068344], [8.5252048, 47.4069583], [8.5251194, 47.4071297], [8.5250411, 47.4072819], [8.5249601, 47.4074277], [8.5249464, 47.4074462], [8.5245912, 47.4079286], [8.5245437, 47.4078915], [8.5240693, 47.4082152], [8.5238253, 47.40837], [8.5235466, 47.4085517], [8.5232145, 47.4087682], [8.5228896, 47.4089799], [8.5226311, 47.4091495], [8.5226391, 47.409159], [8.5225131, 47.4092021], [8.5224941, 47.4092086], [8.5221977, 47.4093098], [8.5215938, 47.4095161], [8.5209306, 47.4097426], [8.5203379, 47.4099456], [8.5197471, 47.4101475], [8.5191525, 47.4103516], [8.5185733, 47.4105495], [8.5180055, 47.4107433], [8.5176756, 47.4108573], [8.5177305, 47.4109262], [8.5174827, 47.4109513], [8.516934, 47.4109562], [8.516612, 47.4109474], [8.5161944, 47.4109566], [8.5159881, 47.4109534], [8.5157706, 47.4109466], [8.5155124, 47.4109369], [8.515177, 47.4108956], [8.5148316, 47.4107542], [8.514384, 47.41095], [8.5138466, 47.4111754], [8.513227, 47.411121], [8.5126402, 47.4113382], [8.5122685, 47.4114758], [8.5121781, 47.4115804], [8.5121714, 47.4115881], [8.5120706, 47.4115843], [8.5118687, 47.4115829], [8.5109491, 47.4115948], [8.5109533, 47.4117432], [8.5098102, 47.4117579], [8.5095462, 47.4117614], [8.5071372, 47.4117926], [8.5069058, 47.4117951], [8.5062985, 47.4121772], [8.5060568, 47.412105], [8.5060327, 47.4125943], [8.5060286, 47.4125956], [8.5060244, 47.4125967], [8.5060201, 47.4125977], [8.5060158, 47.4125986], [8.5060114, 47.4125994], [8.506007, 47.4126001], [8.5060025, 47.4126007], [8.505998, 47.4126012], [8.505989, 47.4126019], [8.5059845, 47.412602], [8.50598, 47.4126021], [8.5059754, 47.412602], [8.5059709, 47.4126018], [8.5059664, 47.4126016], [8.5059619, 47.4126012], [8.5059574, 47.4126007], [8.505953, 47.4126001], [8.5059442, 47.4125985], [8.5058284, 47.4125771], [8.5056883, 47.4125474], [8.5050943, 47.4124249], [8.5050392, 47.4124606], [8.5043697, 47.4128866], [8.5036959, 47.4133121], [8.5031005, 47.4136734], [8.5030213, 47.4135553], [8.5029555, 47.4134818], [8.502926, 47.4134489], [8.5028809, 47.4133982], [8.5028704, 47.413387], [8.5029397, 47.413265], [8.5026671, 47.4131729], [8.5021953, 47.4128816], [8.5021665, 47.4128641], [8.5021514, 47.4128856], [8.5021131, 47.4129062], [8.5020902, 47.4128985], [8.5020287, 47.4128776], [8.5019566, 47.4128533], [8.5016992, 47.4127662], [8.5015241, 47.4130838], [8.5013672, 47.4133713], [8.5013469, 47.4134282], [8.5011775, 47.4139235], [8.5011283, 47.4142264], [8.5012953, 47.4145721], [8.5009054, 47.415273], [8.500696, 47.4154449], [8.5006579, 47.4154761], [8.5003162, 47.4157567], [8.4998889, 47.4160001], [8.4991584, 47.4163235], [8.4985393, 47.41659], [8.4985167, 47.4166001], [8.4979454, 47.416813], [8.4979137, 47.4168218], [8.4974392, 47.4169592], [8.4968496, 47.4171604], [8.496423, 47.4173528], [8.4961642, 47.4175245], [8.4961265, 47.4175499], [8.4959865, 47.4176425], [8.4955988, 47.4179085], [8.4953147, 47.4181083], [8.4950228, 47.41831], [8.4947867, 47.4185732], [8.4947594, 47.4186025], [8.4945447, 47.4188339], [8.4942428, 47.4190378], [8.4941297, 47.4191092], [8.4941528, 47.4193069], [8.49423, 47.4194634], [8.494255, 47.4195141], [8.4942982, 47.4195804], [8.4943273, 47.4196257], [8.4942802, 47.4196386], [8.4940793, 47.4196956], [8.4938932, 47.4197486], [8.4938129, 47.4197713], [8.4937156, 47.4197973], [8.4936092, 47.4198256], [8.493505, 47.4198535], [8.4933985, 47.4198826], [8.4932831, 47.4198877], [8.4931092, 47.4198963], [8.493057, 47.4199054], [8.4927464, 47.4199605], [8.4925857, 47.4199916], [8.4922327, 47.4200615], [8.4922107, 47.4200668], [8.4918951, 47.4201425], [8.4915809, 47.4201757], [8.4914192, 47.4202154], [8.4914358, 47.4203899], [8.491442, 47.4205182], [8.4913634, 47.4205668], [8.4913922, 47.4206674], [8.4912025, 47.4207118], [8.4907169, 47.4208735], [8.4901263, 47.4210353], [8.4896027, 47.4211364], [8.4888375, 47.421297], [8.4883831, 47.421464], [8.4881585, 47.4215356], [8.4878946, 47.4216414], [8.4879759, 47.4220057], [8.4878437, 47.4220133], [8.4875392, 47.4219561], [8.4872716, 47.4219008], [8.4868376, 47.4218633], [8.4867049, 47.4218035], [8.4865886, 47.4216413], [8.486414, 47.4215693], [8.4861039, 47.421553], [8.4856711, 47.4216133], [8.4850916, 47.4217194], [8.4844182, 47.4218543], [8.4839746, 47.4219407], [8.4835422, 47.4220509], [8.4832515, 47.4221305], [8.4829303, 47.4222233], [8.4829169, 47.422465], [8.4829556, 47.4226546], [8.4826282, 47.4227711], [8.4822002, 47.4228991], [8.4817772, 47.4229958], [8.4817178, 47.4230013], [8.4816239, 47.4224423], [8.4815498, 47.4221972], [8.4814299, 47.4217549], [8.4813815, 47.4215589], [8.4813413, 47.4214116], [8.481381, 47.4213894], [8.4813229, 47.4213413], [8.4808537, 47.4213607], [8.4801603, 47.421413], [8.4799502, 47.4214203], [8.4797307, 47.4214056], [8.4793795, 47.4211329], [8.4792216, 47.4213332], [8.4789643, 47.4217179], [8.4784244, 47.4218912], [8.4778412, 47.4221142], [8.4777243, 47.4218842], [8.4776168, 47.4216509], [8.4772085, 47.4208146], [8.4768916, 47.4201582], [8.4771501, 47.4199156], [8.4772144, 47.4197437], [8.4769723, 47.4196194], [8.4767271, 47.4195155], [8.4765219, 47.4194237], [8.4755565, 47.4190286], [8.4754379, 47.4190008], [8.4745438, 47.4186749], [8.4715954, 47.4176254], [8.4696365, 47.4175233], [8.4691434, 47.4169259], [8.4691471, 47.4164882], [8.4694561, 47.4160751], [8.4695741, 47.4159281], [8.469759, 47.4157909], [8.4700845, 47.4155736], [8.4700468, 47.4155378], [8.4700495, 47.4155078], [8.470015, 47.4154689], [8.4700076, 47.4154319], [8.4699003, 47.4153505], [8.4698756, 47.4153138], [8.4697969, 47.4152388], [8.4697476, 47.4151584], [8.4697143, 47.4151193], [8.4696962, 47.4150562], [8.4696798, 47.4150463], [8.4696874, 47.4150196], [8.4696424, 47.4149642], [8.4695909, 47.414871], [8.4695645, 47.4148379], [8.4695368, 47.4148319], [8.4695072, 47.4148141], [8.469481, 47.4147933], [8.4694702, 47.4147638], [8.4694052, 47.4147497], [8.4693875, 47.4147294], [8.4692819, 47.4146748], [8.4692858, 47.4146651], [8.4692592, 47.4146515], [8.4692066, 47.4146038], [8.4691865, 47.4145988], [8.4691389, 47.4145492], [8.4690843, 47.4145303], [8.4690698, 47.4145153], [8.469066, 47.4144901], [8.468972, 47.4144298], [8.4689352, 47.4143603], [8.4689045, 47.4143416], [8.4688351, 47.4143106], [8.468823, 47.4142812], [8.4688102, 47.4142708], [8.4687897, 47.4142655], [8.4687697, 47.4142123], [8.4687327, 47.4141965], [8.4687071, 47.414176], [8.4686982, 47.4141568], [8.468639, 47.414133], [8.4686212, 47.4140985], [8.4685789, 47.4140788], [8.4685718, 47.4140529], [8.4685791, 47.4140248], [8.4685756, 47.4139934], [8.4685849, 47.4139571], [8.468622, 47.4139557], [8.4686442, 47.4139506], [8.4686852, 47.4138745], [8.4686381, 47.4138265], [8.4686486, 47.4137902], [8.4686364, 47.4137227], [8.4686633, 47.4136722], [8.4686419, 47.4136249], [8.4685428, 47.4135939], [8.4684864, 47.4135718], [8.4684066, 47.4135813], [8.4683865, 47.4135779], [8.468315, 47.4135465], [8.4682263, 47.4135204], [8.4681871, 47.4134842], [8.4681863, 47.4134423], [8.4681597, 47.4134221], [8.4681193, 47.4134181], [8.4680751, 47.4133623], [8.4680179, 47.413339], [8.468753, 47.4122872], [8.4687686, 47.412247], [8.4700498, 47.4124934], [8.4703206, 47.412532], [8.470388, 47.4124965], [8.4704544, 47.4115917], [8.4708629, 47.4116718], [8.4709418, 47.4115946], [8.4711388, 47.411367], [8.471109, 47.4111241], [8.4710217, 47.4109348], [8.471582, 47.4108256], [8.4724811, 47.4106219], [8.4726939, 47.4105817], [8.4727769, 47.4107411], [8.4729132, 47.4109761], [8.4730376, 47.4114562], [8.4735014, 47.411931], [8.4735914, 47.4120623], [8.473728, 47.4121153], [8.4739485, 47.4122209], [8.474159, 47.412263], [8.4745066, 47.4123673], [8.4747653, 47.4124213], [8.4748924, 47.4124124], [8.4755764, 47.4123446], [8.4758327, 47.4123054], [8.47617, 47.4122368], [8.4764708, 47.4121645], [8.4768971, 47.4120232], [8.4772616, 47.411937], [8.4770194, 47.4116485], [8.4768382, 47.4114596], [8.476745, 47.4112431], [8.4766595, 47.4109679], [8.4765085, 47.4109841], [8.4763914, 47.4110015], [8.4762912, 47.4110235], [8.4761642, 47.4108268], [8.4760581, 47.4107156], [8.4758433, 47.4107676], [8.4756723, 47.4103244], [8.4754441, 47.4097041], [8.4763506, 47.4095102], [8.4770385, 47.4093448], [8.4772998, 47.4091379], [8.477263, 47.4090222], [8.4772735, 47.4088365], [8.4772608, 47.4086775], [8.4772719, 47.4081686], [8.4770575, 47.4076355], [8.4770662, 47.4061928], [8.4772014, 47.4059554], [8.4772513, 47.4059012], [8.477295, 47.405839], [8.4773391, 47.4057424], [8.4773581, 47.4056421], [8.4773593, 47.4053617], [8.4774051, 47.4053265], [8.4773893, 47.405164], [8.4779021, 47.4051187], [8.4780035, 47.4051079], [8.4781975, 47.4050798], [8.4781387, 47.4047602], [8.4781888, 47.4042328], [8.4781989, 47.4042325], [8.4781611, 47.4038737], [8.4786183, 47.403846], [8.4788524, 47.4038269], [8.4793282, 47.4037733], [8.4795636, 47.4037377], [8.479797, 47.4036963], [8.4800279, 47.4036491], [8.4802562, 47.4035963], [8.4807037, 47.4034736], [8.4809221, 47.4034041], [8.4811367, 47.4033292], [8.4813472, 47.403249], [8.4815532, 47.4031637], [8.4819508, 47.4029786], [8.4821419, 47.4028789], [8.4823275, 47.4027744], [8.4825074, 47.4026655], [8.4826814, 47.4025521], [8.4830104, 47.4023127], [8.4831651, 47.402187], [8.4833129, 47.4020576], [8.4834537, 47.4019246], [8.4835873, 47.4017883], [8.484013, 47.4013358], [8.4847265, 47.4005771], [8.4850567, 47.4002261], [8.4852673, 47.4000197], [8.4853809, 47.3999206], [8.4854999, 47.3998244], [8.4857533, 47.3996415], [8.4858874, 47.3995549], [8.4860261, 47.3994718], [8.4863166, 47.3993164], [8.4864681, 47.3992444], [8.4866234, 47.3991762], [8.4869448, 47.3990518], [8.4871103, 47.3989958], [8.4872789, 47.398944], [8.4876239, 47.3988534], [8.4878, 47.3988147], [8.487978, 47.3987804], [8.4883388, 47.3987256], [8.4885213, 47.398705], [8.4887047, 47.3986891], [8.4890736, 47.3986712], [8.4892585, 47.3986693], [8.4894434, 47.398672], [8.4898122, 47.3986914], [8.4899956, 47.3987081], [8.4901779, 47.3987295], [8.4922126, 47.3989933], [8.4929462, 47.3990885], [8.4933903, 47.3991354], [8.4936139, 47.3991512], [8.4940628, 47.3991672], [8.4942877, 47.3991675], [8.4947365, 47.3991524], [8.4949601, 47.3991371], [8.4954044, 47.3990911], [8.4956246, 47.3990604], [8.497298, 47.3988082], [8.4976713, 47.3987439], [8.4978558, 47.3987062], [8.4982194, 47.3986201], [8.4983984, 47.3985718], [8.4987498, 47.3984645], [8.4989219, 47.3984057], [8.499258, 47.398278], [8.4994219, 47.3982093], [8.4997405, 47.3980622], [8.499895, 47.397984], [8.5001933, 47.3978187], [8.500337, 47.3977316], [8.5006132, 47.3975493], [8.5007453, 47.3974541], [8.500997, 47.397256], [8.5011163, 47.3971534], [8.5019098, 47.3964525], [8.5021773, 47.396232], [8.5023195, 47.3961266], [8.5026199, 47.3959266], [8.5027777, 47.3958321], [8.5031074, 47.3956546], [8.503279, 47.395572], [8.5036347, 47.3954191], [8.5038183, 47.3953491], [8.5041956, 47.3952228], [8.5043889, 47.3951665], [8.5047839, 47.3950679], [8.504985, 47.3950257], [8.5052722, 47.3949744], [8.5054171, 47.3949525]]]]}}, {"type": "Feature", "properties": {"name": "Wipkingen"}, "geometry": {"type": "MultiPolygon", "coordinates": [[[[8.5328639, 47.3863945], [8.5315159, 47.3872173], [8.5301396, 47.3881287], [8.5298705, 47.3883068], [8.528331, 47.3893912], [8.5274137, 47.3899187], [8.5260762, 47.3905888], [8.5255542, 47.390839], [8.5248253, 47.3911353], [8.5242295, 47.3913561], [8.5235837, 47.3915124], [8.523411, 47.3915542], [8.5233335, 47.391573], [8.5218867, 47.3919216], [8.5210782, 47.3920653], [8.5202556, 47.3922216], [8.5186179, 47.3926625], [8.5170004, 47.3930977], [8.5162484, 47.3933678], [8.515792, 47.3935317], [8.5148022, 47.393923], [8.5148108, 47.3939582], [8.5148663, 47.3941833], [8.5148695, 47.3941966], [8.5148771, 47.3942265], [8.5149311, 47.3944436], [8.5149321, 47.3944476], [8.5149336, 47.3945107], [8.5149348, 47.3945253], [8.5149379, 47.3945776], [8.5149465, 47.3947169], [8.5149547, 47.3948445], [8.5149594, 47.394919], [8.5150047, 47.3951533], [8.5150219, 47.3952431], [8.5150239, 47.3952521], [8.5150458, 47.3953637], [8.515076, 47.3954564], [8.5151128, 47.395573], [8.5152295, 47.3959417], [8.5152527, 47.3960152], [8.5151833, 47.3960353], [8.5151358, 47.3960495], [8.5150412, 47.3960763], [8.5149926, 47.3960882], [8.5149432, 47.3960978], [8.5149985, 47.3961903], [8.5150059, 47.3962029], [8.515163, 47.3964673], [8.5151841, 47.3965026], [8.5152281, 47.3965768], [8.5151798, 47.3965793], [8.5150896, 47.3966222], [8.5150788, 47.3966274], [8.5150743, 47.3966359], [8.515029, 47.3967208], [8.5149871, 47.3967227], [8.5149305, 47.3968288], [8.5148963, 47.396893], [8.514906, 47.3969731], [8.5148947, 47.3969731], [8.5148527, 47.3970519], [8.5148462, 47.3970518], [8.5148388, 47.397065], [8.5148207, 47.3970972], [8.5146736, 47.3973596], [8.5145959, 47.3974984], [8.5145735, 47.397545], [8.5144593, 47.3977848], [8.5144332, 47.3977817], [8.514416, 47.3978571], [8.514435, 47.3978597], [8.5144729, 47.3978651], [8.5145179, 47.397872], [8.5146076, 47.3978869], [8.5146359, 47.397892], [8.5146923, 47.3979025], [8.5147205, 47.3979079], [8.5147765, 47.3979191], [8.5149978, 47.3979647], [8.5149889, 47.3979815], [8.5149522, 47.3980521], [8.5148675, 47.3981985], [8.5148609, 47.3982108], [8.5146701, 47.3985391], [8.5146475, 47.3985773], [8.5146139, 47.3986534], [8.5145433, 47.3988536], [8.5145329, 47.3988648], [8.5143832, 47.3990173], [8.5141759, 47.3989739], [8.5140666, 47.3990745], [8.5140155, 47.399146], [8.5140362, 47.3991562], [8.5140793, 47.3991748], [8.5141019, 47.3991831], [8.5141484, 47.3991976], [8.5148083, 47.399385], [8.5155027, 47.3995822], [8.5157647, 47.3997498], [8.5157641, 47.3997509], [8.5157636, 47.399752], [8.5157632, 47.3997531], [8.5157628, 47.3997543], [8.5157625, 47.3997555], [8.5157622, 47.3997566], [8.515762, 47.3997578], [8.5157619, 47.399759], [8.5157618, 47.3997601], [8.5157618, 47.3997613], [8.5157619, 47.3997625], [8.515762, 47.3997637], [8.5157622, 47.3997648], [8.5157624, 47.399766], [8.5157627, 47.3997672], [8.5157631, 47.3997683], [8.5157635, 47.3997695], [8.515764, 47.3997706], [8.5157645, 47.3997717], [8.5157651, 47.3997728], [8.5157658, 47.3997739], [8.5157665, 47.399775], [8.5157672, 47.399776], [8.5157681, 47.3997771], [8.5157689, 47.3997781], [8.5157699, 47.3997791], [8.5157708, 47.3997801], [8.5157719, 47.399781], [8.5157729, 47.3997819], [8.5157741, 47.3997828], [8.5157752, 47.3997837], [8.5157765, 47.3997845], [8.5157777, 47.3997853], [8.515779, 47.3997861], [8.5157804, 47.3997869], [8.5157818, 47.3997876], [8.5157832, 47.3997882], [8.5157846, 47.3997889], [8.5157861, 47.3997895], [8.5157892, 47.3997906], [8.5158475, 47.3998101], [8.5159961, 47.3998506], [8.5160263, 47.3998594], [8.516056, 47.399869], [8.5160852, 47.3998794], [8.5161137, 47.3998906], [8.5161686, 47.3999152], [8.516195, 47.3999285], [8.5162207, 47.3999426], [8.5162455, 47.3999574], [8.5162694, 47.3999728], [8.5163144, 47.4000055], [8.5165719, 47.400207], [8.5165854, 47.4002177], [8.5166115, 47.4002397], [8.516624, 47.4002509], [8.5166482, 47.4002738], [8.516768, 47.4003924], [8.5168169, 47.4004348], [8.5171374, 47.4008365], [8.5172008, 47.4008941], [8.5172935, 47.4009683], [8.5173116, 47.4009846], [8.5173289, 47.4010014], [8.5173451, 47.4010186], [8.5173604, 47.4010363], [8.5173878, 47.4010727], [8.5174, 47.4010915], [8.517411, 47.4011107], [8.517421, 47.4011301], [8.5174298, 47.4011498], [8.517444, 47.4011898], [8.517481, 47.4013155], [8.5174879, 47.4013367], [8.5174961, 47.4013577], [8.5175054, 47.4013784], [8.517516, 47.4013989], [8.5175277, 47.401419], [8.5175545, 47.4014584], [8.5175696, 47.4014776], [8.5175859, 47.4014963], [8.5176031, 47.4015147], [8.5176215, 47.4015325], [8.5176408, 47.4015498], [8.5176824, 47.4015829], [8.5181259, 47.4019077], [8.5181446, 47.4019218], [8.5181624, 47.4019364], [8.5181795, 47.4019514], [8.5181958, 47.4019669], [8.5182112, 47.4019827], [8.5182259, 47.4019988], [8.5182396, 47.4020154], [8.5182525, 47.4020322], [8.5182644, 47.4020494], [8.5182755, 47.4020668], [8.5182949, 47.4021024], [8.5183005, 47.4021142], [8.5183107, 47.4021382], [8.5184551, 47.4022825], [8.5194737, 47.4033006], [8.5213546, 47.4051793], [8.5220274, 47.4058514], [8.5220743, 47.4058982], [8.5228699, 47.4066933], [8.5230299, 47.4068533], [8.523224, 47.4066773], [8.5234425, 47.4064791], [8.5237413, 47.4061969], [8.523953, 47.4060177], [8.5241762, 47.4058349], [8.5243289, 47.405689], [8.5245565, 47.4055002], [8.5246369, 47.4055412], [8.5246713, 47.4055587], [8.5249383, 47.4056947], [8.5254286, 47.4058872], [8.5254716, 47.405904], [8.5253983, 47.4061745], [8.5253727, 47.4066552], [8.5254328, 47.4066716], [8.5257264, 47.4067518], [8.5258162, 47.4067762], [8.5260981, 47.4068533], [8.5263543, 47.4069233], [8.5264307, 47.4069442], [8.5266982, 47.4070179], [8.5267172, 47.4070231], [8.5268705, 47.4070874], [8.5271611, 47.4066846], [8.527445, 47.406292], [8.5276716, 47.4059782], [8.5277406, 47.4058904], [8.5277773, 47.4058473], [8.527855, 47.4057629], [8.5278959, 47.4057216], [8.5279823, 47.4056401], [8.5280284, 47.4056009], [8.5281264, 47.405526], [8.5281782, 47.4054902], [8.5282002, 47.4054789], [8.5283398, 47.4055271], [8.5285291, 47.4052765], [8.528554, 47.4052503], [8.5285774, 47.4052349], [8.5286104, 47.4052206], [8.5294715, 47.4049123], [8.5295421, 47.4048847], [8.5295766, 47.4048701], [8.5296439, 47.4048392], [8.5296768, 47.4048229], [8.5297363, 47.404791], [8.5297927, 47.4047568], [8.5298465, 47.4047206], [8.5298969, 47.4046822], [8.5299438, 47.4046413], [8.529987, 47.4045992], [8.5300263, 47.4045554], [8.5300621, 47.40451], [8.5300933, 47.4044632], [8.5301228, 47.4044154], [8.5303575, 47.4040361], [8.5306289, 47.4035984], [8.5306228, 47.4032852], [8.5305764, 47.4028997], [8.530572, 47.4028323], [8.5305726, 47.4027985], [8.5305752, 47.4027648], [8.5305797, 47.4027312], [8.5305861, 47.4026977], [8.5305945, 47.4026644], [8.5306047, 47.4026314], [8.5306167, 47.4025986], [8.5306444, 47.402538], [8.5306607, 47.4025083], [8.5306785, 47.4024789], [8.5307224, 47.4024176], [8.530747, 47.4023879], [8.5307732, 47.4023588], [8.5308011, 47.4023304], [8.5312369, 47.4019047], [8.5313566, 47.4017807], [8.5314128, 47.4017171], [8.5315174, 47.401587], [8.5315658, 47.4015206], [8.5316547, 47.4013851], [8.531695, 47.4013162], [8.5317674, 47.4011764], [8.5317994, 47.4011056], [8.5319381, 47.4007848], [8.5319955, 47.400633], [8.5320185, 47.4005561], [8.5320304, 47.40051], [8.5320358, 47.4004869], [8.5320564, 47.4003779], [8.5320638, 47.4003232], [8.5320748, 47.4001668], [8.5320744, 47.4000885], [8.5319285, 47.4000905], [8.531904, 47.3998044], [8.5318527, 47.3995275], [8.5318407, 47.3994568], [8.5318176, 47.39932], [8.5317462, 47.3992377], [8.5318341, 47.3991085], [8.5319853, 47.3988657], [8.5319984, 47.398844], [8.532017, 47.398813], [8.5321059, 47.3986648], [8.5321961, 47.3985055], [8.5322307, 47.3984433], [8.5322478, 47.3984121], [8.5322784, 47.3983555], [8.5322935, 47.3983271], [8.5323023, 47.3982975], [8.5323105, 47.3982267], [8.532311, 47.3982191], [8.532311, 47.3982154], [8.5323108, 47.3982116], [8.5323103, 47.3982078], [8.5323097, 47.398204], [8.5323089, 47.3982003], [8.5323079, 47.3981965], [8.5323067, 47.3981928], [8.5323053, 47.3981891], [8.5323038, 47.3981855], [8.532302, 47.3981819], [8.5323001, 47.3981783], [8.5322979, 47.3981748], [8.5322956, 47.3981714], [8.5322931, 47.398168], [8.5322905, 47.3981646], [8.5322877, 47.3981614], [8.5322847, 47.3981582], [8.5322815, 47.398155], [8.5322782, 47.398152], [8.5322711, 47.3981461], [8.5322673, 47.3981433], [8.5322634, 47.3981406], [8.5322594, 47.398138], [8.5322552, 47.3981355], [8.5322509, 47.3981331], [8.5322465, 47.3981307], [8.5322419, 47.3981285], [8.5322373, 47.3981264], [8.5322325, 47.3981245], [8.5322277, 47.3981226], [8.5322227, 47.3981208], [8.5322177, 47.3981192], [8.5322125, 47.3981177], [8.5322073, 47.3981163], [8.5322021, 47.398115], [8.5321968, 47.3981139], [8.5321914, 47.3981129], [8.5321859, 47.398112], [8.5321805, 47.3981112], [8.5322347, 47.3979937], [8.5322413, 47.3979944], [8.5322446, 47.3979947], [8.5322479, 47.3979948], [8.5322513, 47.3979949], [8.5322546, 47.3979949], [8.532258, 47.3979949], [8.5322613, 47.3979947], [8.5322646, 47.3979945], [8.5322679, 47.3979942], [8.5322712, 47.3979938], [8.5322745, 47.3979933], [8.5322777, 47.3979927], [8.5322809, 47.3979921], [8.5322841, 47.3979914], [8.5322872, 47.3979906], [8.5322903, 47.3979897], [8.5322934, 47.3979888], [8.5322964, 47.3979878], [8.5322993, 47.3979867], [8.5323022, 47.3979855], [8.532305, 47.3979843], [8.5323077, 47.397983], [8.5323104, 47.3979816], [8.532313, 47.3979802], [8.5323179, 47.3979771], [8.5323203, 47.3979755], [8.5323226, 47.3979739], [8.5323247, 47.3979722], [8.5323268, 47.3979704], [8.5323288, 47.3979686], [8.5323307, 47.3979667], [8.5323325, 47.3979648], [8.5323342, 47.3979628], [8.5323357, 47.3979608], [8.5323372, 47.3979588], [8.5323386, 47.3979567], [8.5323398, 47.3979546], [8.532341, 47.3979525], [8.532342, 47.3979503], [8.5323429, 47.3979481], [8.5323437, 47.3979459], [8.5323444, 47.3979437], [8.532345, 47.3979415], [8.5323454, 47.3979392], [8.5323457, 47.397937], [8.5323459, 47.3979347], [8.532346, 47.3979324], [8.532346, 47.3979302], [8.5323453, 47.3979163], [8.5323448, 47.3979094], [8.5323441, 47.3979007], [8.5323437, 47.3978963], [8.5323412, 47.3978738], [8.5323397, 47.3978626], [8.5323363, 47.397846], [8.5323339, 47.3978377], [8.532331, 47.3978295], [8.5323277, 47.3978214], [8.5323239, 47.3978134], [8.5323153, 47.3977981], [8.5323104, 47.3977907], [8.5323051, 47.3977833], [8.5322994, 47.3977761], [8.5322933, 47.3977691], [8.5322868, 47.3977621], [8.53228, 47.3977554], [8.5322988, 47.3974007], [8.5323611, 47.3972971], [8.5323449, 47.3969522], [8.5323373, 47.3968718], [8.53233, 47.3968364], [8.5323262, 47.3968187], [8.5322991, 47.3967123], [8.5322832, 47.3966593], [8.5322787, 47.3966451], [8.5321835, 47.3963445], [8.5320998, 47.39608], [8.5320332, 47.3959377], [8.5319987, 47.3958403], [8.5318894, 47.3954895], [8.5320827, 47.3953886], [8.532224, 47.3952585], [8.5323708, 47.3951396], [8.532471, 47.3950877], [8.5325548, 47.3950111], [8.5325554, 47.3950105], [8.5325538, 47.3950099], [8.532574, 47.3949913], [8.532662, 47.3949082], [8.5327467, 47.3948229], [8.5327611, 47.3948075], [8.5328277, 47.3947362], [8.532905, 47.3946479], [8.5329461, 47.3945982], [8.5329722, 47.3945664], [8.5330526, 47.3944609], [8.5330908, 47.3944075], [8.5331636, 47.3942993], [8.533198, 47.3942447], [8.533347, 47.3940098], [8.5334731, 47.3938109], [8.5335576, 47.3936782], [8.5335918, 47.393628], [8.5336592, 47.3935361], [8.5337313, 47.3934459], [8.5337927, 47.3933757], [8.5338086, 47.3933575], [8.5338765, 47.3932862], [8.5338907, 47.3932713], [8.5339649, 47.3931994], [8.5339774, 47.3931873], [8.5340713, 47.3930995], [8.5340737, 47.3930971], [8.5340758, 47.3930946], [8.5340776, 47.393092], [8.5340792, 47.3930893], [8.5340804, 47.3930866], [8.5340814, 47.3930838], [8.5340821, 47.393081], [8.5340825, 47.3930781], [8.5340826, 47.3930753], [8.5340826, 47.3930738], [8.5340819, 47.3930695], [8.5340811, 47.3930666], [8.5340799, 47.3930638], [8.5340785, 47.3930611], [8.5340768, 47.3930584], [8.5340748, 47.3930558], [8.5340725, 47.3930533], [8.53407, 47.393051], [8.5340672, 47.3930487], [8.5342487, 47.3928816], [8.534388, 47.3927533], [8.534609, 47.3925459], [8.5347045, 47.3924568], [8.5348066, 47.3923609], [8.534914, 47.3922631], [8.5349688, 47.3922148], [8.5350045, 47.392184], [8.5350225, 47.3921687], [8.5351732, 47.3920442], [8.5352506, 47.3919831], [8.5353639, 47.391895], [8.535541, 47.3917571], [8.5357114, 47.3916245], [8.5358831, 47.391491], [8.5358351, 47.3914307], [8.5362048, 47.3914286], [8.5360294, 47.3912678], [8.536131, 47.3911888], [8.5361326, 47.3911499], [8.5361396, 47.3909773], [8.5361466, 47.3908083], [8.5361547, 47.3906096], [8.5361558, 47.3905834], [8.5361637, 47.3903902], [8.5361731, 47.3901604], [8.536187, 47.3898207], [8.5362098, 47.3892637], [8.5362254, 47.3888884], [8.536242, 47.3884791], [8.5362419, 47.3884761], [8.5362418, 47.3884746], [8.5362416, 47.388473], [8.5362413, 47.3884715], [8.5362409, 47.38847], [8.5362404, 47.3884685], [8.5362399, 47.388467], [8.5362393, 47.3884655], [8.5362386, 47.3884641], [8.5362379, 47.3884626], [8.536237, 47.3884612], [8.5362361, 47.3884598], [8.5362351, 47.3884584], [8.5362341, 47.3884571], [8.536233, 47.3884558], [8.5362318, 47.3884545], [8.5362305, 47.3884532], [8.5362292, 47.3884519], [8.5362278, 47.3884507], [8.5362264, 47.3884496], [8.5362249, 47.3884484], [8.5362233, 47.3884473], [8.5362217, 47.3884463], [8.53622, 47.3884452], [8.5362183, 47.3884443], [8.5362165, 47.3884433], [8.5362147, 47.3884424], [8.5362128, 47.3884416], [8.5362109, 47.3884407], [8.536209, 47.38844], [8.536207, 47.3884393], [8.5362049, 47.3884386], [8.5362029, 47.388438], [8.5362008, 47.3884374], [8.5361965, 47.3884364], [8.5361944, 47.388436], [8.5361922, 47.3884356], [8.5361899, 47.3884353], [8.5361877, 47.388435], [8.5361855, 47.3884348], [8.5361832, 47.3884347], [8.536181, 47.3884346], [8.5361787, 47.3884345], [8.5361765, 47.3884345], [8.5361742, 47.3884346], [8.5361719, 47.3884347], [8.5361697, 47.3884349], [8.5361675, 47.3884351], [8.5361652, 47.3884354], [8.536163, 47.3884357], [8.5361609, 47.3884361], [8.5361587, 47.3884365], [8.5361565, 47.388437], [8.5361544, 47.3884376], [8.5361523, 47.3884382], [8.5361503, 47.3884388], [8.5361483, 47.3884395], [8.5361463, 47.3884402], [8.5361443, 47.388441], [8.5361424, 47.3884418], [8.5361406, 47.3884427], [8.5361388, 47.3884436], [8.536137, 47.3884446], [8.5361353, 47.3884456], [8.5361336, 47.3884466], [8.536132, 47.3884477], [8.5361305, 47.3884488], [8.536129, 47.38845], [8.5359847, 47.3883391], [8.5360027, 47.3883066], [8.5360104, 47.3882901], [8.5360172, 47.3882733], [8.536023, 47.3882565], [8.536028, 47.3882394], [8.536032, 47.3882223], [8.536035, 47.3882051], [8.5360384, 47.3881678], [8.5360384, 47.3881491], [8.5360373, 47.3881304], [8.5360352, 47.3881118], [8.5360319, 47.3880933], [8.5360283, 47.3880757], [8.5360261, 47.3880669], [8.5360141, 47.3880331], [8.5360067, 47.3880164], [8.5359984, 47.388], [8.5359893, 47.3879837], [8.5359792, 47.3879677], [8.5359683, 47.387952], [8.5359565, 47.3879365], [8.5359435, 47.3879201], [8.5358823, 47.3878489], [8.535849, 47.3878144], [8.5358331, 47.3877991], [8.535825, 47.3877915], [8.5357375, 47.3877153], [8.5356903, 47.3876791], [8.5356835, 47.3876739], [8.5353209, 47.3874102], [8.5350859, 47.3872393], [8.5349583, 47.3871464], [8.5349525, 47.3871425], [8.5349495, 47.3871407], [8.5349463, 47.3871389], [8.5349431, 47.3871372], [8.5349398, 47.3871356], [8.5349364, 47.3871341], [8.5349329, 47.3871326], [8.5349294, 47.3871313], [8.5349258, 47.38713], [8.5349221, 47.3871288], [8.5349184, 47.3871277], [8.5349146, 47.3871267], [8.5349107, 47.3871258], [8.5349069, 47.387125], [8.5349029, 47.3871242], [8.534899, 47.3871236], [8.534895, 47.3871231], [8.534891, 47.3871227], [8.5348869, 47.3871223], [8.5348829, 47.3871221], [8.5348788, 47.3871219], [8.5346977, 47.3869964], [8.5345204, 47.3868672], [8.5344039, 47.3869408], [8.5343736, 47.3869187], [8.5342767, 47.3869807], [8.5341989, 47.3870333], [8.5341513, 47.3870615], [8.534112, 47.3870352], [8.5339717, 47.38699], [8.5340066, 47.3869024], [8.5339961, 47.3868703], [8.5339673, 47.3868713], [8.5339529, 47.3868712], [8.5339386, 47.3868706], [8.53391, 47.3868684], [8.5338958, 47.3868666], [8.5338818, 47.3868645], [8.5338827, 47.3868611], [8.5336072, 47.3868212], [8.5336005, 47.3868259], [8.5334785, 47.386808], [8.5334739, 47.3868074], [8.5334715, 47.3868072], [8.5334692, 47.3868071], [8.5334668, 47.386807], [8.5334644, 47.386807], [8.5334621, 47.386807], [8.5334597, 47.3868071], [8.5334574, 47.3868072], [8.533455, 47.3868074], [8.5334527, 47.3868077], [8.5334504, 47.386808], [8.5334481, 47.3868084], [8.5334458, 47.3868088], [8.5334435, 47.3868093], [8.5334392, 47.3868103], [8.533437, 47.3868109], [8.5334349, 47.3868116], [8.5334328, 47.3868123], [8.5334308, 47.386813], [8.5334288, 47.3868138], [8.5334268, 47.3868147], [8.5334249, 47.3868156], [8.5334231, 47.3868165], [8.5334213, 47.3868175], [8.5334195, 47.3868185], [8.5334178, 47.3868196], [8.5334161, 47.3868207], [8.5334145, 47.3868218], [8.5333657, 47.3868499], [8.5333561, 47.3868554], [8.5333254, 47.3868301], [8.5332926, 47.3868043], [8.533211, 47.3867409], [8.5332002, 47.3867323], [8.5332014, 47.3867315], [8.5331893, 47.3867223], [8.5331927, 47.3867203], [8.5332394, 47.3866928], [8.5328639, 47.3863945]]]]}}, {"type": "Feature", "properties": {"name": "Affoltern"}, "geometry": {"type": "MultiPolygon", "coordinates": [[[[8.5253727, 47.4066552], [8.5250774, 47.4065746], [8.5250553, 47.4065686], [8.5249943, 47.406782], [8.5252666, 47.4068344], [8.5252048, 47.4069583], [8.5251194, 47.4071297], [8.5250411, 47.4072819], [8.5249601, 47.4074277], [8.5249464, 47.4074462], [8.5245912, 47.4079286], [8.5245437, 47.4078915], [8.5240693, 47.4082152], [8.5238253, 47.40837], [8.5235466, 47.4085517], [8.5232145, 47.4087682], [8.5228896, 47.4089799], [8.5226311, 47.4091495], [8.5226391, 47.409159], [8.5225131, 47.4092021], [8.5224941, 47.4092086], [8.5221977, 47.4093098], [8.5215938, 47.4095161], [8.5209306, 47.4097426], [8.5203379, 47.4099456], [8.5197471, 47.4101475], [8.5191525, 47.4103516], [8.5185733, 47.4105495], [8.5180055, 47.4107433], [8.5176756, 47.4108573], [8.5177305, 47.4109262], [8.5174827, 47.4109513], [8.516934, 47.4109562], [8.516612, 47.4109474], [8.5161944, 47.4109566], [8.5159881, 47.4109534], [8.5157706, 47.4109466], [8.5155124, 47.4109369], [8.515177, 47.4108956], [8.5148316, 47.4107542], [8.514384, 47.41095], [8.5138466, 47.4111754], [8.513227, 47.411121], [8.5126402, 47.4113382], [8.5122685, 47.4114758], [8.5121781, 47.4115804], [8.5121714, 47.4115881], [8.5120706, 47.4115843], [8.5118687, 47.4115829], [8.5109491, 47.4115948], [8.5109533, 47.4117432], [8.5098102, 47.4117579], [8.5095462, 47.4117614], [8.5071372, 47.4117926], [8.5069058, 47.4117951], [8.5062985, 47.4121772], [8.5060568, 47.412105], [8.5060327, 47.4125943], [8.5060286, 47.4125956], [8.5060244, 47.4125967], [8.5060201, 47.4125977], [8.5060158, 47.4125986], [8.5060114, 47.4125994], [8.506007, 47.4126001], [8.5060025, 47.4126007], [8.505998, 47.4126012], [8.505989, 47.4126019], [8.5059845, 47.412602], [8.50598, 47.4126021], [8.5059754, 47.412602], [8.5059709, 47.4126018], [8.5059664, 47.4126016], [8.5059619, 47.4126012], [8.5059574, 47.4126007], [8.505953, 47.4126001], [8.5059442, 47.4125985], [8.5058284, 47.4125771], [8.5056883, 47.4125474], [8.5050943, 47.4124249], [8.5050392, 47.4124606], [8.5043697, 47.4128866], [8.5036959, 47.4133121], [8.5031005, 47.4136734], [8.5030213, 47.4135553], [8.5029555, 47.4134818], [8.502926, 47.4134489], [8.5028809, 47.4133982], [8.5028704, 47.413387], [8.5029397, 47.413265], [8.5026671, 47.4131729], [8.5021953, 47.4128816], [8.5021665, 47.4128641], [8.5021514, 47.4128856], [8.5021131, 47.4129062], [8.5020902, 47.4128985], [8.5020287, 47.4128776], [8.5019566, 47.4128533], [8.5016992, 47.4127662], [8.5015241, 47.4130838], [8.5013672, 47.4133713], [8.5013469, 47.4134282], [8.5011775, 47.4139235], [8.5011283, 47.4142264], [8.5012953, 47.4145721], [8.5009054, 47.415273], [8.500696, 47.4154449], [8.5006579, 47.4154761], [8.5003162, 47.4157567], [8.4998889, 47.4160001], [8.4991584, 47.4163235], [8.4985393, 47.41659], [8.4985167, 47.4166001], [8.4979454, 47.416813], [8.4979137, 47.4168218], [8.4974392, 47.4169592], [8.4968496, 47.4171604], [8.496423, 47.4173528], [8.4961642, 47.4175245], [8.4961265, 47.4175499], [8.4959865, 47.4176425], [8.4955988, 47.4179085], [8.4953147, 47.4181083], [8.4950228, 47.41831], [8.4947867, 47.4185732], [8.4947594, 47.4186025], [8.4945447, 47.4188339], [8.4942428, 47.4190378], [8.4941297, 47.4191092], [8.4941528, 47.4193069], [8.49423, 47.4194634], [8.494255, 47.4195141], [8.4942982, 47.4195804], [8.4943273, 47.4196257], [8.4942802, 47.4196386], [8.4940793, 47.4196956], [8.4938932, 47.4197486], [8.4938129, 47.4197713], [8.4937156, 47.4197973], [8.4936092, 47.4198256], [8.493505, 47.4198535], [8.4933985, 47.4198826], [8.4932831, 47.4198877], [8.4931092, 47.4198963], [8.493057, 47.4199054], [8.4927464, 47.4199605], [8.4925857, 47.4199916], [8.4922327, 47.4200615], [8.4922107, 47.4200668], [8.4918951, 47.4201425], [8.4915809, 47.4201757], [8.4914192, 47.4202154], [8.4914358, 47.4203899], [8.491442, 47.4205182], [8.4913634, 47.4205668], [8.4913922, 47.4206674], [8.4912025, 47.4207118], [8.4907169, 47.4208735], [8.4901263, 47.4210353], [8.4896027, 47.4211364], [8.4888375, 47.421297], [8.4883831, 47.421464], [8.4881585, 47.4215356], [8.4878946, 47.4216414], [8.4879759, 47.4220057], [8.4879943, 47.4221067], [8.4881437, 47.422295], [8.4882509, 47.4224552], [8.4885268, 47.4227072], [8.4892876, 47.4225148], [8.4901439, 47.4223008], [8.4901991, 47.4223348], [8.4910161, 47.423898], [8.4900716, 47.4243484], [8.4901172, 47.4249041], [8.4900869, 47.4252391], [8.4900993, 47.4252579], [8.4901188, 47.4252792], [8.4901447, 47.4252998], [8.4901593, 47.425309], [8.4901916, 47.4253249], [8.4902091, 47.4253314], [8.4903162, 47.4253619], [8.4903466, 47.4253725], [8.4903738, 47.4253865], [8.4903861, 47.4253946], [8.4904072, 47.4254129], [8.4904233, 47.4254333], [8.4904342, 47.4254553], [8.4904393, 47.4254783], [8.4904396, 47.4254899], [8.4904358, 47.425513], [8.4904282, 47.4255304], [8.4904065, 47.4255634], [8.4903926, 47.4255789], [8.4903637, 47.4256041], [8.4903454, 47.4256166], [8.4903047, 47.4256383], [8.4902592, 47.4256552], [8.4902102, 47.4256668], [8.4902052, 47.4256877], [8.4891597, 47.4259536], [8.4892237, 47.4260697], [8.4885632, 47.4262393], [8.4881784, 47.4263435], [8.4877164, 47.4264565], [8.4869301, 47.4267177], [8.486566, 47.4268093], [8.4860095, 47.4270777], [8.4855316, 47.427119], [8.4852557, 47.4272634], [8.4848275, 47.4278426], [8.4847189, 47.4281014], [8.4847862, 47.4283537], [8.484767, 47.4284638], [8.4846737, 47.4287311], [8.4844505, 47.4289307], [8.4843867, 47.4289608], [8.4844279, 47.428994], [8.4843823, 47.4290353], [8.4843867, 47.4290892], [8.4844816, 47.4296955], [8.4844598, 47.4297901], [8.4848563, 47.4301529], [8.4851655, 47.4304112], [8.4855153, 47.4307204], [8.4858042, 47.431026], [8.49563, 47.4328116], [8.4956752, 47.4328282], [8.5002828, 47.4344176], [8.5008849, 47.4345637], [8.5019254, 47.4346265], [8.5020781, 47.434665], [8.503657, 47.4340176], [8.5039207, 47.4339347], [8.5041413, 47.433888], [8.5099807, 47.4321259], [8.5101558, 47.4320602], [8.5102916, 47.4320037], [8.5103798, 47.4319593], [8.5102874, 47.4319285], [8.5103858, 47.431859], [8.5104183, 47.4318574], [8.5104489, 47.4318456], [8.5114101, 47.4312436], [8.5115397, 47.4311739], [8.5116274, 47.431137], [8.5117196, 47.4311055], [8.5124536, 47.4308947], [8.5125889, 47.430865], [8.5127288, 47.4308479], [8.5128809, 47.4308438], [8.5130324, 47.4308545], [8.5132049, 47.430885], [8.5133784, 47.4309269], [8.5152225, 47.4314629], [8.5155879, 47.4315837], [8.5160142, 47.4317425], [8.5160492, 47.4317447], [8.5160832, 47.4317385], [8.5161119, 47.4317248], [8.516132, 47.4317052], [8.5162937, 47.4317532], [8.5164174, 47.4315738], [8.5164663, 47.4315278], [8.5165311, 47.431485], [8.5165781, 47.4314633], [8.5166425, 47.4314555], [8.5166988, 47.431462], [8.5167841, 47.4314875], [8.5167943, 47.4314735], [8.5168176, 47.4313306], [8.5170546, 47.4314131], [8.5176518, 47.4316296], [8.5180102, 47.431749], [8.5182143, 47.4317994], [8.5186976, 47.4318905], [8.5187343, 47.4318945], [8.5187955, 47.4318892], [8.5198068, 47.4316704], [8.5200789, 47.4316428], [8.5246386, 47.4312567], [8.524643, 47.4312881], [8.5254756, 47.4330691], [8.5255028, 47.4331552], [8.5257156, 47.4331196], [8.525925, 47.4330754], [8.527683, 47.4326611], [8.5276808, 47.4326555], [8.5276473, 47.4326047], [8.5276427, 47.4325998], [8.5262979, 47.4311484], [8.5262918, 47.4311174], [8.5262885, 47.4311177], [8.5262765, 47.4311187], [8.5261577, 47.4309326], [8.5260029, 47.4305779], [8.5260296, 47.4305721], [8.5259091, 47.4301556], [8.5258288, 47.42961], [8.5257526, 47.4290716], [8.5257552, 47.428809], [8.5257578, 47.4285289], [8.5257952, 47.4279171], [8.5257708, 47.4278904], [8.525792, 47.4275914], [8.5258374, 47.4274219], [8.5258432, 47.4273034], [8.5254655, 47.4268604], [8.5254653, 47.4263887], [8.5254553, 47.4258454], [8.5253588, 47.4257704], [8.5253718, 47.4257698], [8.525369, 47.4257345], [8.525364, 47.4256666], [8.5247019, 47.4256851], [8.5244736, 47.4256913], [8.5240409, 47.4257031], [8.5235407, 47.4257174], [8.5234961, 47.4251618], [8.5238534, 47.4251486], [8.5238136, 47.4247378], [8.5237998, 47.424738], [8.5237863, 47.424323], [8.5237656, 47.4243227], [8.5237783, 47.4239247], [8.5236763, 47.4239231], [8.5233351, 47.4239182], [8.5229319, 47.4239139], [8.5228026, 47.4239114], [8.5224453, 47.4239047], [8.5221769, 47.4239015], [8.5218021, 47.4238964], [8.5216493, 47.4238943], [8.5211127, 47.4238861], [8.5208083, 47.4238821], [8.5205784, 47.4238791], [8.5203675, 47.4238761], [8.5201298, 47.4238727], [8.5200465, 47.4238715], [8.5197449, 47.4238671], [8.5195677, 47.4238645], [8.5195691, 47.4238199], [8.5195706, 47.4237702], [8.5197121, 47.423334], [8.5197646, 47.4232345], [8.5198916, 47.4230926], [8.520092, 47.4229175], [8.5201159, 47.4228929], [8.520669, 47.42253], [8.5210631, 47.4222609], [8.5215397, 47.4218546], [8.5217426, 47.4216059], [8.5217601, 47.4215552], [8.5218317, 47.4213474], [8.5219001, 47.421149], [8.5219837, 47.4209065], [8.5220837, 47.4206167], [8.5220937, 47.4205877], [8.5220538, 47.4205871], [8.5222824, 47.4201719], [8.5224714, 47.4198286], [8.5228986, 47.4190539], [8.5232817, 47.418344], [8.5236542, 47.4176757], [8.5237902, 47.4174517], [8.52381, 47.417419], [8.5238007, 47.4174187], [8.5238088, 47.417376], [8.5238444, 47.4173774], [8.5239563, 47.4171647], [8.5239817, 47.4171163], [8.5240678, 47.4169696], [8.5242626, 47.4169563], [8.5243781, 47.4169489], [8.5251629, 47.4169092], [8.5251866, 47.4169078], [8.5256305, 47.4168806], [8.5257756, 47.4168717], [8.5259209, 47.4168628], [8.5260485, 47.416855], [8.5260661, 47.4168538], [8.5262113, 47.4168442], [8.5263565, 47.4168346], [8.5265014, 47.416825], [8.5266465, 47.4168153], [8.5267104, 47.4168111], [8.5267914, 47.4168052], [8.5269367, 47.4167946], [8.5270813, 47.4167839], [8.5270958, 47.4167829], [8.5272267, 47.4167768], [8.5273721, 47.4167701], [8.527518, 47.4167633], [8.5275278, 47.4167629], [8.5280194, 47.416738], [8.5280558, 47.4167361], [8.5281, 47.4167356], [8.5287028, 47.4167282], [8.5289723, 47.416732], [8.5293516, 47.4167523], [8.5295706, 47.4167641], [8.5301302, 47.416808], [8.5306983, 47.4168619], [8.5308408, 47.416879], [8.5309617, 47.4168935], [8.5314819, 47.4169685], [8.5319626, 47.417051], [8.5319735, 47.4170527], [8.5321738, 47.4162892], [8.5324314, 47.4163199], [8.5324366, 47.416302], [8.5326196, 47.4162512], [8.5325983, 47.4162184], [8.5324778, 47.4158019], [8.5323503, 47.4153609], [8.5322228, 47.4149194], [8.5320955, 47.4144779], [8.5319683, 47.4140365], [8.5318664, 47.4136835], [8.5317795, 47.4133823], [8.5317481, 47.4132734], [8.5302422, 47.4134735], [8.5301794, 47.4134122], [8.5297485, 47.4129925], [8.5295811, 47.4128314], [8.5295545, 47.4128035], [8.5292601, 47.4125168], [8.528669, 47.4119409], [8.5281471, 47.4114326], [8.5280999, 47.4113922], [8.5279474, 47.4112621], [8.5280125, 47.4112503], [8.5279453, 47.4112299], [8.5279365, 47.4112223], [8.5275574, 47.4108981], [8.5271717, 47.4105681], [8.5271691, 47.4105361], [8.5270294, 47.4104089], [8.5269795, 47.4104054], [8.5267723, 47.4102358], [8.5265072, 47.410019], [8.5264826, 47.4100331], [8.5263524, 47.4099268], [8.526318, 47.4098987], [8.5260714, 47.4096935], [8.5260696, 47.4096918], [8.5260688, 47.409691], [8.526068, 47.4096901], [8.5260673, 47.4096892], [8.5260666, 47.4096883], [8.5260659, 47.4096874], [8.5260654, 47.4096864], [8.5260648, 47.4096855], [8.5260643, 47.4096845], [8.5260639, 47.4096835], [8.5260635, 47.4096825], [8.5260632, 47.4096815], [8.5260629, 47.4096805], [8.5260627, 47.4096795], [8.5260625, 47.4096785], [8.5260624, 47.4096775], [8.5260623, 47.4096765], [8.5260624, 47.4096745], [8.5260626, 47.4096735], [8.5260628, 47.4096726], [8.526063, 47.4096716], [8.5260633, 47.4096706], [8.5260637, 47.4096697], [8.5260641, 47.4096687], [8.5260645, 47.4096678], [8.526065, 47.4096669], [8.5260656, 47.409666], [8.5260662, 47.4096651], [8.5260668, 47.4096642], [8.5260675, 47.4096634], [8.5260683, 47.4096625], [8.526069, 47.4096617], [8.5260699, 47.4096609], [8.5260707, 47.4096601], [8.5260716, 47.4096594], [8.5264678, 47.4093334], [8.5264709, 47.4093312], [8.5264724, 47.4093301], [8.5264741, 47.409329], [8.5264758, 47.409328], [8.5264775, 47.4093271], [8.5264793, 47.4093262], [8.5264812, 47.4093253], [8.5264831, 47.4093244], [8.526485, 47.4093237], [8.526489, 47.4093222], [8.5264911, 47.4093215], [8.5264931, 47.4093209], [8.5264953, 47.4093204], [8.5264974, 47.4093198], [8.5264996, 47.4093194], [8.5265018, 47.409319], [8.526504, 47.4093186], [8.5265062, 47.4093183], [8.5266142, 47.4093052], [8.5266261, 47.4092912], [8.5266352, 47.4092808], [8.5266058, 47.4092644], [8.5265455, 47.4092309], [8.5267365, 47.4090591], [8.5269235, 47.408874], [8.5266632, 47.408754], [8.5264679, 47.4086638], [8.5263417, 47.4086054], [8.5262334, 47.4085544], [8.5260037, 47.4084459], [8.5261635, 47.4082518], [8.526272, 47.408109], [8.5263207, 47.4080357], [8.5263381, 47.4080073], [8.5264099, 47.4079836], [8.5264543, 47.4079022], [8.5264611, 47.4078883], [8.5264945, 47.4078198], [8.5266852, 47.4074044], [8.5267386, 47.4072965], [8.5267684, 47.4072434], [8.5268345, 47.4071388], [8.5268705, 47.4070874], [8.5267172, 47.4070231], [8.5266982, 47.4070179], [8.5264307, 47.4069442], [8.5263543, 47.4069233], [8.5260981, 47.4068533], [8.5258162, 47.4067762], [8.5257264, 47.4067518], [8.5254328, 47.4066716], [8.5253727, 47.4066552]]]]}}, {"type": "Feature", "properties": {"name": "Oerlikon"}, "geometry": {"type": "MultiPolygon", "coordinates": [[[[8.5269235, 47.408874], [8.5267365, 47.4090591], [8.5265455, 47.4092309], [8.5266058, 47.4092644], [8.5266352, 47.4092808], [8.5266261, 47.4092912], [8.5266142, 47.4093052], [8.5265062, 47.4093183], [8.526504, 47.4093186], [8.5265018, 47.409319], [8.5264996, 47.4093194], [8.5264974, 47.4093198], [8.5264953, 47.4093204], [8.5264931, 47.4093209], [8.5264911, 47.4093215], [8.526489, 47.4093222], [8.526485, 47.4093237], [8.5264831, 47.4093244], [8.5264812, 47.4093253], [8.5264793, 47.4093262], [8.5264775, 47.4093271], [8.5264758, 47.409328], [8.5264741, 47.409329], [8.5264724, 47.4093301], [8.5264709, 47.4093312], [8.5264678, 47.4093334], [8.5260716, 47.4096594], [8.5260707, 47.4096601], [8.5260699, 47.4096609], [8.526069, 47.4096617], [8.5260683, 47.4096625], [8.5260675, 47.4096634], [8.5260668, 47.4096642], [8.5260662, 47.4096651], [8.5260656, 47.409666], [8.526065, 47.4096669], [8.5260645, 47.4096678], [8.5260641, 47.4096687], [8.5260637, 47.4096697], [8.5260633, 47.4096706], [8.526063, 47.4096716], [8.5260628, 47.4096726], [8.5260626, 47.4096735], [8.5260624, 47.4096745], [8.5260623, 47.4096765], [8.5260624, 47.4096775], [8.5260625, 47.4096785], [8.5260627, 47.4096795], [8.5260629, 47.4096805], [8.5260632, 47.4096815], [8.5260635, 47.4096825], [8.5260639, 47.4096835], [8.5260643, 47.4096845], [8.5260648, 47.4096855], [8.5260654, 47.4096864], [8.5260659, 47.4096874], [8.5260666, 47.4096883], [8.5260673, 47.4096892], [8.526068, 47.4096901], [8.5260688, 47.409691], [8.5260696, 47.4096918], [8.5260714, 47.4096935], [8.526318, 47.4098987], [8.5263524, 47.4099268], [8.5264826, 47.4100331], [8.5265072, 47.410019], [8.5267723, 47.4102358], [8.5269795, 47.4104054], [8.5270294, 47.4104089], [8.5271691, 47.4105361], [8.5271717, 47.4105681], [8.5275574, 47.4108981], [8.5279365, 47.4112223], [8.5279453, 47.4112299], [8.5280125, 47.4112503], [8.5279474, 47.4112621], [8.5280999, 47.4113922], [8.5281471, 47.4114326], [8.528669, 47.4119409], [8.5292601, 47.4125168], [8.5295545, 47.4128035], [8.5295811, 47.4128314], [8.5297485, 47.4129925], [8.5301794, 47.4134122], [8.5302422, 47.4134735], [8.5317481, 47.4132734], [8.5317795, 47.4133823], [8.5318664, 47.4136835], [8.5319683, 47.4140365], [8.5320955, 47.4144779], [8.5322228, 47.4149194], [8.5323503, 47.4153609], [8.5324778, 47.4158019], [8.5325983, 47.4162184], [8.5326196, 47.4162512], [8.533343, 47.4163409], [8.5359527, 47.4166553], [8.5366985, 47.4167657], [8.5368224, 47.416778], [8.5371695, 47.4168158], [8.5381731, 47.4169227], [8.5382046, 47.4169266], [8.5382589, 47.4169331], [8.5383124, 47.4169369], [8.538303, 47.4168595], [8.5383083, 47.4168606], [8.538319, 47.4168626], [8.5383563, 47.4168668], [8.5383611, 47.4168674], [8.5383659, 47.4168681], [8.5383754, 47.4168699], [8.5384766, 47.4168913], [8.538498, 47.4168953], [8.5385197, 47.4168987], [8.5385635, 47.4169038], [8.5392887, 47.4169566], [8.5395932, 47.4169781], [8.5400657, 47.4170115], [8.54014, 47.4170168], [8.5403394, 47.417031], [8.5406691, 47.4170544], [8.5415529, 47.4171171], [8.5415813, 47.4171175], [8.5416096, 47.4171172], [8.541638, 47.417116], [8.5416662, 47.4171141], [8.5417222, 47.417108], [8.5417888, 47.4170979], [8.5418066, 47.4170957], [8.5418423, 47.4170928], [8.5418481, 47.4170925], [8.5418598, 47.4170921], [8.5418605, 47.4170921], [8.5418612, 47.417092], [8.541862, 47.4170919], [8.5418627, 47.4170918], [8.5418634, 47.4170917], [8.5418641, 47.4170916], [8.5418649, 47.4170915], [8.5418656, 47.4170913], [8.5418663, 47.4170911], [8.5418669, 47.4170909], [8.5418676, 47.4170907], [8.5418683, 47.4170905], [8.5418689, 47.4170903], [8.5418696, 47.41709], [8.5418702, 47.4170897], [8.5418708, 47.4170894], [8.5418714, 47.4170891], [8.541872, 47.4170888], [8.5418725, 47.4170885], [8.5418731, 47.4170882], [8.5418736, 47.4170878], [8.5418741, 47.4170874], [8.5418746, 47.4170871], [8.5418751, 47.4170867], [8.5418755, 47.4170863], [8.5418759, 47.4170859], [8.5418763, 47.4170854], [8.5418767, 47.417085], [8.5418771, 47.4170846], [8.5418774, 47.4170841], [8.5418777, 47.4170837], [8.541878, 47.4170832], [8.5418783, 47.4170827], [8.5418785, 47.4170823], [8.5418787, 47.4170818], [8.5418789, 47.4170813], [8.5418791, 47.4170808], [8.5418792, 47.4170803], [8.5418795, 47.4170793], [8.54188, 47.4170742], [8.5418808, 47.417064], [8.5418299, 47.4166932], [8.5417883, 47.4163905], [8.5417583, 47.4161719], [8.5418, 47.4161692], [8.5417283, 47.4156499], [8.5416832, 47.4153206], [8.5416052, 47.4147555], [8.5415196, 47.4141352], [8.5415121, 47.414077], [8.5426495, 47.4140123], [8.5449452, 47.4138812], [8.5452527, 47.4138639], [8.5453142, 47.4138604], [8.5454219, 47.4138547], [8.5456958, 47.4138519], [8.5465719, 47.4138505], [8.5466571, 47.4138503], [8.5467448, 47.4138588], [8.547061, 47.4138895], [8.5473671, 47.4139185], [8.5473731, 47.4138836], [8.5473851, 47.4138029], [8.5474047, 47.4136706], [8.5474412, 47.4134239], [8.5474432, 47.4134107], [8.5475532, 47.4131391], [8.5476596, 47.4128762], [8.547662, 47.4128704], [8.5476698, 47.4128513], [8.5476809, 47.4128242], [8.5476918, 47.412797], [8.5477239, 47.4127987], [8.5481255, 47.4128499], [8.5485319, 47.4128826], [8.5489404, 47.4129039], [8.5493397, 47.4129181], [8.5497269, 47.4129279], [8.5501853, 47.4129538], [8.550379, 47.4129553], [8.5508218, 47.4129593], [8.5508502, 47.4129866], [8.5522847, 47.4129994], [8.5523407, 47.4129992], [8.5529473, 47.413005], [8.5536116, 47.4130107], [8.5543153, 47.413017], [8.5545263, 47.413019], [8.5546489, 47.4130202], [8.5551804, 47.4130229], [8.5557016, 47.413026], [8.5563696, 47.4130319], [8.5570323, 47.4130375], [8.5576936, 47.4130437], [8.5584223, 47.4130504], [8.5584432, 47.4127996], [8.5584465, 47.412712], [8.5584721, 47.4124453], [8.5584807, 47.4123554], [8.5584791, 47.4123473], [8.5584635, 47.4122675], [8.5584892, 47.4115933], [8.5585163, 47.4108851], [8.5585227, 47.4107222], [8.5585426, 47.4101949], [8.5585679, 47.4095258], [8.5585693, 47.4094896], [8.55859, 47.4089394], [8.5585933, 47.4088541], [8.5586042, 47.4085646], [8.5586057, 47.4085232], [8.5586395, 47.4085237], [8.5586497, 47.408261], [8.5587148, 47.4082245], [8.558738, 47.408108], [8.5587416, 47.4079898], [8.5587465, 47.4078314], [8.5587526, 47.407636], [8.5587594, 47.4074136], [8.5587622, 47.4073246], [8.5587668, 47.4071849], [8.5587721, 47.4070266], [8.5587779, 47.4068516], [8.5587821, 47.4067151], [8.5587967, 47.406575], [8.5586929, 47.4061046], [8.5586923, 47.4061014], [8.5586922, 47.4060998], [8.5586921, 47.4060982], [8.5586921, 47.4060966], [8.5586922, 47.4060949], [8.5586924, 47.4060933], [8.5586927, 47.4060917], [8.5586931, 47.4060901], [8.5586935, 47.4060885], [8.5586941, 47.4060869], [8.5586947, 47.4060854], [8.5586954, 47.4060838], [8.5586962, 47.4060823], [8.558697, 47.4060808], [8.558698, 47.4060793], [8.558699, 47.4060778], [8.5587001, 47.4060764], [8.5587013, 47.406075], [8.5587025, 47.4060736], [8.5587039, 47.4060723], [8.5587052, 47.406071], [8.5587083, 47.4060684], [8.5587099, 47.4060672], [8.5587115, 47.4060661], [8.5587132, 47.406065], [8.558715, 47.4060639], [8.5587169, 47.4060628], [8.5587188, 47.4060619], [8.5587207, 47.4060609], [8.5587227, 47.40606], [8.5587247, 47.4060592], [8.5587268, 47.4060584], [8.5587289, 47.4060577], [8.5587311, 47.406057], [8.5587333, 47.4060563], [8.5587355, 47.4060558], [8.5587378, 47.4060552], [8.5587401, 47.4060548], [8.5587424, 47.4060543], [8.5587447, 47.406054], [8.5587471, 47.4060537], [8.5587494, 47.4060534], [8.5587125, 47.4059707], [8.5587079, 47.405971], [8.5587055, 47.4059711], [8.5587032, 47.4059712], [8.5587008, 47.4059712], [8.5586985, 47.4059711], [8.5586961, 47.4059709], [8.5586938, 47.4059708], [8.5586915, 47.4059705], [8.5586891, 47.4059702], [8.5586868, 47.4059698], [8.5586846, 47.4059694], [8.5586823, 47.405969], [8.5586801, 47.4059684], [8.5586779, 47.4059678], [8.5586757, 47.4059672], [8.5586736, 47.4059665], [8.5586715, 47.4059658], [8.5586695, 47.405965], [8.5586675, 47.4059642], [8.5586655, 47.4059633], [8.5586636, 47.4059623], [8.5586599, 47.4059603], [8.5586582, 47.4059593], [8.5586565, 47.4059581], [8.5586548, 47.405957], [8.5586533, 47.4059558], [8.5586517, 47.4059546], [8.5586503, 47.4059533], [8.5586489, 47.405952], [8.5586476, 47.4059507], [8.5586464, 47.4059493], [8.5586452, 47.4059479], [8.5586441, 47.4059465], [8.5586431, 47.405945], [8.5586422, 47.4059435], [8.5586413, 47.4059421], [8.5586406, 47.4059405], [8.5586399, 47.405939], [8.5586393, 47.4059375], [8.5586387, 47.4059359], [8.5586383, 47.4059343], [8.5586379, 47.4059327], [8.5585817, 47.4056769], [8.5585581, 47.4055696], [8.5585283, 47.4054347], [8.5585122, 47.4053613], [8.55846, 47.4053674], [8.558343, 47.4053809], [8.5582519, 47.405389], [8.558206, 47.4053912], [8.55816, 47.405392], [8.558114, 47.4053916], [8.5580262, 47.4053873], [8.5579825, 47.4053834], [8.5579391, 47.4053783], [8.557896, 47.405372], [8.5578533, 47.4053646], [8.557757, 47.4053454], [8.5577098, 47.4053337], [8.5576614, 47.4053201], [8.5576375, 47.4053128], [8.5576362, 47.4053142], [8.5575882, 47.4052987], [8.5574699, 47.4052497], [8.5571957, 47.4051148], [8.5571371, 47.405061], [8.5571102, 47.405033], [8.5570962, 47.4050175], [8.5570894, 47.4050097], [8.5570453, 47.4049533], [8.5570256, 47.4049244], [8.5570075, 47.4048949], [8.5569954, 47.404876], [8.5568199, 47.4046028], [8.5566074, 47.404272], [8.556559, 47.4041967], [8.5565556, 47.4041914], [8.5564783, 47.4040845], [8.5564344, 47.4040329], [8.5563893, 47.4039849], [8.5563656, 47.4039615], [8.5562794, 47.4038841], [8.5562333, 47.4038471], [8.5562224, 47.4038387], [8.5558692, 47.4035706], [8.5558443, 47.4035517], [8.5559491, 47.4035331], [8.5563216, 47.4034672], [8.5572177, 47.4037008], [8.557274, 47.4035323], [8.5572866, 47.4034945], [8.5573157, 47.4033112], [8.5573652, 47.4029983], [8.5573767, 47.4029239], [8.5573327, 47.4028112], [8.5569863, 47.4026809], [8.556902, 47.4026478], [8.5568608, 47.4026302], [8.5568055, 47.4026046], [8.5567784, 47.4025914], [8.5567512, 47.4025702], [8.5564558, 47.40234], [8.5562641, 47.402149], [8.5560951, 47.4019808], [8.5558184, 47.4016339], [8.5557999, 47.4016044], [8.5556909, 47.4016501], [8.5554167, 47.4013757], [8.5552528, 47.4012112], [8.5551167, 47.4010745], [8.5549805, 47.4009378], [8.5548444, 47.4008011], [8.5547079, 47.4006644], [8.5545226, 47.400478], [8.5544848, 47.400547], [8.5544405, 47.4005672], [8.5544295, 47.4005722], [8.5537854, 47.4008647], [8.5533177, 47.4010772], [8.5532696, 47.4011278], [8.5527979, 47.4016244], [8.5526482, 47.401782], [8.5525365, 47.4018995], [8.5525127, 47.4018844], [8.552464, 47.4018549], [8.5524121, 47.4018251], [8.5523044, 47.4017687], [8.5520497, 47.4016451], [8.5520464, 47.4016434], [8.5520432, 47.4016417], [8.5520401, 47.4016399], [8.5520371, 47.401638], [8.5520342, 47.4016361], [8.5520314, 47.401634], [8.5520287, 47.4016319], [8.5520261, 47.4016298], [8.5520237, 47.4016276], [8.5520213, 47.4016253], [8.552017, 47.4016206], [8.552015, 47.4016181], [8.5520132, 47.4016156], [8.5520114, 47.401613], [8.5520099, 47.4016104], [8.5520084, 47.4016078], [8.5520071, 47.4016051], [8.5520059, 47.4016024], [8.5520049, 47.4015996], [8.5520041, 47.4015969], [8.5520033, 47.4015941], [8.5520023, 47.4015885], [8.5518898, 47.4015934], [8.5516079, 47.4014552], [8.5514812, 47.4013915], [8.5512342, 47.4012585], [8.551114, 47.4011892], [8.5508805, 47.4010454], [8.5508463, 47.4010234], [8.550778, 47.4009791], [8.5507439, 47.400957], [8.5506759, 47.4009126], [8.5505091, 47.4008033], [8.5504623, 47.4007728], [8.550368, 47.4007122], [8.5503206, 47.4006822], [8.5502252, 47.4006225], [8.5502056, 47.4006103], [8.5501664, 47.400586], [8.5501044, 47.400548], [8.5499798, 47.4004725], [8.5498972, 47.4004232], [8.549731, 47.4003252], [8.5493868, 47.4001247], [8.5493954, 47.4000471], [8.5492807, 47.3999992], [8.5492615, 47.3999916], [8.5492234, 47.3999758], [8.5491902, 47.3999613], [8.5491253, 47.3999306], [8.5490761, 47.3999052], [8.5489821, 47.3998507], [8.5488915, 47.3997959], [8.5487126, 47.3996845], [8.5486243, 47.3996281], [8.5484498, 47.3995135], [8.5483643, 47.399455], [8.5481971, 47.3993355], [8.5481155, 47.3992746], [8.5479563, 47.3991502], [8.5479254, 47.3991669], [8.5474516, 47.399385], [8.547461, 47.3994455], [8.5474586, 47.3994914], [8.54746, 47.3995368], [8.5474556, 47.3995672], [8.5474484, 47.3995947], [8.5474436, 47.3996084], [8.5474381, 47.3996219], [8.5474317, 47.3996352], [8.5474247, 47.3996484], [8.5474169, 47.3996613], [8.547399, 47.3996866], [8.5473891, 47.3996989], [8.5473784, 47.3997109], [8.5473671, 47.3997226], [8.5473551, 47.399734], [8.5473424, 47.3997451], [8.5473044, 47.3997781], [8.5472841, 47.3997938], [8.5472629, 47.399809], [8.5472409, 47.3998237], [8.5472182, 47.3998378], [8.5471946, 47.3998513], [8.5471704, 47.3998642], [8.5471454, 47.3998765], [8.5471198, 47.3998882], [8.5470668, 47.3999095], [8.5470395, 47.3999191], [8.5470117, 47.399928], [8.5469834, 47.3999362], [8.5469546, 47.3999437], [8.5469255, 47.3999505], [8.5468961, 47.3999565], [8.5468663, 47.3999618], [8.5468362, 47.3999663], [8.5467033, 47.3999813], [8.5466363, 47.3999864], [8.5465691, 47.3999898], [8.5465012, 47.4003653], [8.5464088, 47.4003529], [8.5463629, 47.4003458], [8.5462763, 47.4003308], [8.5462333, 47.4003226], [8.5462306, 47.4003219], [8.5462293, 47.4003216], [8.5462279, 47.4003214], [8.5462265, 47.4003211], [8.5462251, 47.400321], [8.5462236, 47.4003208], [8.5462222, 47.4003207], [8.5462208, 47.4003206], [8.5462193, 47.4003206], [8.5462179, 47.4003206], [8.5462165, 47.4003206], [8.546215, 47.4003206], [8.5462136, 47.4003207], [8.5462122, 47.4003209], [8.5462108, 47.400321], [8.5462093, 47.4003212], [8.546208, 47.4003215], [8.5462066, 47.4003217], [8.5462052, 47.400322], [8.5462039, 47.4003224], [8.5462013, 47.4003232], [8.5462, 47.4003236], [8.5461988, 47.400324], [8.5461976, 47.4003245], [8.5461964, 47.4003251], [8.5461952, 47.4003256], [8.5461941, 47.4003262], [8.546193, 47.4003268], [8.5461919, 47.4003274], [8.5461909, 47.4003281], [8.5461899, 47.4003288], [8.5461889, 47.4003295], [8.546188, 47.4003302], [8.5461871, 47.4003309], [8.5461863, 47.4003317], [8.5461855, 47.4003325], [8.5461847, 47.4003333], [8.546184, 47.4003341], [8.5461833, 47.400335], [8.5461827, 47.4003358], [8.5461761, 47.4003477], [8.5461195, 47.4003411], [8.5457, 47.4002614], [8.5451306, 47.4001528], [8.5443653, 47.4000069], [8.5441293, 47.3999619], [8.5440464, 47.4001628], [8.5438227, 47.4003203], [8.5445066, 47.400768], [8.5444696, 47.400794], [8.5447801, 47.4009972], [8.5446239, 47.4011072], [8.5446002, 47.4010916], [8.5445257, 47.4010429], [8.544497, 47.4010241], [8.5442856, 47.4011731], [8.5443204, 47.4011959], [8.5444123, 47.4012562], [8.5442761, 47.4013519], [8.5440527, 47.4014306], [8.5440861, 47.4014741], [8.5439865, 47.4015425], [8.5437522, 47.4016258], [8.5437654, 47.4016433], [8.5435992, 47.4017374], [8.5435255, 47.4017791], [8.543523, 47.4017805], [8.5432226, 47.4019504], [8.5429952, 47.4020789], [8.5429443, 47.4021077], [8.5429277, 47.4021173], [8.5427471, 47.4022195], [8.5426304, 47.4022853], [8.5425775, 47.4023153], [8.5423528, 47.4024426], [8.5422803, 47.4024834], [8.5421181, 47.4025752], [8.5420276, 47.4026263], [8.5419869, 47.4026493], [8.5419542, 47.4026729], [8.5418106, 47.4027759], [8.5416835, 47.4028671], [8.5416746, 47.4028735], [8.5416621, 47.4028823], [8.5414136, 47.4030605], [8.5412694, 47.403164], [8.5411857, 47.4032241], [8.5412031, 47.4032377], [8.5412636, 47.403279], [8.5412956, 47.4032984], [8.5413287, 47.4033169], [8.5413629, 47.4033345], [8.5413981, 47.4033512], [8.5414381, 47.4033697], [8.5412224, 47.4035244], [8.5410582, 47.4036423], [8.5410085, 47.403613], [8.5408275, 47.4034808], [8.5405494, 47.4036801], [8.5404587, 47.4036429], [8.5403362, 47.4037742], [8.5401712, 47.4039512], [8.5402524, 47.4039862], [8.5402927, 47.4040041], [8.5403689, 47.4040386], [8.5404067, 47.4040562], [8.5404641, 47.4040839], [8.5404926, 47.404098], [8.5405495, 47.4041265], [8.5405777, 47.404141], [8.5406446, 47.4041761], [8.5406778, 47.4041939], [8.5407641, 47.4042419], [8.5408067, 47.4042664], [8.5408119, 47.4042692], [8.5408146, 47.4042705], [8.5408173, 47.4042717], [8.5408201, 47.4042729], [8.540823, 47.404274], [8.540826, 47.404275], [8.540829, 47.404276], [8.540832, 47.4042768], [8.5408351, 47.4042776], [8.5408382, 47.4042784], [8.5408414, 47.404279], [8.5408446, 47.4042796], [8.5408478, 47.4042801], [8.5408511, 47.4042805], [8.5408543, 47.4042809], [8.5408576, 47.4042811], [8.5408609, 47.4042813], [8.5408642, 47.4042814], [8.5408675, 47.4042814], [8.5408708, 47.4042814], [8.5408741, 47.4042812], [8.5408774, 47.404281], [8.5408839, 47.4042804], [8.5408871, 47.4042799], [8.5408903, 47.4042794], [8.5408934, 47.4042788], [8.5408965, 47.4042781], [8.5408996, 47.4042774], [8.5409027, 47.4042766], [8.5409056, 47.4042757], [8.5409086, 47.4042747], [8.5409115, 47.4042737], [8.5409143, 47.4042726], [8.5409171, 47.4042714], [8.5409198, 47.4042702], [8.5409225, 47.4042689], [8.5409251, 47.4042675], [8.5409276, 47.4042661], [8.54093, 47.4042646], [8.5409324, 47.4042631], [8.5409347, 47.4042615], [8.5409369, 47.4042598], [8.540939, 47.4042581], [8.540941, 47.4042564], [8.5410003, 47.4043104], [8.5408941, 47.4044023], [8.5408399, 47.4044476], [8.5407887, 47.4044893], [8.5407629, 47.4045101], [8.540704, 47.404557], [8.5406742, 47.4045803], [8.5406262, 47.4046172], [8.540602, 47.4046356], [8.5405259, 47.4046923], [8.5404875, 47.4047204], [8.5404692, 47.4047336], [8.5404601, 47.4047402], [8.540444, 47.4047519], [8.5404359, 47.4047577], [8.5402554, 47.4048868], [8.5400414, 47.4050402], [8.5399091, 47.405135], [8.5397265, 47.4052655], [8.539503, 47.4054254], [8.5390473, 47.4057517], [8.5385914, 47.4060782], [8.5384951, 47.4061468], [8.5381539, 47.4063911], [8.5381512, 47.406393], [8.5381384, 47.4064032], [8.5381325, 47.4064085], [8.5381268, 47.406414], [8.5381214, 47.4064196], [8.5381164, 47.4064253], [8.5381116, 47.4064311], [8.5381072, 47.4064371], [8.5381031, 47.4064432], [8.5380994, 47.4064494], [8.538096, 47.4064556], [8.5380929, 47.406462], [8.5380902, 47.4064684], [8.5380878, 47.4064749], [8.5380844, 47.4064875], [8.5380831, 47.4064938], [8.5380822, 47.4065002], [8.5380817, 47.4065066], [8.5380814, 47.406513], [8.5380815, 47.4065194], [8.538082, 47.4065258], [8.5380828, 47.4065322], [8.5380839, 47.4065385], [8.5380853, 47.4065449], [8.5380871, 47.4065512], [8.5380892, 47.4065574], [8.5380916, 47.4065636], [8.5380944, 47.4065697], [8.537896, 47.4066816], [8.5378668, 47.4066233], [8.537851, 47.4065945], [8.5378175, 47.4065373], [8.5377996, 47.406509], [8.5377474, 47.4064267], [8.5377483, 47.4064282], [8.5377487, 47.406429], [8.537749, 47.4064298], [8.5377493, 47.4064306], [8.5377495, 47.4064314], [8.5377497, 47.4064322], [8.5377499, 47.406433], [8.53775, 47.4064338], [8.53775, 47.4064346], [8.5377501, 47.4064355], [8.53775, 47.4064363], [8.53775, 47.4064371], [8.5377499, 47.4064379], [8.5377497, 47.4064387], [8.5377495, 47.4064395], [8.5377493, 47.4064403], [8.537749, 47.4064411], [8.5377487, 47.4064419], [8.5377483, 47.4064427], [8.5377479, 47.4064435], [8.5377474, 47.4064442], [8.5377469, 47.406445], [8.5377458, 47.4064464], [8.5377452, 47.406447], [8.5377446, 47.4064477], [8.5377439, 47.4064484], [8.5377432, 47.406449], [8.5377425, 47.4064496], [8.5377417, 47.4064502], [8.5377409, 47.4064508], [8.5377401, 47.4064513], [8.5377392, 47.4064519], [8.5377383, 47.4064524], [8.5377374, 47.4064529], [8.5377365, 47.4064534], [8.5377355, 47.4064538], [8.5377346, 47.4064542], [8.5377335, 47.4064546], [8.5377325, 47.406455], [8.5377315, 47.4064554], [8.5377304, 47.4064557], [8.5377293, 47.406456], [8.5377282, 47.4064563], [8.5377271, 47.4064565], [8.5374952, 47.4065073], [8.5373311, 47.4065432], [8.5371794, 47.4065765], [8.5371607, 47.4065805], [8.5366846, 47.4066841], [8.5366814, 47.4066848], [8.5362479, 47.4067797], [8.5362446, 47.4067803], [8.5362433, 47.4067806], [8.536241, 47.406781], [8.5362386, 47.4067813], [8.5362363, 47.4067815], [8.5362339, 47.4067817], [8.5362316, 47.4067819], [8.5362292, 47.4067819], [8.5362268, 47.406782], [8.5362244, 47.4067819], [8.5362221, 47.4067818], [8.5362197, 47.4067817], [8.5362173, 47.4067815], [8.536215, 47.4067812], [8.5362127, 47.4067809], [8.5362103, 47.4067805], [8.5362081, 47.4067801], [8.5362058, 47.4067796], [8.5362036, 47.406779], [8.5362013, 47.4067784], [8.5361992, 47.4067778], [8.5361949, 47.4067763], [8.5361928, 47.4067755], [8.5361908, 47.4067746], [8.5361888, 47.4067737], [8.5361869, 47.4067727], [8.536185, 47.4067717], [8.5361832, 47.4067706], [8.5361814, 47.4067695], [8.5361797, 47.4067684], [8.536178, 47.4067672], [8.5361764, 47.406766], [8.5361749, 47.4067647], [8.5361735, 47.4067634], [8.5361721, 47.4067621], [8.5361708, 47.4067607], [8.5361695, 47.4067593], [8.5361683, 47.4067579], [8.5361672, 47.4067564], [8.5361662, 47.4067549], [8.5361653, 47.4067534], [8.5359983, 47.4068323], [8.5360908, 47.4069695], [8.5360457, 47.4069617], [8.5359426, 47.4069325], [8.5357379, 47.4069853], [8.5349486, 47.4072656], [8.5345377, 47.4074097], [8.5343856, 47.4074635], [8.5339086, 47.4076323], [8.5331858, 47.4078879], [8.5324472, 47.4081515], [8.5323673, 47.4081757], [8.5319711, 47.4083161], [8.5319322, 47.4083297], [8.5317055, 47.4084102], [8.531582, 47.408454], [8.531553, 47.4084655], [8.5314832, 47.4083465], [8.5314665, 47.4083185], [8.5314579, 47.4083045], [8.5314553, 47.4083004], [8.5314097, 47.4082345], [8.5313854, 47.408202], [8.5313397, 47.4081438], [8.5313156, 47.4081151], [8.5313089, 47.4081074], [8.5313117, 47.4081109], [8.531313, 47.4081128], [8.5313142, 47.4081147], [8.5313153, 47.4081166], [8.5313162, 47.4081185], [8.5313171, 47.4081204], [8.5313179, 47.4081224], [8.5313186, 47.4081244], [8.5313191, 47.4081264], [8.5313196, 47.4081284], [8.5313199, 47.4081304], [8.5313202, 47.4081325], [8.5313203, 47.4081345], [8.5313204, 47.4081365], [8.53132, 47.4081406], [8.5313197, 47.4081426], [8.5313192, 47.4081446], [8.5313186, 47.4081466], [8.531318, 47.4081486], [8.5313172, 47.4081505], [8.5313163, 47.4081524], [8.5313153, 47.4081544], [8.5313142, 47.4081562], [8.531313, 47.4081581], [8.5313117, 47.4081599], [8.5313104, 47.4081617], [8.5313089, 47.4081635], [8.5313073, 47.4081652], [8.5312449, 47.4082304], [8.531115, 47.4083661], [8.5309909, 47.4084958], [8.5309532, 47.4085385], [8.530936, 47.4085606], [8.53092, 47.408583], [8.5309051, 47.4086058], [8.5308915, 47.408629], [8.530865, 47.4086833], [8.5308542, 47.4087109], [8.5308451, 47.4087388], [8.5308377, 47.408767], [8.5308273, 47.4088311], [8.5308254, 47.4088633], [8.5308122, 47.408863], [8.5305735, 47.4088589], [8.5305459, 47.4088699], [8.5304719, 47.4088997], [8.5304494, 47.4089087], [8.53032, 47.4089606], [8.530245, 47.4089907], [8.5300693, 47.4090611], [8.5300354, 47.4090747], [8.5300239, 47.4090794], [8.5300125, 47.4090839], [8.5298411, 47.4091527], [8.5296922, 47.4092125], [8.5294835, 47.4092964], [8.5292917, 47.4093735], [8.529115, 47.4094444], [8.5289797, 47.4092752], [8.5289482, 47.409236], [8.5289725, 47.4091894], [8.5287881, 47.4093539], [8.5285949, 47.4095272], [8.5284414, 47.409448], [8.5282345, 47.4096237], [8.5281261, 47.4097088], [8.5281204, 47.4097132], [8.5281118, 47.4097063], [8.5280755, 47.409677], [8.5279014, 47.4095366], [8.5278672, 47.4095092], [8.5277284, 47.4093974], [8.5273241, 47.4090718], [8.5269634, 47.4088924], [8.5269235, 47.408874]]]]}}, {"type": "Feature", "properties": {"name": "Seebach"}, "geometry": {"type": "MultiPolygon", "coordinates": [[[[8.5326196, 47.4162512], [8.5324366, 47.416302], [8.5324314, 47.4163199], [8.5321738, 47.4162892], [8.5319735, 47.4170527], [8.5319626, 47.417051], [8.5314819, 47.4169685], [8.5309617, 47.4168935], [8.5308408, 47.416879], [8.5306983, 47.4168619], [8.5301302, 47.416808], [8.5295706, 47.4167641], [8.5293516, 47.4167523], [8.5289723, 47.416732], [8.5287028, 47.4167282], [8.5281, 47.4167356], [8.5280558, 47.4167361], [8.5280194, 47.416738], [8.5275278, 47.4167629], [8.527518, 47.4167633], [8.5273721, 47.4167701], [8.5272267, 47.4167768], [8.5270958, 47.4167829], [8.5270813, 47.4167839], [8.5269367, 47.4167946], [8.5267914, 47.4168052], [8.5267104, 47.4168111], [8.5266465, 47.4168153], [8.5265014, 47.416825], [8.5263565, 47.4168346], [8.5262113, 47.4168442], [8.5260661, 47.4168538], [8.5260485, 47.416855], [8.5259209, 47.4168628], [8.5257756, 47.4168717], [8.5256305, 47.4168806], [8.5251866, 47.4169078], [8.5251629, 47.4169092], [8.5243781, 47.4169489], [8.5242626, 47.4169563], [8.5240678, 47.4169696], [8.5239817, 47.4171163], [8.5239563, 47.4171647], [8.5238444, 47.4173774], [8.5238088, 47.417376], [8.5238007, 47.4174187], [8.52381, 47.417419], [8.5237902, 47.4174517], [8.5236542, 47.4176757], [8.5232817, 47.418344], [8.5228986, 47.4190539], [8.5224714, 47.4198286], [8.5222824, 47.4201719], [8.5220538, 47.4205871], [8.5220937, 47.4205877], [8.5220837, 47.4206167], [8.5219837, 47.4209065], [8.5219001, 47.421149], [8.5218317, 47.4213474], [8.5217601, 47.4215552], [8.5217426, 47.4216059], [8.5215397, 47.4218546], [8.5210631, 47.4222609], [8.520669, 47.42253], [8.5201159, 47.4228929], [8.520092, 47.4229175], [8.5198916, 47.4230926], [8.5197646, 47.4232345], [8.5197121, 47.423334], [8.5195706, 47.4237702], [8.5195691, 47.4238199], [8.5195677, 47.4238645], [8.5197449, 47.4238671], [8.5200465, 47.4238715], [8.5201298, 47.4238727], [8.5203675, 47.4238761], [8.5205784, 47.4238791], [8.5208083, 47.4238821], [8.5211127, 47.4238861], [8.5216493, 47.4238943], [8.5218021, 47.4238964], [8.5221769, 47.4239015], [8.5224453, 47.4239047], [8.5228026, 47.4239114], [8.5229319, 47.4239139], [8.5233351, 47.4239182], [8.5236763, 47.4239231], [8.5237783, 47.4239247], [8.5237656, 47.4243227], [8.5237863, 47.424323], [8.5237998, 47.424738], [8.5238136, 47.4247378], [8.5238534, 47.4251486], [8.5234961, 47.4251618], [8.5235407, 47.4257174], [8.5240409, 47.4257031], [8.5244736, 47.4256913], [8.5247019, 47.4256851], [8.525364, 47.4256666], [8.525369, 47.4257345], [8.5253718, 47.4257698], [8.5253588, 47.4257704], [8.5254553, 47.4258454], [8.5254653, 47.4263887], [8.5254655, 47.4268604], [8.5258432, 47.4273034], [8.5258374, 47.4274219], [8.525792, 47.4275914], [8.5257708, 47.4278904], [8.5257952, 47.4279171], [8.5257578, 47.4285289], [8.5257552, 47.428809], [8.5257526, 47.4290716], [8.5258288, 47.42961], [8.5259091, 47.4301556], [8.5260296, 47.4305721], [8.5260029, 47.4305779], [8.5261577, 47.4309326], [8.5262765, 47.4311187], [8.5262885, 47.4311177], [8.5262918, 47.4311174], [8.5262979, 47.4311484], [8.5276427, 47.4325998], [8.5276473, 47.4326047], [8.5276808, 47.4326555], [8.5290272, 47.4323375], [8.5292759, 47.4322812], [8.5303106, 47.4320639], [8.5302795, 47.432104], [8.5304973, 47.4325714], [8.5305218, 47.4326026], [8.5305541, 47.4326263], [8.5305978, 47.4326457], [8.5306474, 47.4326566], [8.5306909, 47.4326588], [8.5307298, 47.4326552], [8.5329589, 47.4322815], [8.533013, 47.4322758], [8.533104, 47.4322791], [8.533191, 47.4322981], [8.533664, 47.4325049], [8.5337512, 47.4325092], [8.5339811, 47.4324345], [8.534126, 47.4323539], [8.5344101, 47.4321265], [8.5346861, 47.4320002], [8.5352222, 47.4318782], [8.5356235, 47.4318351], [8.5358288, 47.4318409], [8.5358278, 47.431882], [8.5360735, 47.4318638], [8.5363226, 47.4318063], [8.5371604, 47.4314476], [8.5374079, 47.4313987], [8.5378227, 47.4313648], [8.5388749, 47.4313014], [8.5396553, 47.4312585], [8.5397541, 47.4312402], [8.5399597, 47.4311795], [8.5401127, 47.4310951], [8.5402136, 47.4317933], [8.5403428, 47.4318589], [8.5419555, 47.4316504], [8.5424165, 47.4315959], [8.5436389, 47.4314321], [8.5428571, 47.432889], [8.5431539, 47.4328209], [8.5431208, 47.4328828], [8.5439028, 47.4326622], [8.5445266, 47.4324993], [8.5445981, 47.432615], [8.5449281, 47.4325041], [8.5451599, 47.4324177], [8.5453814, 47.4323186], [8.5456064, 47.4322237], [8.5458411, 47.4321392], [8.5460816, 47.4320645], [8.5467504, 47.4318669], [8.5469948, 47.4318012], [8.5481742, 47.4315026], [8.5483547, 47.4314614], [8.5485379, 47.4314255], [8.5488693, 47.4313752], [8.5499468, 47.431266], [8.5500668, 47.4312265], [8.5501063, 47.4312816], [8.5508402, 47.4310386], [8.5509931, 47.4310215], [8.5511662, 47.4310616], [8.5513773, 47.4310864], [8.5520018, 47.431038], [8.5527621, 47.4309311], [8.5535477, 47.4309049], [8.5543125, 47.4307671], [8.5550757, 47.4306693], [8.5553629, 47.4306606], [8.5561076, 47.4280333], [8.5568519, 47.4262366], [8.5569279, 47.4262593], [8.5569271, 47.4261957], [8.5569784, 47.4262005], [8.5570617, 47.4260703], [8.557542, 47.4256579], [8.5576537, 47.4255863], [8.5578424, 47.4255381], [8.5569859, 47.4249018], [8.5573708, 47.4247198], [8.5569098, 47.4242413], [8.5572396, 47.424095], [8.5550902, 47.4217635], [8.5548644, 47.4215246], [8.5545541, 47.4212064], [8.5545622, 47.4211935], [8.554203, 47.4208003], [8.5608317, 47.4181732], [8.5613013, 47.4182853], [8.5614682, 47.4179629], [8.5623574, 47.4163197], [8.5628299, 47.4164308], [8.5632219, 47.4156919], [8.5627327, 47.4154811], [8.5626485, 47.4154463], [8.5622433, 47.4152774], [8.5619491, 47.415163], [8.5616502, 47.4150601], [8.5611453, 47.4149146], [8.5609768, 47.4148722], [8.5606889, 47.4148104], [8.5602749, 47.4147389], [8.5599858, 47.4147023], [8.5598462, 47.4146866], [8.5595886, 47.4146631], [8.5594594, 47.414654], [8.5594355, 47.4146525], [8.5594235, 47.4146517], [8.5594473, 47.4144725], [8.559405, 47.4144706], [8.5593585, 47.4144686], [8.5593287, 47.4144672], [8.5592388, 47.4144633], [8.5592095, 47.414462], [8.559152, 47.4144594], [8.5590041, 47.4144561], [8.5589426, 47.4144552], [8.5588991, 47.4144272], [8.5588425, 47.4144264], [8.5588383, 47.4143696], [8.5586724, 47.4131158], [8.5586292, 47.4130885], [8.5588495, 47.4130904], [8.5588499, 47.413054], [8.5586873, 47.4130527], [8.5584223, 47.4130504], [8.5576936, 47.4130437], [8.5570323, 47.4130375], [8.5563696, 47.4130319], [8.5557016, 47.413026], [8.5551804, 47.4130229], [8.5546489, 47.4130202], [8.5545263, 47.413019], [8.5543153, 47.413017], [8.5536116, 47.4130107], [8.5529473, 47.413005], [8.5523407, 47.4129992], [8.5522847, 47.4129994], [8.5508502, 47.4129866], [8.5508218, 47.4129593], [8.550379, 47.4129553], [8.5501853, 47.4129538], [8.5497269, 47.4129279], [8.5493397, 47.4129181], [8.5489404, 47.4129039], [8.5485319, 47.4128826], [8.5481255, 47.4128499], [8.5477239, 47.4127987], [8.5476918, 47.412797], [8.5476809, 47.4128242], [8.5476698, 47.4128513], [8.547662, 47.4128704], [8.5476596, 47.4128762], [8.5475532, 47.4131391], [8.5474432, 47.4134107], [8.5474412, 47.4134239], [8.5474047, 47.4136706], [8.5473851, 47.4138029], [8.5473731, 47.4138836], [8.5473671, 47.4139185], [8.547061, 47.4138895], [8.5467448, 47.4138588], [8.5466571, 47.4138503], [8.5465719, 47.4138505], [8.5456958, 47.4138519], [8.5454219, 47.4138547], [8.5453142, 47.4138604], [8.5452527, 47.4138639], [8.5449452, 47.4138812], [8.5426495, 47.4140123], [8.5415121, 47.414077], [8.5415196, 47.4141352], [8.5416052, 47.4147555], [8.5416832, 47.4153206], [8.5417283, 47.4156499], [8.5418, 47.4161692], [8.5417583, 47.4161719], [8.5417883, 47.4163905], [8.5418299, 47.4166932], [8.5418808, 47.417064], [8.54188, 47.4170742], [8.5418795, 47.4170793], [8.5418792, 47.4170803], [8.5418791, 47.4170808], [8.5418789, 47.4170813], [8.5418787, 47.4170818], [8.5418785, 47.4170823], [8.5418783, 47.4170827], [8.541878, 47.4170832], [8.5418777, 47.4170837], [8.5418774, 47.4170841], [8.5418771, 47.4170846], [8.5418767, 47.417085], [8.5418763, 47.4170854], [8.5418759, 47.4170859], [8.5418755, 47.4170863], [8.5418751, 47.4170867], [8.5418746, 47.4170871], [8.5418741, 47.4170874], [8.5418736, 47.4170878], [8.5418731, 47.4170882], [8.5418725, 47.4170885], [8.541872, 47.4170888], [8.5418714, 47.4170891], [8.5418708, 47.4170894], [8.5418702, 47.4170897], [8.5418696, 47.41709], [8.5418689, 47.4170903], [8.5418683, 47.4170905], [8.5418676, 47.4170907], [8.5418669, 47.4170909], [8.5418663, 47.4170911], [8.5418656, 47.4170913], [8.5418649, 47.4170915], [8.5418641, 47.4170916], [8.5418634, 47.4170917], [8.5418627, 47.4170918], [8.541862, 47.4170919], [8.5418612, 47.417092], [8.5418605, 47.4170921], [8.5418598, 47.4170921], [8.5418481, 47.4170925], [8.5418423, 47.4170928], [8.5418066, 47.4170957], [8.5417888, 47.4170979], [8.5417222, 47.417108], [8.5416662, 47.4171141], [8.541638, 47.417116], [8.5416096, 47.4171172], [8.5415813, 47.4171175], [8.5415529, 47.4171171], [8.5406691, 47.4170544], [8.5403394, 47.417031], [8.54014, 47.4170168], [8.5400657, 47.4170115], [8.5395932, 47.4169781], [8.5392887, 47.4169566], [8.5385635, 47.4169038], [8.5385197, 47.4168987], [8.538498, 47.4168953], [8.5384766, 47.4168913], [8.5383754, 47.4168699], [8.5383659, 47.4168681], [8.5383611, 47.4168674], [8.5383563, 47.4168668], [8.538319, 47.4168626], [8.5383083, 47.4168606], [8.538303, 47.4168595], [8.5383124, 47.4169369], [8.5382589, 47.4169331], [8.5382046, 47.4169266], [8.5381731, 47.4169227], [8.5371695, 47.4168158], [8.5368224, 47.416778], [8.5366985, 47.4167657], [8.5359527, 47.4166553], [8.533343, 47.4163409], [8.5326196, 47.4162512]]]]}}, {"type": "Feature", "properties": {"name": "Hirzenbach"}, "geometry": {"type": "MultiPolygon", "coordinates": [[[[8.5889543, 47.4075614], [8.5892752, 47.4075562], [8.5896841, 47.4074223], [8.5899324, 47.407399], [8.5906648, 47.4073935], [8.5931276, 47.4070352], [8.5965776, 47.406505], [8.5968561, 47.4064239], [8.5970341, 47.4063384], [8.5972913, 47.406307], [8.5972332, 47.4059967], [8.5971664, 47.4060037], [8.5960914, 47.4061156], [8.5955043, 47.405139], [8.5955076, 47.4050743], [8.5937899, 47.4022203], [8.5962297, 47.4015434], [8.5948081, 47.3991794], [8.5972593, 47.3985036], [8.5972948, 47.3984456], [8.5971473, 47.3982409], [8.5969525, 47.3980142], [8.5968517, 47.3978812], [8.5967064, 47.3976564], [8.5965375, 47.3973315], [8.5964517, 47.3971495], [8.5964042, 47.3970007], [8.5963867, 47.3969082], [8.5963791, 47.3968131], [8.596382, 47.3966306], [8.5962408, 47.3964623], [8.5945416, 47.3971206], [8.5940239, 47.3965717], [8.5939339, 47.3964705], [8.5938825, 47.3964914], [8.5938094, 47.3964093], [8.5936768, 47.3962723], [8.593578, 47.3962026], [8.5934877, 47.3961721], [8.5933607, 47.3961381], [8.593228, 47.3961919], [8.5929251, 47.3963388], [8.5925739, 47.3965432], [8.5920891, 47.3969061], [8.5917362, 47.3968063], [8.5914936, 47.3970026], [8.5898344, 47.3964647], [8.5883457, 47.3958141], [8.5882935, 47.3957959], [8.588538, 47.3954818], [8.5887053, 47.3953131], [8.5889467, 47.3950911], [8.5890571, 47.3950131], [8.5891811, 47.3949501], [8.5894146, 47.3948712], [8.5897529, 47.3947764], [8.5898735, 47.3947715], [8.5899611, 47.3947744], [8.5899296, 47.3947551], [8.5898258, 47.3946554], [8.5886292, 47.393821], [8.5881886, 47.3935041], [8.5879692, 47.3933799], [8.5876211, 47.3932299], [8.5875366, 47.3932112], [8.587487, 47.3929727], [8.5868626, 47.3929763], [8.5867416, 47.3929623], [8.5861971, 47.3928002], [8.5862152, 47.3927719], [8.5857744, 47.3926353], [8.5854427, 47.392482], [8.5848309, 47.39217], [8.584493, 47.3920024], [8.5844285, 47.3919507], [8.584371, 47.3918898], [8.5842626, 47.3917336], [8.5841443, 47.3915468], [8.5840662, 47.3912754], [8.5839982, 47.3909357], [8.5837861, 47.3904705], [8.5837047, 47.3900797], [8.5834202, 47.3895287], [8.5830621, 47.3890456], [8.5831263, 47.3886988], [8.5831708, 47.3883048], [8.5826704, 47.3881308], [8.5822686, 47.3878893], [8.5821806, 47.3879428], [8.582122, 47.3879785], [8.5820113, 47.388046], [8.5822372, 47.3883548], [8.5824642, 47.3886643], [8.5820015, 47.3890578], [8.5815839, 47.3894166], [8.5812208, 47.389744], [8.5808481, 47.3900813], [8.5808386, 47.3900899], [8.5808251, 47.3901021], [8.5804525, 47.3903964], [8.5803291, 47.3904932], [8.5801023, 47.3906716], [8.5798453, 47.3908403], [8.5796724, 47.3911429], [8.5795208, 47.3914131], [8.5791044, 47.3915425], [8.5785854, 47.3917023], [8.5785169, 47.391379], [8.5783615, 47.3912559], [8.578258, 47.3909076], [8.5777251, 47.391016], [8.5774421, 47.3907553], [8.5772471, 47.3906068], [8.5765926, 47.3906527], [8.5760858, 47.3906629], [8.5756637, 47.3905701], [8.5752259, 47.3903208], [8.5751312, 47.3902376], [8.574248, 47.3905297], [8.5738016, 47.3906684], [8.5736351, 47.3907201], [8.573519, 47.3906386], [8.5733607, 47.3906014], [8.5731962, 47.3906008], [8.5722251, 47.3908536], [8.571423, 47.3910702], [8.5706769, 47.3912718], [8.5705952, 47.3912939], [8.5698057, 47.3915071], [8.56901, 47.3917221], [8.5690263, 47.3917786], [8.5689238, 47.3918481], [8.5690087, 47.3919689], [8.5690486, 47.3920119], [8.5691213, 47.3920657], [8.56918, 47.392119], [8.5694577, 47.39234], [8.5697331, 47.3925587], [8.5700022, 47.3927826], [8.5702713, 47.3930065], [8.5703066, 47.3930369], [8.5704576, 47.3930074], [8.5705919, 47.3930061], [8.570753, 47.3930395], [8.5708601, 47.3930846], [8.5709369, 47.39313], [8.5709944, 47.3931853], [8.5710418, 47.3932751], [8.5710656, 47.3933755], [8.5710565, 47.3934595], [8.5710321, 47.3935331], [8.5709321, 47.3938235], [8.5708306, 47.3941419], [8.570753, 47.3943665], [8.5706675, 47.394626], [8.5706115, 47.3947426], [8.5705737, 47.3948017], [8.5705027, 47.3948598], [8.5704284, 47.3949003], [8.5700681, 47.3951063], [8.5701124, 47.3951374], [8.5702279, 47.3952189], [8.5702605, 47.3952328], [8.5704863, 47.3953257], [8.5705793, 47.3953823], [8.5706503, 47.3954334], [8.5707363, 47.3954902], [8.5707776, 47.3955133], [8.5708204, 47.3955499], [8.5708487, 47.3955831], [8.5708792, 47.3956128], [8.5709186, 47.3956501], [8.5709436, 47.3956827], [8.5709519, 47.3957082], [8.5709667, 47.3957287], [8.5709861, 47.3957599], [8.5710066, 47.3957889], [8.5710392, 47.3958149], [8.5710794, 47.3958352], [8.571094, 47.3958472], [8.5711057, 47.3958791], [8.5711182, 47.3958939], [8.5711506, 47.3959128], [8.5711975, 47.3959396], [8.5712917, 47.3959925], [8.5713495, 47.3960087], [8.5713886, 47.3960463], [8.5714136, 47.3960611], [8.571477, 47.3960817], [8.5714994, 47.3961044], [8.5715284, 47.3961182], [8.5715654, 47.3961179], [8.5716161, 47.3961218], [8.5716438, 47.3961383], [8.5716732, 47.396168], [8.571723, 47.396194], [8.5718049, 47.3962453], [8.5718798, 47.3962922], [8.571956, 47.3963339], [8.5719989, 47.3963599], [8.5720381, 47.3963993], [8.5720827, 47.3964566], [8.5721384, 47.3964751], [8.5721992, 47.3964983], [8.5722143, 47.3965117], [8.5722283, 47.3965361], [8.5722988, 47.3965537], [8.5723472, 47.3965723], [8.5724093, 47.3966026], [8.5724628, 47.3966314], [8.5725037, 47.3966445], [8.5725804, 47.3966636], [8.5726273, 47.3966743], [8.5726975, 47.3966744], [8.5727236, 47.3966868], [8.5727764, 47.3966863], [8.572816, 47.3966954], [8.5728627, 47.3966942], [8.5729295, 47.3967094], [8.5729665, 47.3967308], [8.5730006, 47.3967471], [8.573044, 47.3967553], [8.5730837, 47.3967811], [8.5731288, 47.3968068], [8.5731569, 47.3968587], [8.5732558, 47.3968735], [8.5732996, 47.3969018], [8.573362, 47.3969134], [8.5734366, 47.3969283], [8.5734859, 47.3969618], [8.5735589, 47.3969672], [8.5736108, 47.3969936], [8.5736665, 47.3970079], [8.5737213, 47.3970474], [8.573912, 47.3970586], [8.5740113, 47.3971587], [8.5740488, 47.3971767], [8.5739905, 47.3973009], [8.5739164, 47.3975059], [8.5738807, 47.3976018], [8.573822, 47.3977091], [8.5737715, 47.3977958], [8.5737042, 47.3979089], [8.5736342, 47.3980295], [8.5735944, 47.3981325], [8.5737796, 47.3981184], [8.5736782, 47.398253], [8.573602, 47.3983526], [8.5733826, 47.3989584], [8.5734177, 47.3989859], [8.5731078, 47.3992678], [8.5729379, 47.3994187], [8.5728364, 47.399668], [8.5726915, 47.3999056], [8.5725053, 47.400134], [8.5722231, 47.4004225], [8.5718333, 47.400762], [8.5717966, 47.4007927], [8.5722334, 47.4011634], [8.5735992, 47.4004705], [8.5740902, 47.400162], [8.5745636, 47.3998562], [8.5748693, 47.3996578], [8.5748872, 47.399753], [8.5749482, 47.3999475], [8.575416, 47.4003886], [8.5756767, 47.4007701], [8.5758857, 47.4010754], [8.576277, 47.4014975], [8.5766471, 47.4018974], [8.5768445, 47.4021676], [8.5767917, 47.402238], [8.576677, 47.4023089], [8.5765737, 47.4023866], [8.5762572, 47.4026404], [8.5763984, 47.4027689], [8.5763963, 47.4027987], [8.5767435, 47.4031621], [8.5765626, 47.4032236], [8.5765683, 47.4032251], [8.5765739, 47.4032269], [8.5765793, 47.4032289], [8.5765844, 47.4032312], [8.5765893, 47.4032337], [8.5765939, 47.4032365], [8.5765982, 47.4032395], [8.5766022, 47.4032427], [8.5766058, 47.403246], [8.5766091, 47.4032496], [8.576612, 47.4032532], [8.5766145, 47.4032571], [8.5766166, 47.403261], [8.5766182, 47.403265], [8.5766503, 47.4033715], [8.5767726, 47.403779], [8.5768068, 47.4039249], [8.5768171, 47.4039984], [8.5768241, 47.4041461], [8.5768208, 47.4042199], [8.5767888, 47.4046427], [8.5767779, 47.4047201], [8.5767686, 47.4047585], [8.5767618, 47.4047803], [8.576758, 47.4047912], [8.5766854, 47.4048218], [8.5768367, 47.4050417], [8.5774471, 47.4051869], [8.5775232, 47.4052015], [8.5776994, 47.4052381], [8.577787, 47.4052576], [8.5780555, 47.4053184], [8.5780915, 47.4053548], [8.5781434, 47.4053665], [8.5782117, 47.405335], [8.5789042, 47.4054917], [8.5792026, 47.4055598], [8.5792277, 47.4055655], [8.5794914, 47.4056257], [8.5797814, 47.4056918], [8.5803064, 47.4058112], [8.5803666, 47.4058249], [8.5803967, 47.4058319], [8.5804568, 47.4058461], [8.5804868, 47.4058533], [8.5806269, 47.405889], [8.5806962, 47.4059082], [8.5808269, 47.4059452], [8.5809475, 47.4059809], [8.5810073, 47.4059994], [8.5816721, 47.4061832], [8.5817584, 47.4061618], [8.581935, 47.4061903], [8.5820228, 47.4062057], [8.5821772, 47.4062368], [8.5822538, 47.4062537], [8.5828039, 47.4063787], [8.5829208, 47.4064056], [8.5835211, 47.4065418], [8.5842613, 47.4067097], [8.5842604, 47.4067114], [8.5843757, 47.4067352], [8.5845708, 47.4067754], [8.5851531, 47.4069078], [8.5852336, 47.4069289], [8.5852728, 47.4069412], [8.5853489, 47.4069693], [8.5853855, 47.406985], [8.586194, 47.4072879], [8.5862586, 47.4072785], [8.5862912, 47.4072749], [8.586324, 47.4072721], [8.5863569, 47.4072702], [8.5864393, 47.4072683], [8.5864805, 47.4072693], [8.5865216, 47.4072714], [8.5865581, 47.4072743], [8.5865762, 47.4072765], [8.5865941, 47.4072791], [8.5866119, 47.4072822], [8.5866468, 47.4072897], [8.586664, 47.407294], [8.5866809, 47.4072989], [8.5866975, 47.4073041], [8.5867655, 47.407323], [8.5868005, 47.4073308], [8.586814, 47.4073336], [8.5868208, 47.407335], [8.5868785, 47.4073443], [8.5869076, 47.4073478], [8.5870118, 47.4073613], [8.5870635, 47.4073694], [8.587166, 47.4073884], [8.5872167, 47.4073993], [8.5877819, 47.4075276], [8.5881715, 47.4076155], [8.5881784, 47.4076171], [8.5889543, 47.4075614]]]]}}, {"type": "Feature", "properties": {"name": "Saatlen"}, "geometry": {"type": "MultiPolygon", "coordinates": [[[[8.5585122, 47.4053613], [8.5585283, 47.4054347], [8.5585581, 47.4055696], [8.5585817, 47.4056769], [8.5586379, 47.4059327], [8.5586383, 47.4059343], [8.5586387, 47.4059359], [8.5586393, 47.4059375], [8.5586399, 47.405939], [8.5586406, 47.4059405], [8.5586413, 47.4059421], [8.5586422, 47.4059435], [8.5586431, 47.405945], [8.5586441, 47.4059465], [8.5586452, 47.4059479], [8.5586464, 47.4059493], [8.5586476, 47.4059507], [8.5586489, 47.405952], [8.5586503, 47.4059533], [8.5586517, 47.4059546], [8.5586533, 47.4059558], [8.5586548, 47.405957], [8.5586565, 47.4059581], [8.5586582, 47.4059593], [8.5586599, 47.4059603], [8.5586636, 47.4059623], [8.5586655, 47.4059633], [8.5586675, 47.4059642], [8.5586695, 47.405965], [8.5586715, 47.4059658], [8.5586736, 47.4059665], [8.5586757, 47.4059672], [8.5586779, 47.4059678], [8.5586801, 47.4059684], [8.5586823, 47.405969], [8.5586846, 47.4059694], [8.5586868, 47.4059698], [8.5586891, 47.4059702], [8.5586915, 47.4059705], [8.5586938, 47.4059708], [8.5586961, 47.4059709], [8.5586985, 47.4059711], [8.5587008, 47.4059712], [8.5587032, 47.4059712], [8.5587055, 47.4059711], [8.5587079, 47.405971], [8.5587125, 47.4059707], [8.5587494, 47.4060534], [8.5587471, 47.4060537], [8.5587447, 47.406054], [8.5587424, 47.4060543], [8.5587401, 47.4060548], [8.5587378, 47.4060552], [8.5587355, 47.4060558], [8.5587333, 47.4060563], [8.5587311, 47.406057], [8.5587289, 47.4060577], [8.5587268, 47.4060584], [8.5587247, 47.4060592], [8.5587227, 47.40606], [8.5587207, 47.4060609], [8.5587188, 47.4060619], [8.5587169, 47.4060628], [8.558715, 47.4060639], [8.5587132, 47.406065], [8.5587115, 47.4060661], [8.5587099, 47.4060672], [8.5587083, 47.4060684], [8.5587052, 47.406071], [8.5587039, 47.4060723], [8.5587025, 47.4060736], [8.5587013, 47.406075], [8.5587001, 47.4060764], [8.558699, 47.4060778], [8.558698, 47.4060793], [8.558697, 47.4060808], [8.5586962, 47.4060823], [8.5586954, 47.4060838], [8.5586947, 47.4060854], [8.5586941, 47.4060869], [8.5586935, 47.4060885], [8.5586931, 47.4060901], [8.5586927, 47.4060917], [8.5586924, 47.4060933], [8.5586922, 47.4060949], [8.5586921, 47.4060966], [8.5586921, 47.4060982], [8.5586922, 47.4060998], [8.5586923, 47.4061014], [8.5586929, 47.4061046], [8.5587967, 47.406575], [8.5587821, 47.4067151], [8.5587779, 47.4068516], [8.5587721, 47.4070266], [8.5587668, 47.4071849], [8.5587622, 47.4073246], [8.5587594, 47.4074136], [8.5587526, 47.407636], [8.5587465, 47.4078314], [8.5587416, 47.4079898], [8.558738, 47.408108], [8.5587148, 47.4082245], [8.5586497, 47.408261], [8.5586395, 47.4085237], [8.5586057, 47.4085232], [8.5586042, 47.4085646], [8.5585933, 47.4088541], [8.55859, 47.4089394], [8.5585693, 47.4094896], [8.5585679, 47.4095258], [8.5585426, 47.4101949], [8.5585227, 47.4107222], [8.5585163, 47.4108851], [8.5584892, 47.4115933], [8.5584635, 47.4122675], [8.5584791, 47.4123473], [8.5584807, 47.4123554], [8.5584721, 47.4124453], [8.5584465, 47.412712], [8.5584432, 47.4127996], [8.5584223, 47.4130504], [8.5586873, 47.4130527], [8.5588499, 47.413054], [8.5588495, 47.4130904], [8.5586292, 47.4130885], [8.5586724, 47.4131158], [8.5588383, 47.4143696], [8.5588425, 47.4144264], [8.5588991, 47.4144272], [8.5589426, 47.4144552], [8.5590041, 47.4144561], [8.559152, 47.4144594], [8.5592095, 47.414462], [8.5592388, 47.4144633], [8.5593287, 47.4144672], [8.5593585, 47.4144686], [8.559405, 47.4144706], [8.5594473, 47.4144725], [8.5594235, 47.4146517], [8.5594355, 47.4146525], [8.5594594, 47.414654], [8.5595886, 47.4146631], [8.5598462, 47.4146866], [8.5599858, 47.4147023], [8.5602749, 47.4147389], [8.5606889, 47.4148104], [8.5609768, 47.4148722], [8.5611453, 47.4149146], [8.5616502, 47.4150601], [8.5619491, 47.415163], [8.5622433, 47.4152774], [8.5626485, 47.4154463], [8.5627327, 47.4154811], [8.5632219, 47.4156919], [8.5632462, 47.415646], [8.5662293, 47.4163231], [8.5664326, 47.4163521], [8.5667355, 47.4162825], [8.5669354, 47.4162849], [8.5673621, 47.4164901], [8.567572, 47.4166156], [8.5678109, 47.4168429], [8.5678726, 47.4169533], [8.568163, 47.4173806], [8.568314, 47.4177007], [8.5683801, 47.4179956], [8.5684343, 47.4179863], [8.5685939, 47.4183107], [8.5687582, 47.4185526], [8.5690383, 47.418708], [8.5694199, 47.4187455], [8.5696128, 47.418683], [8.5696386, 47.4188872], [8.5693792, 47.4191679], [8.5694551, 47.4192594], [8.5701653, 47.4191993], [8.5702186, 47.4191774], [8.5702332, 47.4192291], [8.5703198, 47.4191985], [8.5704074, 47.4191731], [8.5704975, 47.4191523], [8.5705883, 47.4191364], [8.5717607, 47.4190224], [8.5719961, 47.4189838], [8.5722472, 47.4189244], [8.5723445, 47.4190293], [8.5728512, 47.4192688], [8.5729753, 47.4193815], [8.5731055, 47.4194805], [8.5732597, 47.4196497], [8.5736294, 47.4199682], [8.5736871, 47.4200345], [8.5737954, 47.4177964], [8.5736902, 47.4178009], [8.5736691, 47.4177916], [8.5736553, 47.4176737], [8.5736361, 47.4176367], [8.5735435, 47.4175212], [8.5735337, 47.4174903], [8.5735188, 47.4173597], [8.5734909, 47.4172912], [8.5734466, 47.4172165], [8.5734338, 47.4171063], [8.5734495, 47.4170387], [8.5734992, 47.4168959], [8.5735109, 47.4168278], [8.5735675, 47.4166084], [8.5735875, 47.4164486], [8.5735832, 47.4163614], [8.5735699, 47.4162991], [8.5735493, 47.4161251], [8.5735553, 47.4159849], [8.5735489, 47.4159154], [8.5735726, 47.4157936], [8.5735543, 47.41566], [8.5735686, 47.4156019], [8.5736581, 47.4154614], [8.5736952, 47.4154139], [8.5737413, 47.4152946], [8.573758, 47.4144103], [8.5738597, 47.4144128], [8.5738749, 47.4143767], [8.5738588, 47.414361], [8.5738527, 47.4143404], [8.5738834, 47.4142476], [8.5739052, 47.4140036], [8.5739039, 47.4138833], [8.5738697, 47.4135856], [8.5738448, 47.4135105], [8.573853, 47.4132363], [8.5737142, 47.4130266], [8.5734473, 47.4126986], [8.573326, 47.4125714], [8.5730796, 47.4123666], [8.5727963, 47.4121795], [8.5726207, 47.4120772], [8.5726066, 47.4120486], [8.5725988, 47.4119953], [8.5726152, 47.4119211], [8.5726563, 47.4118277], [8.5727525, 47.4116442], [8.5729514, 47.4114861], [8.5729028, 47.4114452], [8.5725723, 47.4111857], [8.5725581, 47.4111501], [8.5725507, 47.4111284], [8.5725348, 47.4110852], [8.5725262, 47.4110636], [8.5725079, 47.4110206], [8.5724925, 47.4109802], [8.5724604, 47.4108996], [8.5724437, 47.4108593], [8.5724091, 47.410779], [8.5724089, 47.4107778], [8.5724086, 47.4107767], [8.5724082, 47.4107755], [8.5724078, 47.4107744], [8.5724073, 47.4107732], [8.5724068, 47.4107721], [8.5724061, 47.410771], [8.5724055, 47.4107699], [8.5724047, 47.4107689], [8.5724039, 47.4107678], [8.5724031, 47.4107668], [8.5724022, 47.4107658], [8.5724002, 47.4107638], [8.5723992, 47.4107629], [8.5723981, 47.410762], [8.5723969, 47.4107611], [8.5723957, 47.4107603], [8.5723945, 47.4107595], [8.5723932, 47.4107587], [8.5723919, 47.410758], [8.5723905, 47.4107573], [8.5723891, 47.4107566], [8.5723877, 47.410756], [8.5723862, 47.4107554], [8.5723847, 47.4107548], [8.5723816, 47.4107538], [8.5723801, 47.4107532], [8.5723785, 47.4107527], [8.5723769, 47.4107523], [8.5723753, 47.4107519], [8.5723737, 47.4107515], [8.5723721, 47.4107511], [8.5723704, 47.4107508], [8.5723687, 47.4107506], [8.5723671, 47.4107504], [8.5723654, 47.4107502], [8.5723636, 47.41075], [8.5723619, 47.4107499], [8.5723585, 47.4107498], [8.5723568, 47.4107499], [8.5723551, 47.4107499], [8.5723533, 47.41075], [8.5723516, 47.4107502], [8.5723499, 47.4107503], [8.5723482, 47.4107506], [8.5723465, 47.4107508], [8.5723449, 47.4107511], [8.5723432, 47.4107515], [8.5723416, 47.4107519], [8.57234, 47.4107523], [8.5723384, 47.4107528], [8.5723353, 47.4107538], [8.5721235, 47.4105268], [8.5721198, 47.4105229], [8.5721159, 47.4105191], [8.5721118, 47.4105154], [8.5721075, 47.4105118], [8.5721031, 47.4105083], [8.5720935, 47.4105016], [8.5720884, 47.4104984], [8.5720831, 47.4104953], [8.5720776, 47.4104923], [8.572072, 47.4104895], [8.5720662, 47.4104868], [8.5720543, 47.4104819], [8.5720474, 47.4104795], [8.5720404, 47.4104772], [8.5720333, 47.4104751], [8.5720188, 47.4104714], [8.5720113, 47.4104698], [8.5720036, 47.4104683], [8.5719959, 47.4104671], [8.5719803, 47.4104652], [8.5719275, 47.4104589], [8.5714465, 47.4104015], [8.5708837, 47.4103344], [8.570727, 47.4103122], [8.5706773, 47.4103034], [8.5705763, 47.4102835], [8.5704766, 47.4102608], [8.5702817, 47.4102073], [8.5701868, 47.4101766], [8.5700938, 47.4101432], [8.5699141, 47.410069], [8.5698651, 47.4100462], [8.5697698, 47.4099979], [8.5697236, 47.4099725], [8.5696343, 47.4099192], [8.5692072, 47.4100296], [8.5691099, 47.4099534], [8.5689543, 47.4098318], [8.5688435, 47.4097526], [8.568686, 47.4096365], [8.5685789, 47.4095542], [8.5684193, 47.4094297], [8.568349, 47.4093723], [8.5682015, 47.4092514], [8.5679374, 47.4090256], [8.5678637, 47.4089617], [8.5678301, 47.4089793], [8.5675084, 47.4087187], [8.5672288, 47.4084735], [8.5669507, 47.4082241], [8.5669925, 47.4082019], [8.5668761, 47.4081012], [8.5668784, 47.4080886], [8.5667861, 47.4080105], [8.566792, 47.4080051], [8.5665018, 47.4077664], [8.5663284, 47.4076313], [8.5661472, 47.4074998], [8.5660971, 47.4074627], [8.5660518, 47.4074307], [8.5659327, 47.4074079], [8.5659049, 47.4073867], [8.5658763, 47.4074128], [8.5658076, 47.4073776], [8.56588, 47.4073114], [8.5658342, 47.4072801], [8.56574, 47.4072173], [8.5656319, 47.4071451], [8.565592, 47.4071189], [8.5654162, 47.4070076], [8.5652988, 47.4069355], [8.5651899, 47.4068673], [8.5651241, 47.406826], [8.5650252, 47.4067666], [8.5649504, 47.406722], [8.5649451, 47.406726], [8.5648795, 47.4066847], [8.5648605, 47.4066988], [8.56482, 47.4066748], [8.5648388, 47.4066596], [8.5645193, 47.4064703], [8.564505, 47.4064649], [8.5644644, 47.4064497], [8.5643972, 47.4064377], [8.5642915, 47.4063798], [8.5642322, 47.4063103], [8.5640708, 47.406231], [8.5639183, 47.4061538], [8.5637638, 47.4060697], [8.5636916, 47.4060273], [8.5636133, 47.4059839], [8.5635704, 47.405953], [8.563547, 47.4059403], [8.5633754, 47.4058616], [8.5633035, 47.4058252], [8.5631563, 47.4057554], [8.5630825, 47.4057227], [8.562932, 47.4056605], [8.5628269, 47.4056204], [8.562612, 47.4055464], [8.5625809, 47.4055364], [8.5625306, 47.4055205], [8.5623708, 47.4054751], [8.5623209, 47.4054626], [8.5621495, 47.4054196], [8.5620998, 47.4054071], [8.5619307, 47.4053748], [8.5618801, 47.4053643], [8.5618471, 47.4053574], [8.5615536, 47.4052963], [8.5614381, 47.4052725], [8.5612047, 47.4052308], [8.5611468, 47.4052218], [8.5610306, 47.4052051], [8.560971, 47.4051982], [8.5608513, 47.405187], [8.5607625, 47.4051811], [8.5605844, 47.4051754], [8.5604953, 47.4051756], [8.5603172, 47.405182], [8.5602493, 47.4051862], [8.5601137, 47.4051962], [8.5600461, 47.4052021], [8.5599112, 47.4052154], [8.5595594, 47.4052522], [8.5594743, 47.405261], [8.5591707, 47.4052923], [8.558937, 47.4053164], [8.5588845, 47.4053218], [8.5587146, 47.4053393], [8.5585122, 47.4053613]]]]}}, {"type": "Feature", "properties": {"name": "Schwamendingen Mitte"}, "geometry": {"type": "MultiPolygon", "coordinates": [[[[8.5729514, 47.4114861], [8.5730137, 47.4114366], [8.5732591, 47.411361], [8.5841564, 47.4088506], [8.5880712, 47.4079634], [8.5889543, 47.4075614], [8.5881784, 47.4076171], [8.5881715, 47.4076155], [8.5877819, 47.4075276], [8.5872167, 47.4073993], [8.587166, 47.4073884], [8.5870635, 47.4073694], [8.5870118, 47.4073613], [8.5869076, 47.4073478], [8.5868785, 47.4073443], [8.5868208, 47.407335], [8.586814, 47.4073336], [8.5868005, 47.4073308], [8.5867655, 47.407323], [8.5866975, 47.4073041], [8.5866809, 47.4072989], [8.586664, 47.407294], [8.5866468, 47.4072897], [8.5866119, 47.4072822], [8.5865941, 47.4072791], [8.5865762, 47.4072765], [8.5865581, 47.4072743], [8.5865216, 47.4072714], [8.5864805, 47.4072693], [8.5864393, 47.4072683], [8.5863569, 47.4072702], [8.586324, 47.4072721], [8.5862912, 47.4072749], [8.5862586, 47.4072785], [8.586194, 47.4072879], [8.5853855, 47.406985], [8.5853489, 47.4069693], [8.5852728, 47.4069412], [8.5852336, 47.4069289], [8.5851531, 47.4069078], [8.5845708, 47.4067754], [8.5843757, 47.4067352], [8.5842604, 47.4067114], [8.5842613, 47.4067097], [8.5835211, 47.4065418], [8.5829208, 47.4064056], [8.5828039, 47.4063787], [8.5822538, 47.4062537], [8.5821772, 47.4062368], [8.5820228, 47.4062057], [8.581935, 47.4061903], [8.5817584, 47.4061618], [8.5816721, 47.4061832], [8.5810073, 47.4059994], [8.5809475, 47.4059809], [8.5808269, 47.4059452], [8.5806962, 47.4059082], [8.5806269, 47.405889], [8.5804868, 47.4058533], [8.5804568, 47.4058461], [8.5803967, 47.4058319], [8.5803666, 47.4058249], [8.5803064, 47.4058112], [8.5797814, 47.4056918], [8.5794914, 47.4056257], [8.5792277, 47.4055655], [8.5792026, 47.4055598], [8.5789042, 47.4054917], [8.5782117, 47.405335], [8.5781434, 47.4053665], [8.5780915, 47.4053548], [8.5780555, 47.4053184], [8.577787, 47.4052576], [8.5776994, 47.4052381], [8.5775232, 47.4052015], [8.5774471, 47.4051869], [8.5768367, 47.4050417], [8.5766854, 47.4048218], [8.576758, 47.4047912], [8.5767618, 47.4047803], [8.5767686, 47.4047585], [8.5767779, 47.4047201], [8.5767888, 47.4046427], [8.5768208, 47.4042199], [8.5768241, 47.4041461], [8.5768171, 47.4039984], [8.5768068, 47.4039249], [8.5767726, 47.403779], [8.5766503, 47.4033715], [8.5766182, 47.403265], [8.5766166, 47.403261], [8.5766145, 47.4032571], [8.576612, 47.4032532], [8.5766091, 47.4032496], [8.5766058, 47.403246], [8.5766022, 47.4032427], [8.5765982, 47.4032395], [8.5765939, 47.4032365], [8.5765893, 47.4032337], [8.5765844, 47.4032312], [8.5765793, 47.4032289], [8.5765739, 47.4032269], [8.5765683, 47.4032251], [8.5765626, 47.4032236], [8.5767435, 47.4031621], [8.5763963, 47.4027987], [8.5763984, 47.4027689], [8.5762572, 47.4026404], [8.5765737, 47.4023866], [8.576677, 47.4023089], [8.5767917, 47.402238], [8.5768445, 47.4021676], [8.5766471, 47.4018974], [8.576277, 47.4014975], [8.5758857, 47.4010754], [8.5756767, 47.4007701], [8.575416, 47.4003886], [8.5749482, 47.3999475], [8.5748872, 47.399753], [8.5748693, 47.3996578], [8.5745636, 47.3998562], [8.5740902, 47.400162], [8.5735992, 47.4004705], [8.5722334, 47.4011634], [8.5717966, 47.4007927], [8.5718333, 47.400762], [8.5722231, 47.4004225], [8.5725053, 47.400134], [8.5726915, 47.3999056], [8.5728364, 47.399668], [8.5729379, 47.3994187], [8.5731078, 47.3992678], [8.5734177, 47.3989859], [8.5733826, 47.3989584], [8.573602, 47.3983526], [8.5736782, 47.398253], [8.5737796, 47.3981184], [8.5735944, 47.3981325], [8.5736342, 47.3980295], [8.5737042, 47.3979089], [8.5737715, 47.3977958], [8.573822, 47.3977091], [8.5738807, 47.3976018], [8.5739164, 47.3975059], [8.5739905, 47.3973009], [8.5740488, 47.3971767], [8.5740113, 47.3971587], [8.573912, 47.3970586], [8.5737213, 47.3970474], [8.5736665, 47.3970079], [8.5736108, 47.3969936], [8.5735589, 47.3969672], [8.5734859, 47.3969618], [8.5734366, 47.3969283], [8.573362, 47.3969134], [8.5732996, 47.3969018], [8.5732558, 47.3968735], [8.5731569, 47.3968587], [8.5731288, 47.3968068], [8.5730837, 47.3967811], [8.573044, 47.3967553], [8.5730006, 47.3967471], [8.5729665, 47.3967308], [8.5729295, 47.3967094], [8.5728627, 47.3966942], [8.572816, 47.3966954], [8.5727764, 47.3966863], [8.5727236, 47.3966868], [8.5726975, 47.3966744], [8.5726273, 47.3966743], [8.5725804, 47.3966636], [8.5725037, 47.3966445], [8.5724628, 47.3966314], [8.5724093, 47.3966026], [8.5723472, 47.3965723], [8.5722988, 47.3965537], [8.5722283, 47.3965361], [8.5722143, 47.3965117], [8.5721992, 47.3964983], [8.5721384, 47.3964751], [8.5720827, 47.3964566], [8.5720381, 47.3963993], [8.5719989, 47.3963599], [8.571956, 47.3963339], [8.5718798, 47.3962922], [8.5718049, 47.3962453], [8.571723, 47.396194], [8.5716732, 47.396168], [8.5716438, 47.3961383], [8.5716161, 47.3961218], [8.5715654, 47.3961179], [8.5715284, 47.3961182], [8.5714994, 47.3961044], [8.571477, 47.3960817], [8.5714136, 47.3960611], [8.5713886, 47.3960463], [8.5713495, 47.3960087], [8.5712917, 47.3959925], [8.5711975, 47.3959396], [8.5711506, 47.3959128], [8.5711182, 47.3958939], [8.5711057, 47.3958791], [8.571094, 47.3958472], [8.5710794, 47.3958352], [8.5710392, 47.3958149], [8.5710066, 47.3957889], [8.5709861, 47.3957599], [8.5709667, 47.3957287], [8.5709519, 47.3957082], [8.5709436, 47.3956827], [8.5709186, 47.3956501], [8.5708792, 47.3956128], [8.5708487, 47.3955831], [8.5708204, 47.3955499], [8.5707776, 47.3955133], [8.5707363, 47.3954902], [8.5706503, 47.3954334], [8.5705793, 47.3953823], [8.5704863, 47.3953257], [8.5702605, 47.3952328], [8.5702279, 47.3952189], [8.5701124, 47.3951374], [8.5700681, 47.3951063], [8.5704284, 47.3949003], [8.5705027, 47.3948598], [8.5705737, 47.3948017], [8.5706115, 47.3947426], [8.5706675, 47.394626], [8.570753, 47.3943665], [8.5708306, 47.3941419], [8.5709321, 47.3938235], [8.5710321, 47.3935331], [8.5710565, 47.3934595], [8.5710656, 47.3933755], [8.5710418, 47.3932751], [8.5709944, 47.3931853], [8.5709369, 47.39313], [8.5708601, 47.3930846], [8.570753, 47.3930395], [8.5705919, 47.3930061], [8.5704576, 47.3930074], [8.5703066, 47.3930369], [8.5702713, 47.3930065], [8.5700022, 47.3927826], [8.5697331, 47.3925587], [8.5694577, 47.39234], [8.56918, 47.392119], [8.5691213, 47.3920657], [8.5690486, 47.3920119], [8.5690087, 47.3919689], [8.5689238, 47.3918481], [8.5690263, 47.3917786], [8.56901, 47.3917221], [8.5689605, 47.3917006], [8.5687875, 47.3917455], [8.568271, 47.3923644], [8.5668826, 47.3934671], [8.5654679, 47.3945931], [8.5633097, 47.3956292], [8.5630828, 47.3957442], [8.5629244, 47.3959615], [8.5627547, 47.396093], [8.5625438, 47.3962436], [8.562364, 47.3963352], [8.562083, 47.3965746], [8.5617929, 47.3967526], [8.561475, 47.3969486], [8.5613245, 47.3970781], [8.5607642, 47.3976506], [8.5603312, 47.3979856], [8.5598798, 47.3983265], [8.559399, 47.398612], [8.5588467, 47.3987541], [8.5582595, 47.3987858], [8.5579099, 47.3987307], [8.5579314, 47.3987804], [8.5575806, 47.3988807], [8.5574191, 47.3990477], [8.5571652, 47.398729], [8.5555873, 47.3985344], [8.5551922, 47.3985068], [8.5549768, 47.3984904], [8.554632, 47.3984622], [8.5546085, 47.3984606], [8.5545912, 47.3984664], [8.5543007, 47.3985527], [8.5541361, 47.3987089], [8.5540943, 47.3987477], [8.5539449, 47.398881], [8.5539167, 47.3989079], [8.5538835, 47.3989409], [8.5536398, 47.3991701], [8.5535134, 47.3992889], [8.5535637, 47.3993482], [8.5537359, 47.3995511], [8.5539412, 47.3997779], [8.5542633, 47.4000283], [8.5544583, 47.4001541], [8.5545207, 47.4001944], [8.5548188, 47.4003422], [8.5551036, 47.4004829], [8.555223, 47.4005418], [8.5552605, 47.4006103], [8.5553488, 47.4007691], [8.5554298, 47.4009166], [8.5554344, 47.4009287], [8.5555044, 47.4010959], [8.5555255, 47.4011474], [8.5555826, 47.4012486], [8.5556075, 47.4012882], [8.5554167, 47.4013757], [8.5556909, 47.4016501], [8.5557999, 47.4016044], [8.5558184, 47.4016339], [8.5560951, 47.4019808], [8.5562641, 47.402149], [8.5564558, 47.40234], [8.5567512, 47.4025702], [8.5567784, 47.4025914], [8.5568055, 47.4026046], [8.5568608, 47.4026302], [8.556902, 47.4026478], [8.5569863, 47.4026809], [8.5573327, 47.4028112], [8.5573767, 47.4029239], [8.5573652, 47.4029983], [8.5573157, 47.4033112], [8.5572866, 47.4034945], [8.557274, 47.4035323], [8.5572177, 47.4037008], [8.5563216, 47.4034672], [8.5559491, 47.4035331], [8.5558443, 47.4035517], [8.5558692, 47.4035706], [8.5562224, 47.4038387], [8.5562333, 47.4038471], [8.5562794, 47.4038841], [8.5563656, 47.4039615], [8.5563893, 47.4039849], [8.5564344, 47.4040329], [8.5564783, 47.4040845], [8.5565556, 47.4041914], [8.556559, 47.4041967], [8.5566074, 47.404272], [8.5568199, 47.4046028], [8.5569954, 47.404876], [8.5570075, 47.4048949], [8.5570256, 47.4049244], [8.5570453, 47.4049533], [8.5570894, 47.4050097], [8.5570962, 47.4050175], [8.5571102, 47.405033], [8.5571371, 47.405061], [8.5571957, 47.4051148], [8.5574699, 47.4052497], [8.5575882, 47.4052987], [8.5576362, 47.4053142], [8.5576375, 47.4053128], [8.5576614, 47.4053201], [8.5577098, 47.4053337], [8.557757, 47.4053454], [8.5578533, 47.4053646], [8.557896, 47.405372], [8.5579391, 47.4053783], [8.5579825, 47.4053834], [8.5580262, 47.4053873], [8.558114, 47.4053916], [8.55816, 47.405392], [8.558206, 47.4053912], [8.5582519, 47.405389], [8.558343, 47.4053809], [8.55846, 47.4053674], [8.5585122, 47.4053613], [8.5587146, 47.4053393], [8.5588845, 47.4053218], [8.558937, 47.4053164], [8.5591707, 47.4052923], [8.5594743, 47.405261], [8.5595594, 47.4052522], [8.5599112, 47.4052154], [8.5600461, 47.4052021], [8.5601137, 47.4051962], [8.5602493, 47.4051862], [8.5603172, 47.405182], [8.5604953, 47.4051756], [8.5605844, 47.4051754], [8.5607625, 47.4051811], [8.5608513, 47.405187], [8.560971, 47.4051982], [8.5610306, 47.4052051], [8.5611468, 47.4052218], [8.5612047, 47.4052308], [8.5614381, 47.4052725], [8.5615536, 47.4052963], [8.5618471, 47.4053574], [8.5618801, 47.4053643], [8.5619307, 47.4053748], [8.5620998, 47.4054071], [8.5621495, 47.4054196], [8.5623209, 47.4054626], [8.5623708, 47.4054751], [8.5625306, 47.4055205], [8.5625809, 47.4055364], [8.562612, 47.4055464], [8.5628269, 47.4056204], [8.562932, 47.4056605], [8.5630825, 47.4057227], [8.5631563, 47.4057554], [8.5633035, 47.4058252], [8.5633754, 47.4058616], [8.563547, 47.4059403], [8.5635704, 47.405953], [8.5636133, 47.4059839], [8.5636916, 47.4060273], [8.5637638, 47.4060697], [8.5639183, 47.4061538], [8.5640708, 47.406231], [8.5642322, 47.4063103], [8.5642915, 47.4063798], [8.5643972, 47.4064377], [8.5644644, 47.4064497], [8.564505, 47.4064649], [8.5645193, 47.4064703], [8.5648388, 47.4066596], [8.56482, 47.4066748], [8.5648605, 47.4066988], [8.5648795, 47.4066847], [8.5649451, 47.406726], [8.5649504, 47.406722], [8.5650252, 47.4067666], [8.5651241, 47.406826], [8.5651899, 47.4068673], [8.5652988, 47.4069355], [8.5654162, 47.4070076], [8.565592, 47.4071189], [8.5656319, 47.4071451], [8.56574, 47.4072173], [8.5658342, 47.4072801], [8.56588, 47.4073114], [8.5658076, 47.4073776], [8.5658763, 47.4074128], [8.5659049, 47.4073867], [8.5659327, 47.4074079], [8.5660518, 47.4074307], [8.5660971, 47.4074627], [8.5661472, 47.4074998], [8.5663284, 47.4076313], [8.5665018, 47.4077664], [8.566792, 47.4080051], [8.5667861, 47.4080105], [8.5668784, 47.4080886], [8.5668761, 47.4081012], [8.5669925, 47.4082019], [8.5669507, 47.4082241], [8.5672288, 47.4084735], [8.5675084, 47.4087187], [8.5678301, 47.4089793], [8.5678637, 47.4089617], [8.5679374, 47.4090256], [8.5682015, 47.4092514], [8.568349, 47.4093723], [8.5684193, 47.4094297], [8.5685789, 47.4095542], [8.568686, 47.4096365], [8.5688435, 47.4097526], [8.5689543, 47.4098318], [8.5691099, 47.4099534], [8.5692072, 47.4100296], [8.5696343, 47.4099192], [8.5697236, 47.4099725], [8.5697698, 47.4099979], [8.5698651, 47.4100462], [8.5699141, 47.410069], [8.5700938, 47.4101432], [8.5701868, 47.4101766], [8.5702817, 47.4102073], [8.5704766, 47.4102608], [8.5705763, 47.4102835], [8.5706773, 47.4103034], [8.570727, 47.4103122], [8.5708837, 47.4103344], [8.5714465, 47.4104015], [8.5719275, 47.4104589], [8.5719803, 47.4104652], [8.5719959, 47.4104671], [8.5720036, 47.4104683], [8.5720113, 47.4104698], [8.5720188, 47.4104714], [8.5720333, 47.4104751], [8.5720404, 47.4104772], [8.5720474, 47.4104795], [8.5720543, 47.4104819], [8.5720662, 47.4104868], [8.572072, 47.4104895], [8.5720776, 47.4104923], [8.5720831, 47.4104953], [8.5720884, 47.4104984], [8.5720935, 47.4105016], [8.5721031, 47.4105083], [8.5721075, 47.4105118], [8.5721118, 47.4105154], [8.5721159, 47.4105191], [8.5721198, 47.4105229], [8.5721235, 47.4105268], [8.5723353, 47.4107538], [8.5723384, 47.4107528], [8.57234, 47.4107523], [8.5723416, 47.4107519], [8.5723432, 47.4107515], [8.5723449, 47.4107511], [8.5723465, 47.4107508], [8.5723482, 47.4107506], [8.5723499, 47.4107503], [8.5723516, 47.4107502], [8.5723533, 47.41075], [8.5723551, 47.4107499], [8.5723568, 47.4107499], [8.5723585, 47.4107498], [8.5723619, 47.4107499], [8.5723636, 47.41075], [8.5723654, 47.4107502], [8.5723671, 47.4107504], [8.5723687, 47.4107506], [8.5723704, 47.4107508], [8.5723721, 47.4107511], [8.5723737, 47.4107515], [8.5723753, 47.4107519], [8.5723769, 47.4107523], [8.5723785, 47.4107527], [8.5723801, 47.4107532], [8.5723816, 47.4107538], [8.5723847, 47.4107548], [8.5723862, 47.4107554], [8.5723877, 47.410756], [8.5723891, 47.4107566], [8.5723905, 47.4107573], [8.5723919, 47.410758], [8.5723932, 47.4107587], [8.5723945, 47.4107595], [8.5723957, 47.4107603], [8.5723969, 47.4107611], [8.5723981, 47.410762], [8.5723992, 47.4107629], [8.5724002, 47.4107638], [8.5724022, 47.4107658], [8.5724031, 47.4107668], [8.5724039, 47.4107678], [8.5724047, 47.4107689], [8.5724055, 47.4107699], [8.5724061, 47.410771], [8.5724068, 47.4107721], [8.5724073, 47.4107732], [8.5724078, 47.4107744], [8.5724082, 47.4107755], [8.5724086, 47.4107767], [8.5724089, 47.4107778], [8.5724091, 47.410779], [8.5724437, 47.4108593], [8.5724604, 47.4108996], [8.5724925, 47.4109802], [8.5725079, 47.4110206], [8.5725262, 47.4110636], [8.5725348, 47.4110852], [8.5725507, 47.4111284], [8.5725581, 47.4111501], [8.5725723, 47.4111857], [8.5729028, 47.4114452], [8.5729514, 47.4114861]]]]}}]}